date,open,high,low,close,adj_close,volume
19-08-2004,2.490664005,2.591784954,2.390042067,2.49913311,2.484365463,897427216
20-08-2004,2.515820026,2.716816902,2.503118038,2.697638988,2.681698322,458857488
23-08-2004,2.758410931,2.826406002,2.716069937,2.724786997,2.708686113,366857939
24-08-2004,2.770615101,2.77958107,2.579581022,2.611959934,2.596525908,306396159
25-08-2004,2.614201069,2.689918041,2.58730197,2.640104055,2.624503851,184645512
26-08-2004,2.613951921,2.688672066,2.606729031,2.687675953,2.671794653,142572401
27-08-2004,2.692408085,2.705359936,2.632383108,2.643840075,2.628217459,124826132
30-08-2004,2.622170925,2.627402067,2.5407269,2.5407269,2.525713682,104429967
31-08-2004,2.547950029,2.583067894,2.544462919,2.549693108,2.534626961,98825037
01-09-2004,2.557912111,2.564636946,2.482445002,2.496891022,2.482136965,183633734
02-09-2004,2.470489979,2.549693108,2.464262962,2.528273106,2.513333797,303810504
03-09-2004,2.514326096,2.534002066,2.473727942,2.490912914,2.476193905,103538639
07-09-2004,2.515820026,2.540477991,2.480951071,2.530016899,2.515066624,117506800
08-09-2004,2.509094954,2.566132069,2.503118038,2.547950029,2.532893896,100186120
09-09-2004,2.553678036,2.55816102,2.515571117,2.548198938,2.533141613,81620792
10-09-2004,2.530514956,2.654052019,2.523042917,2.623416901,2.607915163,174804764
13-09-2004,2.655795097,2.700129032,2.651561022,2.677464008,2.66164279,157628624
14-09-2004,2.676218987,2.789544106,2.659780025,2.776842117,2.760433674,217608605
15-09-2004,2.753679037,2.845086098,2.744712114,2.789544106,2.77306056,215279909
16-09-2004,2.798012018,2.88418889,2.780827045,2.838609934,2.82183671,186207345
17-09-2004,2.849817991,2.926281929,2.82814908,2.926281929,2.908990622,190350817
20-09-2004,2.912832022,3.0286479,2.908349037,2.972856998,2.955290318,213585582
21-09-2004,2.984065056,2.999258041,2.926779985,2.934998989,2.917656183,145262446
22-09-2004,2.924040079,2.980577946,2.909344912,2.948447943,2.931025505,152344894
23-09-2004,2.959906101,3.054301977,2.9145751,3.009221077,2.991439581,171524515
24-09-2004,3.012208939,3.090914011,2.982820034,2.984563112,2.96692729,183336625
27-09-2004,2.977838039,3.010715008,2.934003115,2.945460081,2.928055286,141994242
28-09-2004,3.0211761,3.173105955,2.994028091,3.159657001,3.140986681,340190355
29-09-2004,3.155672073,3.362895012,3.14396596,3.264763117,3.245471478,613229953
30-09-2004,3.23537302,3.295149088,3.212956905,3.227900982,3.208827257,276468402
01-10-2004,3.257788897,3.343467951,3.210465908,3.30212307,3.282610655,303934969
04-10-2004,3.368623972,3.408972025,3.338237047,3.363890886,3.344013691,261693228
05-10-2004,3.353929043,3.450316906,3.293654919,3.446331978,3.425967693,300887589
06-10-2004,3.425909042,3.448324919,3.387304068,3.414202929,3.394028425,268900140
07-10-2004,3.410218,3.483941078,3.40100193,3.458287001,3.437851906,283643194
08-10-2004,3.455049992,3.478960037,3.412708044,3.430392027,3.410121679,222442656
11-10-2004,3.412209988,3.458537102,3.333754063,3.368872881,3.348965883,210437827
12-10-2004,3.348448992,3.427402973,3.322546005,3.422173023,3.401951551,234419380
13-10-2004,3.569619894,3.575349092,3.488923073,3.509346008,3.488609314,397203256
14-10-2004,3.512085915,3.546207905,3.451065063,3.536742926,3.515844345,209835578
15-10-2004,3.609719992,3.623917103,3.535497904,3.589296103,3.568086863,265150137
18-10-2004,3.566631079,3.71607089,3.517066956,3.715075016,3.693122864,282061287
19-10-2004,3.748450041,3.795773029,3.669994116,3.684689045,3.662915945,363918964
20-10-2004,3.686929941,3.71084094,3.476967096,3.499134064,3.478457689,456613107
21-10-2004,3.596518993,3.739233971,3.5272789,3.720554113,3.698569298,585767401
22-10-2004,4.247579098,4.487430096,4.086681843,4.294652939,4.269275665,1481207196
25-10-2004,4.393531799,4.842598915,4.2976408,4.667504787,4.639924526,1315480331
26-10-2004,4.641104221,4.798016071,4.483195782,4.528028011,4.501271725,895628499
27-10-2004,4.550941944,4.720306873,4.527280807,4.631888866,4.604518414,536262538
28-10-2004,4.649571896,4.841601849,4.622673035,4.814454079,4.786004543,596097978
29-10-2004,4.953681946,4.980082989,4.747206211,4.748202801,4.720145702,849672890
01-11-2004,4.820681095,4.923295975,4.763894081,4.88244915,4.853598595,490828877
02-11-2004,4.950942993,4.962648869,4.815451145,4.853558064,4.824878216,455553149
03-11-2004,4.935998917,5.021179199,4.75094223,4.773856163,4.74564743,557630330
04-11-2004,4.693408012,4.74222517,4.566633224,4.60025692,4.573074341,578544429
05-11-2004,4.532511234,4.540481091,4.198015213,4.217939854,4.193016052,796297573
08-11-2004,4.257293224,4.369622231,4.219184875,4.2976408,4.272245884,449349985
09-11-2004,4.336246967,4.363644123,4.116321087,4.201751232,4.176922798,444226854
10-11-2004,4.250816822,4.296894073,4.14272213,4.180829048,4.156124592,427355853
11-11-2004,4.212460995,4.576595783,4.173605919,4.558413982,4.531478405,601666773
12-11-2004,4.613458157,4.727281094,4.418438911,4.533009052,4.506223202,672354740
15-11-2004,4.494403839,4.690419197,4.452063084,4.604491234,4.577283382,477844390
16-11-2004,4.420928955,4.469995022,4.254802227,4.297391891,4.271998405,839832142
17-11-2004,4.209721088,4.420928955,4.209222794,4.296395779,4.271008015,728034662
18-11-2004,4.241352081,4.344216824,4.127778053,4.172859192,4.148201942,667677273
19-11-2004,4.211712837,4.233631134,4.147453785,4.219184875,4.194253922,352086780
22-11-2004,4.096395969,4.221675873,4.017691135,4.112086773,4.087788105,496582362
23-11-2004,4.183568954,4.254802227,4.146955967,4.172360897,4.147706509,498393124
24-11-2004,4.354178905,4.413705826,4.296645164,4.352684975,4.326964378,613531078
26-11-2004,4.3785882,4.483942986,4.366632938,4.468002796,4.441601753,260175560
29-11-2004,4.492162228,4.556670189,4.421177864,4.509347916,4.482702732,428263241
30-11-2004,4.500879765,4.557916164,4.489422798,4.532511234,4.505728722,309154460
01-12-2004,4.53176403,4.545462132,4.471988201,4.482200146,4.455714226,315743063
02-12-2004,4.480704784,4.520804882,4.447081089,4.468252182,4.441849232,251374696
03-12-2004,4.481951237,4.509596825,4.423419952,4.493158817,4.466608047,235647968
06-12-2004,4.461526871,4.500630856,4.384067059,4.390791893,4.364846706,251097661
07-12-2004,4.383568764,4.388551235,4.247828007,4.269745827,4.244515419,275866153
08-12-2004,4.242846966,4.325786114,4.202497959,4.233631134,4.208614349,302802741
09-12-2004,4.240355968,4.321302891,4.196022034,4.319559097,4.294034481,307307563
10-12-2004,4.319559097,4.35567379,4.266259193,4.275225163,4.249962807,173335277
13-12-2004,4.288177013,4.313333035,4.220430851,4.245337009,4.220251083,193466452
14-12-2004,4.259036064,4.453805923,4.22416687,4.450568199,4.424270153,445198482
15-12-2004,4.433134079,4.500380993,4.400008202,4.477715969,4.451257229,460559845
16-12-2004,4.407230854,4.495399952,4.382324219,4.395275116,4.369303703,344197318
17-12-2004,4.402497768,4.495648861,4.397267818,4.485188007,4.458684444,296555412
20-12-2004,4.533009052,4.69390583,4.529770851,4.608226776,4.58099699,394854485
21-12-2004,4.640357018,4.679460049,4.567877769,4.576595783,4.549552441,221479058
22-12-2004,4.580331802,4.65380621,4.558165073,4.640108109,4.612689972,156865776
23-12-2004,4.668749809,4.697392941,4.63263607,4.679957867,4.652303696,145125936
27-12-2004,4.711091995,4.814454079,4.70984602,4.779833794,4.751590252,245079187
28-12-2004,4.784814835,4.820681095,4.757418156,4.801004887,4.77263546,166453579
29-12-2004,4.776596069,4.819933891,4.776596069,4.804491997,4.776102066,107525527
30-12-2004,4.806234837,4.937243938,4.778339863,4.921553135,4.892472267,237057231
31-12-2004,4.962151051,4.978340149,4.796022892,4.80175209,4.773377895,307889737
03-01-2005,4.91657114,5.071989059,4.868253231,5.048826218,5.018992424,636143518
04-01-2005,5.016198158,5.054305077,4.818936825,4.844342232,4.815716267,552298420
05-01-2005,4.818190098,4.904118061,4.787804127,4.819684982,4.791205406,330698912
06-01-2005,4.858788013,4.879211903,4.675475121,4.696147919,4.66839838,417041336
07-01-2005,4.748202801,4.838116169,4.701876163,4.828153133,4.799623966,387964757
10-01-2005,4.844342232,4.934006214,4.777841091,4.858290195,4.829582214,302714411
11-01-2005,4.872238159,4.924293041,4.811464787,4.820432186,4.791947842,279391317
12-01-2005,4.840107918,4.879959106,4.744716167,4.866260052,4.837505341,328338096
13-01-2005,4.866260052,4.916322231,4.833134174,4.86501503,4.836267471,275002929
14-01-2005,4.881701946,4.981577873,4.835126877,4.980582237,4.951151371,387057368
18-01-2005,5.005487919,5.106359959,4.947954178,5.078464985,5.048456192,528878966
19-01-2005,5.097145081,5.113334179,4.899385929,4.914081097,4.885044098,451995865
20-01-2005,4.794528961,4.887928963,4.782075882,4.829895973,4.801356316,361413608
21-01-2005,4.845337868,4.865762234,4.685438156,4.689423084,4.6617136,371724110
24-01-2005,4.699635029,4.715575218,4.491166115,4.50112915,4.474531174,563010421
25-01-2005,4.531515121,4.53898716,4.390791893,4.411465168,4.385397434,427966132
26-01-2005,4.465013981,4.717566967,4.462025166,4.71333313,4.685482025,494161321
27-01-2005,4.701377869,4.703868866,4.612709999,4.684442043,4.656761646,266089645
28-01-2005,4.732759953,4.849324226,4.641104221,4.740730762,4.71271801,490158373
31-01-2005,4.824168205,4.890668869,4.775102139,4.872238159,4.843447685,385306832
01-02-2005,4.84135294,4.898140907,4.747953892,4.779584885,4.751342297,756384528
02-02-2005,5.368627071,5.399759769,5.072486877,5.129772186,5.099460125,1316889593
03-02-2005,5.130519867,5.314331055,5.126036167,5.251814842,5.220781326,521471303
04-02-2005,5.142475128,5.17435503,5.046085835,5.089921951,5.059845448,594993855
07-02-2005,5.112338066,5.140730858,4.869497776,4.88244915,4.853598595,520359150
08-02-2005,4.905612946,4.981826782,4.845088959,4.947455883,4.918221474,460921194
09-02-2005,5.000257969,5.021179199,4.718812943,4.771615028,4.743418694,689434520
10-02-2005,4.781328201,4.787305832,4.613955975,4.681951046,4.654284954,762154073
11-02-2005,4.649074078,4.790046215,4.63437891,4.667504787,4.639924526,526606480
14-02-2005,4.554180145,4.80897522,4.508102894,4.806733131,4.778330326,1548269624
15-02-2005,4.821926117,4.977344036,4.80897522,4.862524033,4.833790779,1035177611
16-02-2005,4.849324226,4.964641094,4.839361191,4.941727161,4.912526608,663770685
17-02-2005,4.927280903,4.975101948,4.901876926,4.929025173,4.899899483,418137429
18-02-2005,4.944218159,4.952436924,4.898140907,4.930270195,4.901137352,340708289
22-02-2005,4.894155979,4.953930855,4.741975784,4.766384125,4.738219738,541369609
23-02-2005,4.814454079,4.843843937,4.698886871,4.830644131,4.802100182,625776806
24-02-2005,4.567131042,4.728526115,4.538737774,4.70461607,4.676816463,1036442333
25-02-2005,4.711091995,4.730269909,4.620430946,4.629397869,4.602042198,400435325
28-02-2005,4.63263607,4.729023933,4.628900051,4.682199955,4.654532909,313908211
01-03-2005,4.714579105,4.726036072,4.533009052,4.634130001,4.606746674,373844027
02-03-2005,4.631390095,4.674230099,4.591788769,4.612212181,4.584958076,292512314
03-03-2005,4.635873795,4.676221848,4.590544224,4.657791138,4.630268574,305484756
04-03-2005,4.65007019,4.663768768,4.609473228,4.630145073,4.60278511,271979640
07-03-2005,4.676970005,4.722300053,4.658289909,4.70262289,4.674834728,347995502
08-03-2005,4.70984602,4.728526115,4.606982231,4.612709999,4.585453033,323050350
09-03-2005,4.588053226,4.599011898,4.487181187,4.516819954,4.490129948,456119263
10-03-2005,4.508351803,4.513083935,4.418438911,4.482697964,4.45620966,440063306
11-03-2005,4.49415493,4.506856918,4.412211895,4.428400993,4.402233124,322335682
14-03-2005,4.44160223,4.44334507,4.298140049,4.358414173,4.332660675,447535208
15-03-2005,4.36613512,4.483195782,4.33898592,4.448575974,4.422289371,418446584
16-03-2005,4.401003838,4.448575974,4.358911991,4.373607159,4.347763062,285317446
17-03-2005,4.411714077,4.474228859,4.3785882,4.465511799,4.439124584,331662510
18-03-2005,4.453557014,4.493158817,4.441103935,4.484191895,4.457695007,284663002
21-03-2005,4.465013981,4.537242889,4.414702892,4.505114079,4.478493214,300470030
22-03-2005,4.512586117,4.531515121,4.429646969,4.448327065,4.422041893,226112360
23-03-2005,4.43263483,4.489172935,4.43263483,4.457790852,4.431449413,194526410
24-03-2005,4.500630856,4.504615784,4.463271141,4.464516163,4.43813467,148763520
28-03-2005,4.525039196,4.602747917,4.506856918,4.518562794,4.491862297,350830087
29-03-2005,4.509347916,4.564889908,4.435125828,4.472486019,4.446057796,259890496
30-03-2005,4.499135971,4.519310951,4.473233223,4.494403839,4.467845917,250378977
31-03-2005,4.432137012,4.517816067,4.424416065,4.49589777,4.469331741,271758815
01-04-2005,4.527031898,4.556670189,4.482946873,4.484191895,4.457695007,248206866
04-04-2005,4.481951237,4.615698814,4.479210854,4.614952087,4.587682724,324266893
05-04-2005,4.67572403,4.73873806,4.671739101,4.696646214,4.668893814,350777892
06-04-2005,4.71333313,4.723545074,4.67198801,4.712834835,4.684986115,210891521
07-04-2005,4.701876163,4.847331047,4.698389053,4.825911045,4.797394753,389141150
08-04-2005,4.824168205,4.859285831,4.768376827,4.783320904,4.755055904,205431131
11-04-2005,4.809224129,4.851813793,4.790046215,4.812710762,4.784272194,217231195
12-04-2005,4.80698204,4.842350006,4.717566967,4.83089304,4.802346706,293881426
13-04-2005,4.818687916,4.839859009,4.725537777,4.805239201,4.776844978,263214910
14-04-2005,4.813706875,4.840855122,4.734753132,4.768376827,4.740200043,247030473
15-04-2005,4.734753132,4.740730762,4.599260807,4.607728958,4.580502033,464831797
18-04-2005,4.597268105,4.679460049,4.570119858,4.656795025,4.629277706,262994085
19-04-2005,4.715575218,4.782075882,4.683196068,4.767131805,4.738963127,338463908
20-04-2005,4.945960999,4.993782043,4.879460812,4.934006214,4.904850483,620376641
21-04-2005,4.991789818,5.105862141,4.964392185,5.086434841,5.056379318,712737539
22-04-2005,5.551691055,5.579088211,5.33649683,5.375102997,5.343341351,1333182435
25-04-2005,5.425165176,5.597518921,5.417693138,5.567381859,5.53448391,796574608
26-04-2005,5.484941006,5.52927494,5.436871052,5.448328018,5.416133404,693469588
27-04-2005,5.429399014,5.500631809,5.398265839,5.473981857,5.441635609,412131000
28-04-2005,5.467008114,5.531267166,5.422424793,5.465763092,5.433466434,348613811
29-04-2005,5.527032852,5.535501957,5.425165176,5.479462147,5.447083473,368182886
02-05-2005,5.530519962,5.571616173,5.484692097,5.53649807,5.503782272,392160425
03-05-2005,5.525538921,5.682450771,5.512338161,5.63363409,5.600345135,713873782
04-05-2005,5.659536839,5.725539207,5.653808117,5.691167831,5.657538891,485151677
05-05-2005,5.694157124,5.694157124,5.625913143,5.653309822,5.619904518,301509913
06-05-2005,5.688676834,5.709847927,5.640607834,5.679213047,5.645654202,271570110
09-05-2005,5.678715229,5.691167831,5.614705086,5.629399776,5.596135616,222302131
10-05-2005,5.615701199,5.673733234,5.597021103,5.673733234,5.640206814,254783425
11-05-2005,5.702874184,5.777842999,5.676970959,5.760657787,5.726617813,460873014
12-05-2005,5.748702049,5.784070015,5.683695793,5.696648121,5.662986755,359269602
13-05-2005,5.708105087,5.755675793,5.661777973,5.709599018,5.675861359,297731805
16-05-2005,5.720558167,5.768877029,5.692912102,5.754680157,5.720675468,228107811
17-05-2005,5.742475986,5.814455986,5.733509064,5.80648613,5.772175789,313526787
18-05-2005,5.818440914,5.976847172,5.816198826,5.956673145,5.921474934,494325936
19-05-2005,5.986063004,6.006734848,5.934505939,5.957170963,5.921969414,390116793
20-05-2005,6.007731915,6.019188881,5.968876839,6.017693996,5.982134819,327763952
23-05-2005,6.056300163,6.428404808,6.045092106,6.362401962,6.32480669,858738744
24-05-2005,6.400011063,6.611219883,6.31383419,6.376101017,6.338424683,1166078427
25-05-2005,6.2946558,6.500135899,6.242352009,6.495902061,6.457517147,725023418
26-05-2005,6.499638081,6.569375992,6.433385849,6.455801964,6.417654514,543895039
27-05-2005,6.487184048,6.626412868,6.457046986,6.625166893,6.586018562,489190760
31-05-2005,6.710597038,6.934010029,6.709103107,6.905865192,6.865058422,892805959
01-06-2005,7.053562164,7.294907093,7.024171829,7.173112869,7.130726814,1412944285
02-06-2005,7.191295147,7.217446804,7.088430882,7.170622826,7.128251076,721658854
03-06-2005,7.142975807,7.20549202,6.909351826,6.980336189,6.939088821,754108027
06-06-2005,7.033387184,7.316327095,7.01943922,7.246338844,7.203520298,904413304
07-06-2005,7.399764061,7.461781025,7.230399132,7.300634861,7.257495403,976566743
08-06-2005,7.29391098,7.302379131,6.924046993,6.962901115,6.921757221,1031889331
09-06-2005,7.091420174,7.185566902,6.987808228,7.131021023,7.0888834,660109011
10-06-2005,7.147957802,7.155180931,6.974358082,7.03612709,6.994551182,509767599
13-06-2005,6.969377041,7.078218937,6.887185097,7.042354107,7.000741005,514047581
14-06-2005,6.938742161,7.004744053,6.917819977,6.932764053,6.891798019,405189077
15-06-2005,6.849327087,6.906611919,6.660783768,6.844346046,6.803903103,838454999
16-06-2005,6.830895901,6.931519032,6.801257133,6.91009903,6.869266987,500364485
17-06-2005,6.948954105,6.981331825,6.871743202,6.981331825,6.940079212,418940428
20-06-2005,6.876474857,7.164894104,6.76788187,7.140735149,7.098540306,844140229
21-06-2005,7.17485714,7.230399132,7.097646236,7.169127941,7.126765251,607560783
22-06-2005,7.214707851,7.28071022,7.189801216,7.20549202,7.162914276,420530365
23-06-2005,7.173112869,7.342728138,7.135753155,7.215703964,7.173066616,564363474
24-06-2005,7.245343208,7.422180176,7.212465763,7.40350008,7.359752655,713512433
27-06-2005,7.444595814,7.583325863,7.319066048,7.574110031,7.529354095,714785186
28-06-2005,7.628407001,7.70238018,7.521805763,7.521805763,7.477359295,764314139
29-06-2005,7.534259796,7.581083775,7.276475906,7.290672779,7.247592449,734691521
30-06-2005,7.331021786,7.445343018,7.248829842,7.326289177,7.282998085,606039101
01-07-2005,7.348455906,7.378344059,7.203499794,7.254059792,7.211195469,370487492
05-07-2005,7.275230885,7.371868134,7.228654861,7.365143776,7.321622372,300883574
06-07-2005,7.404745102,7.41221714,7.257297993,7.260785103,7.217880726,321211484
07-07-2005,7.207734108,7.367384911,7.185815811,7.360909939,7.317413807,428484066
08-07-2005,7.378592968,7.409727097,7.323799133,7.37809515,7.334497929,299422117
11-07-2005,7.382328987,7.387310982,7.24833107,7.306364059,7.263190269,336869956
12-07-2005,7.307360172,7.332516193,7.246089935,7.267261028,7.224318504,235475323
13-07-2005,7.285441875,7.453063965,7.275230885,7.443600178,7.399616241,459230882
14-07-2005,7.604994774,7.640112877,7.473736763,7.494160175,7.449876785,428307406
15-07-2005,7.502877235,7.556675911,7.466514111,7.501632214,7.457305431,338801168
18-07-2005,7.47199297,7.519316196,7.415953159,7.460536003,7.416451454,249242734
19-07-2005,7.524297237,7.729776859,7.516825199,7.718568802,7.672959805,506748324
20-07-2005,7.610723019,7.786066055,7.516825199,7.77087307,7.724954605,574561556
21-07-2005,7.821930885,7.915330887,7.751196861,7.819191933,7.772988319,794543021
22-07-2005,7.630648136,7.70238018,7.380586147,7.531768799,7.487263203,938978379
25-07-2005,7.53151989,7.553936005,7.346464157,7.368630886,7.325089455,387800142
26-07-2005,7.347709179,7.422180176,7.274981976,7.37460804,7.331031799,394147846
27-07-2005,7.415703773,7.427907944,7.282702923,7.395530224,7.351830006,289798178
28-07-2005,7.407485008,7.407485008,7.304619789,7.310100079,7.266904354,237912424
29-07-2005,7.276226997,7.293662071,7.147957802,7.167136192,7.124785423,335785908
01-08-2005,7.176102161,7.285192966,7.175603867,7.263026237,7.220108986,227344963
02-08-2005,7.262776852,7.460038185,7.250822067,7.451818943,7.407785416,292701018
03-08-2005,7.422180176,7.465019226,7.36240387,7.404745102,7.360990524,238113174
04-08-2005,7.361158848,7.447085857,7.35368681,7.415454865,7.371636868,210245108
05-08-2005,7.409727097,7.434882164,7.255554199,7.281456947,7.238430023,238478538
08-08-2005,7.312591076,7.363648891,7.235130787,7.254059792,7.211195469,179943955
09-08-2005,7.271743774,7.289677143,7.185815811,7.262030125,7.219118595,232038489
10-08-2005,7.255304813,7.280959129,7.095405102,7.115330219,7.073285103,276191367
11-08-2005,7.120560169,7.137745857,6.989302158,7.074731827,7.032927036,301722708
12-08-2005,7.057547092,7.227908134,7.014707088,7.215952873,7.173313618,264423423
15-08-2005,7.217945099,7.291917801,7.067758083,7.073486805,7.031689644,328213631
16-08-2005,7.095405102,7.167882919,7.057047844,7.114583015,7.072542667,285433881
17-08-2005,7.111095905,7.137496948,7.073486805,7.100883961,7.058924675,155914222
18-08-2005,6.871992111,6.98631382,6.849327087,6.973610878,6.932403088,476692087
19-08-2005,6.99851799,7.009974957,6.964396,6.973859787,6.93265152,222547046
22-08-2005,7.004744053,7.010472775,6.808230877,6.824668884,6.784341812,273541472
23-08-2005,6.878219128,6.967384815,6.827408791,6.963398933,6.922252178,233740846
24-08-2005,6.913337231,7.092166901,6.88544178,7.03786993,6.996282578,345012362
25-08-2005,7.037372112,7.073486805,6.97311306,7.038368225,6.996778011,175720183
26-08-2005,7.060534954,7.098892212,7.040112019,7.063025951,7.021290779,150775031
29-08-2005,7.029651165,7.201008797,7.029651165,7.184320927,7.141868591,237005036
30-08-2005,7.157919884,7.21072197,7.120310783,7.154932022,7.112653732,192398464
31-08-2005,7.178842068,7.185566902,7.082452774,7.123300076,7.081208229,202114747
01-09-2005,7.121058941,7.16065979,7.098392963,7.129527092,7.087398529,110095123
02-09-2005,7.136003017,7.222678185,7.134259224,7.184320927,7.141868591,137894934
06-09-2005,7.198019981,7.207734108,7.143225193,7.15094614,7.108691692,169123549
07-09-2005,7.120560169,7.359912872,7.105367184,7.344222069,7.300824642,301104399
08-09-2005,7.343225956,7.454060078,7.306612968,7.35717392,7.313699722,265523531
09-09-2005,7.404246807,7.449576855,7.386313915,7.449327946,7.4053092,176278267
12-09-2005,7.515580177,7.756426811,7.496900082,7.714583874,7.668998241,417017246
13-09-2005,7.696153164,7.858792782,7.625667095,7.762903214,7.717031956,413540262
14-09-2005,7.689427853,7.802752972,7.479465008,7.546712875,7.502119064,452722579
15-09-2005,7.460038185,7.640112877,7.419938087,7.537249088,7.492711067,620966845
16-09-2005,7.572117805,7.584073067,7.468754768,7.47697401,7.432792664,304328438
19-09-2005,7.496900082,7.621432781,7.489676952,7.566389084,7.521679401,231339881
20-09-2005,7.6251688,7.753437996,7.602254868,7.669004917,7.623688698,375441994
21-09-2005,7.681457996,7.814709187,7.620437145,7.768382072,7.72247839,406305245
22-09-2005,7.758419991,7.950698853,7.725294113,7.755181789,7.709356308,522206047
23-09-2005,7.795780182,7.900636196,7.785568237,7.854558945,7.808146,340623975
26-09-2005,7.957673073,7.993786812,7.784821033,7.827660084,7.781406403,397259466
27-09-2005,7.844347,7.930523872,7.805243969,7.819191933,7.772988319,275954483
28-09-2005,7.826166153,7.848083019,7.611470222,7.621432781,7.576397419,321095049
29-09-2005,7.638370037,7.738992214,7.623425961,7.711595058,7.666027069,225393676
30-09-2005,7.826166153,7.907858849,7.778096199,7.8819561,7.835381508,367424053
03-10-2005,7.811470985,7.972866058,7.790548801,7.937249184,7.890347481,367785402
04-10-2005,7.96888113,8.002006531,7.739490032,7.745965958,7.700195313,367143003
05-10-2005,7.788057804,7.843101978,7.671246052,7.738742828,7.693014622,334384676
06-10-2005,7.824172974,7.832641125,7.723300934,7.789553165,7.743524551,320950509
07-10-2005,7.840362072,7.887187004,7.734508991,7.795529842,7.749466419,271827070
10-10-2005,7.803501129,7.841110229,7.699889183,7.737248898,7.691529274,223723439
11-10-2005,7.736252785,7.787062168,7.593039036,7.623923779,7.578873634,342984790
12-10-2005,7.601508141,7.651072025,7.447085857,7.496152878,7.451858521,373643277
13-10-2005,7.521805763,7.521805763,7.239862919,7.408232212,7.36445713,424292413
14-10-2005,7.469501972,7.477722168,7.286190033,7.375853062,7.332268715,342041267
17-10-2005,7.409727097,7.601508141,7.336501122,7.596526146,7.551638126,303802474
18-10-2005,7.595530033,7.670249939,7.54023695,7.553687096,7.5090518,284173173
19-10-2005,7.571619987,7.717822075,7.570622921,7.688681126,7.643248558,281479113
20-10-2005,7.72081089,7.749204159,7.502130032,7.551693916,7.507071018,558553779
21-10-2005,8.612716675,8.628409386,8.293911934,8.46576786,8.415743828,919128253
24-10-2005,8.552193642,8.69989109,8.52280426,8.683700562,8.632388115,378682093
25-10-2005,8.612218857,8.652567863,8.539491653,8.640363693,8.589307785,276163262
26-10-2005,8.62467289,8.866765022,8.622430801,8.852816582,8.800504684,357635500
27-10-2005,8.881709099,8.893913269,8.759167671,8.793540001,8.741579056,206145800
28-10-2005,8.848583221,8.940239906,8.842356682,8.920812607,8.868099213,237025111
31-10-2005,8.972369194,9.33376503,8.954188347,9.26875782,9.213988304,575866428
01-11-2005,9.261784554,9.561660767,9.190800667,9.449083328,9.393248558,656696267
02-11-2005,9.506866455,9.589057922,9.394039154,9.456555367,9.400675774,424200069
03-11-2005,9.524550438,9.628410339,9.498895645,9.612718582,9.555916786,299052737
04-11-2005,9.713092804,9.758173943,9.600266457,9.724301338,9.6668396,354319116
07-11-2005,9.840615273,9.899643898,9.767140388,9.838871002,9.780733109,385098052
08-11-2005,9.819443703,9.852819443,9.67822361,9.711099625,9.653716087,317084071
09-11-2005,9.630652428,9.671001434,9.415458679,9.443353653,9.387553215,420245300
10-11-2005,9.423678398,9.747215271,9.400514603,9.740987778,9.683427811,366516664
11-11-2005,9.841113091,9.885446548,9.684947968,9.723553658,9.666096687,283615089
14-11-2005,9.766392708,9.918324471,9.75169754,9.887189865,9.828765869,313486637
15-11-2005,9.822682381,9.887937546,9.737252235,9.783329964,9.725521088,346289130
16-11-2005,9.868012428,9.934015274,9.815957069,9.9165802,9.857981682,349111670
17-11-2005,10.0074892,10.05755234,9.950950623,10.04858494,9.989207268,369869183
18-11-2005,10.04958153,10.0747366,9.958922386,9.967887878,9.908987045,282077347
21-11-2005,9.94198513,10.21122646,9.800515175,10.19578362,10.13553619,414953540
22-11-2005,10.17809963,10.39379215,10.11782646,10.37287045,10.31157684,385278727
23-11-2005,10.38706684,10.57835007,10.35568428,10.53202343,10.46978951,404912042
25-11-2005,10.60475063,10.67872429,10.59279633,10.67548561,10.61240482,194329675
28-11-2005,10.70537376,10.74074078,10.52156258,10.54746628,10.4851408,441986487
29-11-2005,10.57187366,10.62019253,10.01595783,10.05082703,9.991436958,863054861
30-11-2005,10.06875992,10.17311859,9.852071762,10.08494854,10.02535629,626202395
01-12-2005,10.19179916,10.34721565,10.16913414,10.31359196,10.2526474,391257051
02-12-2005,10.38457584,10.44908428,10.30786419,10.40350533,10.34202957,302870996
05-12-2005,10.38607025,10.39852428,10.06925774,10.10836124,10.04862976,413118688
06-12-2005,10.17934513,10.37137604,10.00499916,10.07573414,10.01619625,607279734
07-12-2005,10.11608219,10.12953186,9.937999725,10.06776428,10.00827312,468385066
08-12-2005,10.09466267,10.2279129,10.02841091,10.2279129,10.1674757,357735875
09-12-2005,10.33625698,10.35568428,10.17585754,10.19179916,10.13157463,306881974
12-12-2005,10.32704163,10.34148788,10.21047878,10.27672958,10.21600437,279046027
13-12-2005,10.27399063,10.41097736,10.25257111,10.39827538,10.33683205,327775997
14-12-2005,10.38706684,10.45406628,10.34846115,10.43488693,10.37322712,266210095
15-12-2005,10.43862343,10.5389967,10.37361717,10.52430153,10.46211338,242738446
16-12-2005,10.59379196,10.77212334,10.52928352,10.71359253,10.65028572,655668429
19-12-2005,10.7646513,11.11359406,10.46352959,10.57536125,10.51287079,880760980
20-12-2005,10.65655708,10.7646513,10.57710361,10.70338058,10.64013481,404899997
21-12-2005,10.79827499,10.88071632,10.47847366,10.61844921,10.55570507,450558497
22-12-2005,10.75394154,10.78108978,10.60848713,10.76066589,10.69708157,302995460
23-12-2005,10.7634058,10.77212334,10.67947102,10.73301983,10.66959763,184492943
27-12-2005,10.75618267,10.75618267,10.52953339,10.57635689,10.51386166,269116950
28-12-2005,10.56888485,10.6545639,10.49217319,10.62741566,10.56461716,285783185
29-12-2005,10.65954494,10.67822456,10.44011784,10.46452618,10.40269089,278873383
30-12-2005,10.39279461,10.41620731,10.30487537,10.33277035,10.27171326,304621533
03-01-2006,10.5235548,10.85107708,10.41645718,10.84011936,10.77606487,526815259
04-01-2006,11.05605888,11.18208694,10.9526968,11.08943367,11.02390671,613747887
05-01-2006,11.10836315,11.24659538,10.99628258,11.23887444,11.17246342,433952486
06-01-2006,11.37909794,11.71857643,11.28868675,11.59802818,11.52949524,712938289
09-01-2006,11.6167078,11.79080486,11.4804678,11.62891197,11.56019688,513593887
10-01-2006,11.56714439,11.71234894,11.50786591,11.70014477,11.6310091,365247927
11-01-2006,11.73775387,11.83339596,11.68569946,11.74672031,11.67730904,361646478
12-01-2006,11.79877472,11.83040714,11.49441624,11.54746723,11.47923183,406530084
13-01-2006,11.56440353,11.62866306,11.49715614,11.61272335,11.54410362,307411953
17-01-2006,11.53326988,11.70363235,11.52007008,11.63414192,11.56539536,332051965
18-01-2006,11.1407423,11.39130306,11.03987026,11.0812149,11.01573658,822499417
19-01-2006,11.23713017,11.29491425,10.78457737,10.87050533,10.8062706,583671575
20-01-2006,10.92654514,10.95967007,9.831648827,9.94920826,9.890417099,1650832619
23-01-2006,10.14646912,10.66975689,10.10537338,10.64758968,10.58467197,913065614
24-01-2006,10.86004353,11.08221054,10.82143879,11.03439045,10.96918678,620902605
25-01-2006,11.23937225,11.31334496,10.69042969,10.78457737,10.72084999,752401655
26-01-2006,10.9474659,10.95867443,10.54945755,10.81620789,10.75229549,518982008
27-01-2006,10.83438969,10.91458893,10.68445206,10.79678059,10.73298264,339355237
30-01-2006,10.6906786,10.79155064,10.58532429,10.63065434,10.56783676,344843732
31-01-2006,10.72405434,10.94896126,10.55967045,10.77610779,10.71243191,885948351
01-02-2006,9.689432144,10.0124712,9.651823044,10.00699139,9.947859764,1088966472
02-02-2006,10.05780125,10.12455082,9.862532616,9.864027023,9.805740356,474078326
03-02-2006,9.803752899,9.810727119,9.279467583,9.503129959,9.446976662,734012987
06-02-2006,9.59677887,9.711099625,9.453565598,9.59154892,9.534872055,358956433
07-02-2006,9.538995743,9.556678772,9.049828529,9.16365242,9.109503746,667701363
08-02-2006,9.177599907,9.232644081,8.833639145,9.192543983,9.138224602,835283155
09-02-2006,9.245346069,9.325046539,8.869504929,8.935756683,8.882954597,478282024
10-02-2006,9.014960289,9.078472137,8.795532227,9.03139782,8.978032112,611222457
13-02-2006,8.633639336,8.732269287,8.515332222,8.610226631,8.559348106,791668286
14-02-2006,8.601011276,8.759417534,8.528035164,8.550949097,8.500421524,588357072
15-02-2006,8.499890327,8.617698669,8.414211273,8.527537346,8.47714901,519821141
16-02-2006,8.609479904,9.140737534,8.580089569,9.127288818,9.073355675,855815829
17-02-2006,9.211971283,9.26875782,9.056553841,9.184325218,9.130055428,574955025
21-02-2006,9.126791,9.303627968,9.093665123,9.130526543,9.076575279,348742290
22-02-2006,9.14447403,9.189306259,9.062531471,9.103129387,9.049337387,260018976
23-02-2006,9.106118202,9.495409012,9.100639343,9.416455269,9.360813141,503945859
24-02-2006,9.397276878,9.466267586,9.302382469,9.399766922,9.344223976,260344190
27-02-2006,9.496155739,9.755931854,9.471497536,9.72305584,9.66560173,410019113
28-02-2006,9.793292046,9.901387215,8.431147575,9.031646729,8.978277206,1583416872
01-03-2006,9.179593086,9.201760292,8.99876976,9.085944176,9.032255173,484256334
02-03-2006,9.072992325,9.491922379,9.021185875,9.376106262,9.320703506,735960259
03-03-2006,9.571622849,9.644848824,9.358920097,9.419195175,9.363536835,480273461
06-03-2006,9.487190247,9.549206734,9.144225121,9.168135643,9.113960266,358928328
07-03-2006,9.091423035,9.17685318,8.920313835,9.077225685,9.023588181,416708092
08-03-2006,8.815208435,8.967139244,8.730774879,8.813962936,8.761880875,471585016
09-03-2006,8.851572037,8.929779053,8.505619049,8.54297924,8.492497444,558501584
10-03-2006,8.55543232,8.580339432,8.257798195,8.405991554,8.356319427,775921484
13-03-2006,8.4914217,8.620188713,8.354933739,8.395032883,8.345425606,547741403
14-03-2006,8.397026062,8.776353836,8.28444767,8.746216774,8.694536209,740794310
15-03-2006,8.736502647,8.774611473,8.481458664,8.580339432,8.529637337,512666424
16-03-2006,8.682704926,8.686191559,8.41595459,8.437623978,8.387766838,402169802
17-03-2006,8.438370705,8.512593269,8.341981888,8.463027954,8.41301918,343350155
20-03-2006,8.526539803,8.719567299,8.506614685,8.672244072,8.62100029,417864410
21-03-2006,8.71757412,8.758669853,8.445344925,8.466265678,8.416237831,394717975
22-03-2006,8.462032318,8.570376396,8.405991554,8.473737717,8.423666954,304978867
23-03-2006,8.526788712,8.61147213,8.473239899,8.515332222,8.465014458,298502683
24-03-2006,9.18108654,9.217700005,9.028906822,9.110850334,9.057014465,609500025
27-03-2006,9.142979622,9.258049011,9.090925217,9.207736969,9.153327942,282001062
28-03-2006,9.258049011,9.411224365,9.244599342,9.394785881,9.339272499,359173242
29-03-2006,9.463029861,9.937750816,9.452320099,9.837626457,9.779495239,763952790
30-03-2006,9.693416595,9.800764084,9.554437637,9.674736977,9.61756897,590673723
31-03-2006,9.682209015,9.760166168,9.564897537,9.713590622,9.656193733,1466331647
03-04-2006,9.701885223,9.775110245,9.662034035,9.706118584,9.64876461,326125835
04-04-2006,9.711099625,10.08469963,9.667264938,10.07075214,10.01124382,630984252
05-04-2006,10.16689205,10.32554722,10.03289413,10.1616621,10.10161686,538430634
06-04-2006,10.12430191,10.30861092,10.09790134,10.24111366,10.18059921,345229172
07-04-2006,10.27174854,10.28270817,10.06278229,10.11608219,10.05630589,282089392
10-04-2006,10.13899708,10.39030457,10.09341717,10.37062836,10.30934811,374201361
11-04-2006,10.37162495,10.43837357,10.1175766,10.20325565,10.14296436,445953300
12-04-2006,10.18681717,10.24485016,10.09192276,10.18557167,10.12538528,241582128
13-04-2006,10.17760181,10.2057457,9.975111008,10.01645565,9.957268715,263098475
17-04-2006,10.04858494,10.27399063,9.983578682,10.13252068,10.07264709,331618345
18-04-2006,10.16016674,10.20748997,10.00001717,10.0682621,10.00876904,326724069
19-04-2006,10.27573395,10.30238438,10.13027859,10.22417736,10.16376209,272284779
20-04-2006,10.2368803,10.36116409,10.16689205,10.33625698,10.27517986,492699864
21-04-2006,11.18059158,11.22592163,10.86353111,10.88669395,10.82236481,905433112
24-04-2006,10.94397926,11.075984,10.8722477,10.97137737,10.90654659,354780840
25-04-2006,10.94970798,10.98482609,10.61023045,10.63912201,10.5762558,384194678
26-04-2006,10.65356827,10.71085262,10.54871082,10.60948277,10.54679108,292203159
27-04-2006,10.53326893,10.63289547,10.44559669,10.46153831,10.39972019,334766100
28-04-2006,10.42666817,10.60350513,10.36863613,10.40948296,10.34797287,297964674
01-05-2006,10.42268276,10.44684315,9.926543236,9.935259819,9.876552582,416001453
02-05-2006,9.989557266,10.02467537,9.673740387,9.833143234,9.775038719,526136725
03-05-2006,9.871747971,10.00001717,9.735508919,9.817452431,9.759440422,324098263
04-05-2006,9.838871002,9.934513092,9.768634796,9.831897736,9.77380085,186777474
05-05-2006,9.902881622,9.979594231,9.757925034,9.820690155,9.762658119,243509324
08-05-2006,9.840864182,9.890926361,9.714836121,9.832645416,9.774543762,205511431
09-05-2006,9.855559349,10.18681717,9.806990623,10.18183613,10.12167072,366994449
10-05-2006,10.16963196,10.25431442,10.00898361,10.03687859,9.977570534,248415646
11-05-2006,10.04783821,10.07996845,9.588560104,9.638871193,9.581914902,357045296
12-05-2006,9.552694321,9.585820198,9.303876877,9.318323135,9.263259888,405016432
15-05-2006,9.363155365,9.468260765,9.171872139,9.369878769,9.314510345,344891912
16-05-2006,9.364648819,9.386318207,9.21271801,9.247837067,9.193190575,260617209
17-05-2006,9.230650902,9.460539818,9.220937729,9.327537537,9.272421837,427347823
18-05-2006,9.434139252,9.509606361,9.233141899,9.240116119,9.185516357,234274840
19-05-2006,9.297151566,9.327537537,8.980588913,9.215955734,9.16149807,457636930
22-05-2006,9.161909103,9.290925026,9.097151756,9.23911953,9.18452549,345466056
23-05-2006,9.320315361,9.561161995,9.304125786,9.354436874,9.299161911,360666820
24-05-2006,9.398522377,9.550203323,9.255558014,9.495657921,9.439548492,383584400
25-05-2006,9.44161129,9.539244652,9.272993088,9.538995743,9.482628822,329012615
26-05-2006,9.577850342,9.610976219,9.46527195,9.498148918,9.442025185,147229793
30-05-2006,9.421685219,9.489431381,9.251572609,9.263776779,9.209035873,173287097
31-05-2006,9.310103416,9.420937538,9.135258675,9.260787964,9.206065178,320448635
01-06-2006,9.303627968,9.538995743,9.255309105,9.529780388,9.473467827,252061259
02-06-2006,9.634885788,9.640864372,9.401013374,9.450576782,9.394732475,256413512
05-06-2006,9.369380951,9.500638962,9.318820953,9.326044083,9.270935059,223173385
06-06-2006,9.379343987,9.713590622,9.372369766,9.713341713,9.655944824,411930250
07-06-2006,9.794288635,9.834636688,9.626418114,9.626667023,9.569783211,357788070
08-06-2006,9.657550812,9.819942474,9.429406166,9.795783043,9.73789978,415933198
09-06-2006,9.768136978,9.848834038,9.597775459,9.62816143,9.571268082,247223193
12-06-2006,9.672245979,9.725794792,9.489431381,9.50288105,9.446727753,201516513
13-06-2006,9.486941338,9.638871193,9.417699814,9.626915932,9.570031166,307512327
14-06-2006,9.709357262,9.740987778,9.427662849,9.573864937,9.517292976,312045255
15-06-2006,9.629406929,9.769631386,9.539244652,9.738497734,9.680953026,272445379
16-06-2006,9.691175461,9.736754417,9.663778305,9.731025696,9.673524857,212979318
19-06-2006,9.734762192,9.833143234,9.638373375,9.667264938,9.610141754,306468429
20-06-2006,9.664525032,9.760166168,9.626667023,9.643104553,9.586123466,162201701
21-06-2006,9.739992142,10.06228447,9.707364082,10.01570892,9.956525803,351087046
22-06-2006,10.00201035,10.11209679,9.663778305,9.96141243,9.902550697,237362370
23-06-2006,10.03139973,10.20549679,9.981087685,10.08370399,10.02411938,213388847
26-06-2006,10.13077736,10.16938305,10.0436039,10.06776428,10.00827312,142580431
27-06-2006,10.10487366,10.16191101,9.987812996,10.02044106,9.961230278,164899777
28-06-2006,10.06253338,10.124053,9.990801811,10.11483669,10.05506802,148976315
29-06-2006,10.1616621,10.4159584,10.10761356,10.40624523,10.34475422,267326263
30-06-2006,10.35120106,10.44410324,10.26975632,10.44410324,10.38238811,251258261
03-07-2006,10.46178722,10.55468845,10.44709206,10.54049206,10.47820759,86591354
05-07-2006,10.49864769,10.53052902,10.35219669,10.49715424,10.43512535,200171490
06-07-2006,10.54497528,10.5947876,10.51010609,10.54024315,10.47796059,148036806
07-07-2006,10.61147594,10.65730381,10.35817528,10.47199821,10.41011906,242581861
10-07-2006,10.54646873,10.59105206,10.37062836,10.4159584,10.35441017,178121149
11-07-2006,10.42367935,10.58656883,10.28719139,10.57436466,10.51187992,239747276
12-07-2006,10.51284504,10.52903461,10.37934589,10.39229679,10.33088779,197003661
13-07-2006,10.31135082,10.41944504,10.13276958,10.18258286,10.12241268,278018189
14-07-2006,10.21994305,10.24883461,9.92803669,10.04983139,9.990447044,303216285
17-07-2006,10.07797527,10.23663139,10.05531025,10.1591711,10.09914017,233347377
18-07-2006,10.20549679,10.22592068,9.906368256,10.03862286,9.979304314,342751921
19-07-2006,9.838373184,9.99105072,9.829655647,9.937750816,9.87902832,342017177
20-07-2006,10.06925774,10.07324314,9.605496407,9.641860008,9.584886551,503427925
21-07-2006,9.617450714,9.757178307,9.406990051,9.716330528,9.65891552,471946365
24-07-2006,9.783827782,9.81047821,9.494662285,9.736006737,9.678477287,324656348
25-07-2006,9.58955574,9.746218681,9.559169769,9.697650909,9.640347481,231307761
26-07-2006,9.668759346,9.761162758,9.539244652,9.601511002,9.544775963,222105397
27-07-2006,9.648086548,9.651075363,9.413466454,9.524300575,9.468022346,226489769
28-07-2006,9.51433754,9.70263195,9.507613182,9.66676712,9.60964489,163956253
31-07-2006,9.663778305,9.692918777,9.546965599,9.628908157,9.572009087,184500973
01-08-2006,9.591797829,9.608236313,9.352693558,9.352693558,9.297429085,219347097
02-08-2006,9.354934692,9.394039154,9.095906258,9.146467209,9.092421532,284976172
03-08-2006,9.090427399,9.412469864,9.050078392,9.349704742,9.294456482,254028606
04-08-2006,9.453565598,9.481460571,9.259044647,9.311348915,9.256328583,204571922
07-08-2006,9.252818108,9.457799911,9.244100571,9.413466454,9.357842445,158467758
08-08-2006,9.534761429,9.576604843,9.441860199,9.489431381,9.433358192,230589077
09-08-2006,9.534262657,9.581088066,9.373864174,9.388310432,9.332834244,173086347
10-08-2006,9.312095642,9.406492233,9.27672863,9.320066452,9.264993668,171114986
11-08-2006,9.325046539,9.346964836,9.165644646,9.178097725,9.12386322,151224711
14-08-2006,9.252818108,9.343229294,9.182332039,9.201260567,9.14689064,199476896
15-08-2006,9.317825317,9.506118774,9.280215263,9.488683701,9.43261528,268932260
16-08-2006,9.551199913,9.674985886,9.517327309,9.656804085,9.599740982,235005569
17-08-2006,9.623678207,9.713590622,9.562158585,9.60898304,9.552203178,203969673
18-08-2006,9.621685982,9.641113281,9.483204842,9.548211098,9.491790771,198830482
21-08-2006,9.417201996,9.439618111,9.345471382,9.397276878,9.341748238,161535213
22-08-2006,9.407986641,9.446093559,9.336006165,9.421934128,9.366258621,167188323
23-08-2006,9.405744553,9.42143631,9.281709671,9.300888062,9.245927811,146238089
24-08-2006,9.326044083,9.374860764,9.271746635,9.3083601,9.25335598,139822131
25-08-2006,9.292170525,9.347962379,9.27772522,9.296653748,9.241719246,99037832
28-08-2006,9.355183601,9.488185883,9.339990616,9.488185883,9.432121277,167184308
29-08-2006,9.483951569,9.52230835,9.394785881,9.438372612,9.382600784,179068687
30-08-2006,9.444848061,9.580341339,9.42741394,9.483204842,9.427167892,162382376
31-08-2006,9.501635551,9.518074036,9.419692993,9.427911758,9.372200966,118839777
01-09-2006,9.489182472,9.496404648,9.394536972,9.429655075,9.373934746,107316747
05-09-2006,9.461286545,9.599020958,9.400764465,9.57311821,9.516551018,163582859
06-09-2006,9.516828537,9.543976784,9.456055641,9.468011856,9.412065506,149522354
07-09-2006,9.449332237,9.508111,9.399766922,9.426916122,9.371212959,154256030
08-09-2006,9.38283062,9.484201431,9.38283062,9.410975456,9.355365753,123798294
11-09-2006,9.421187401,9.581336975,9.408983231,9.566392899,9.509865761,181847062
12-09-2006,9.589057922,9.781585693,9.586069107,9.760913849,9.703235626,218503948
13-09-2006,9.841859818,10.13102627,9.840615273,10.12629414,10.06645775,392192544
14-09-2006,10.06975555,10.11907101,10.01072693,10.0617857,10.00232983,215448538
15-09-2006,10.14895916,10.21296883,10.13052845,10.20873547,10.1484108,314703180
18-09-2006,10.21172428,10.42816257,10.19852257,10.32853603,10.26750469,285333506
19-09-2006,10.34771442,10.34846115,9.781834602,10.05755234,9.998122215,573858932
20-09-2006,10.1394949,10.14671803,9.828660011,9.887937546,9.829508781,367283528
21-09-2006,9.970129967,10.17311859,9.959171295,10.13326836,10.07339096,429287065
22-09-2006,10.08669281,10.14821243,9.996530533,10.05680466,9.997378349,186681114
25-09-2006,10.10163689,10.19802475,10.02492428,10.0617857,10.00232983,230352192
26-09-2006,10.09964371,10.15394115,10.00674152,10.13376617,10.07388496,212369039
27-09-2006,10.11956882,10.24211025,10.0216856,10.03538513,9.976085663,235949093
28-09-2006,10.0642767,10.13650608,9.976106644,10.05182266,9.992425919,205061752
29-09-2006,10.09042931,10.10263348,9.997776031,10.0099802,9.950831413,132932403
02-10-2006,10.0099802,10.11209679,9.982583046,9.998522758,9.939441681,146623529
03-10-2006,9.994787216,10.12355423,9.917575836,10.06328011,10.00381565,219407321
04-10-2006,10.0864439,10.35543537,10.03862286,10.35369205,10.29251289,267470802
05-10-2006,10.32878494,10.41695499,10.23314381,10.25680542,10.19619846,232460064
06-10-2006,10.21720314,10.50836182,10.20549679,10.47324371,10.41135693,294559960
09-10-2006,10.58034229,10.75842476,10.54597092,10.68494987,10.62181187,304468963
10-10-2006,10.74871063,10.90537357,10.52031708,10.62642002,10.5636282,393011603
11-10-2006,10.58582211,10.7076149,10.55443859,10.62268353,10.55991364,226260915
12-10-2006,10.6739912,10.70188713,10.56041718,10.64609623,10.58318806,194486260
13-10-2006,10.65406609,10.69740391,10.59927082,10.64260864,10.5797205,145443121
16-10-2006,10.65257168,10.68993187,10.49416542,10.50437737,10.44230652,173423607
17-10-2006,10.46826172,10.55418968,10.37859821,10.4767313,10.41482353,209221284
18-10-2006,10.53526115,10.57909679,10.39852428,10.44360542,10.38189507,241594173
19-10-2006,10.46651936,10.69740391,10.45008087,10.61172485,10.54901981,461864718
20-10-2006,11.43190002,11.45954704,11.29740524,11.44883728,11.38118649,467662368
23-10-2006,11.51384258,12.07075596,11.46627235,11.97461605,11.90385723,606444615
24-10-2006,11.86253643,11.90188885,11.74124146,11.78856373,11.71890545,347706422
25-10-2006,11.89267254,12.16689491,11.83339596,12.11957264,12.04795742,368877480
26-10-2006,12.14647198,12.25307178,12.05979729,12.0822134,12.01081944,282322262
27-10-2006,12.05232525,12.08570004,11.76813984,11.83563709,11.76570034,265150137
30-10-2006,11.82617283,11.96664619,11.70637226,11.86975861,11.79961872,263508004
31-10-2006,11.90686989,12.00898743,11.80176353,11.86527634,11.79516315,252358369
01-11-2006,11.92430496,11.93352032,11.58806515,11.64385605,11.57505226,217865564
02-11-2006,11.64385605,11.79902363,11.61596107,11.70388126,11.63472271,210253137
03-11-2006,11.76166439,11.7995224,11.58308411,11.75095463,11.68151855,197043811
06-11-2006,11.80002117,11.94672108,11.76415539,11.87922382,11.80902958,200408375
07-11-2006,11.87922382,11.93078136,11.75020695,11.77013302,11.70058346,196618221
08-11-2006,11.71483994,11.99852657,11.6712532,11.83065605,11.76074886,319794191
09-11-2006,11.86801624,11.94248676,11.75244904,11.77162743,11.70206833,195899538
10-11-2006,11.80027008,11.82368183,11.71334553,11.79454136,11.72484684,112287309
13-11-2006,11.82816505,11.98433018,11.80923557,11.98084259,11.91004753,174326980
14-11-2006,11.97262383,12.20300961,11.96764183,12.18682098,12.11480808,290019003
15-11-2006,12.28968525,12.44958591,12.25232506,12.25232506,12.17992496,336083018
16-11-2006,12.32878876,12.39553833,12.26801586,12.35120487,12.27822113,204467533
17-11-2006,12.28520203,12.44485378,12.27897453,12.42318535,12.34977627,221266263
20-11-2006,12.41347122,12.41347122,12.27025795,12.33003426,12.25717545,205748315
21-11-2006,12.36714458,12.70238781,12.3494606,12.69367123,12.61866474,338363534
22-11-2006,12.72654819,12.77710819,12.59728241,12.6528244,12.57805824,180702789
24-11-2006,12.56540203,12.64012241,12.552948,12.57785511,12.50353146,69567783
27-11-2006,12.48744392,12.49765587,12.07349586,12.07349586,12.0021534,294086191
28-11-2006,11.98333359,12.20076942,11.88121605,12.19180202,12.11975956,313073093
29-11-2006,12.30986023,12.32231331,12.01122856,12.07100487,11.9996767,253558852
30-11-2006,12.05954838,12.21421814,11.99379444,12.07499027,12.00363827,223936234
01-12-2006,12.10413074,12.16415596,11.91782856,11.97511387,11.90435314,226100315
04-12-2006,12.02990913,12.14024544,11.93900013,12.07598591,12.00462818,196730641
05-12-2006,12.13949776,12.19030762,12.07698345,12.12953568,12.05786133,164735162
06-12-2006,12.12853909,12.26403141,12.06776714,12.17212582,12.10020161,178679233
07-12-2006,12.20998383,12.24908733,12.01546288,12.02094269,11.94991016,187271318
08-12-2006,12.00350761,12.16938591,11.95518875,12.0575552,11.98630714,159591956
11-12-2006,12.07773018,12.17685795,12.04983425,12.05307198,11.98184967,131025281
12-12-2006,12.05107975,12.11359501,11.96216297,11.99952316,11.92861843,167866857
13-12-2006,12.07200146,12.09217644,11.88096714,11.93003273,11.85953808,187182988
14-12-2006,11.96141624,12.04858875,11.88694477,12.00799084,11.93703556,190668002
15-12-2006,12.02094269,12.0575552,11.9512043,11.96266079,11.8919735,208410256
18-12-2006,12.01770496,12.02343273,11.47498894,11.52679539,11.45868301,321865927
19-12-2006,11.49989605,11.68893719,11.41969585,11.67199993,11.6030283,264467588
20-12-2006,11.70612335,11.74348259,11.51508904,11.52928543,11.46115875,175366863
21-12-2006,11.56116581,11.58781624,11.26627064,11.36241055,11.29526901,279174507
22-12-2006,11.3947897,11.42318344,11.27598476,11.34696865,11.27991962,160129965
26-12-2006,11.37038136,11.44385624,11.3223114,11.39553738,11.32820034,83282999
27-12-2006,11.45705605,11.65830231,11.43463993,11.65705585,11.58817387,169894428
28-12-2006,11.63439083,11.67075539,11.51309586,11.5208168,11.45274067,125115211
29-12-2006,11.50936031,11.56838894,11.45356941,11.46901131,11.4012413,102751700
03-01-2007,11.60649586,11.87200069,11.48470306,11.64609814,11.577281,309415434
04-01-2007,11.68121624,12.05356979,11.66502666,12.03638458,11.96526146,316686586
05-01-2007,12.01745605,12.14198875,11.90811539,12.13426781,12.0625658,275914333
08-01-2007,12.14672089,12.20101833,12.00998402,12.04435539,11.97318554,190888826
09-01-2007,12.09092999,12.16066933,11.9850769,12.09217644,12.02072334,216062832
10-01-2007,12.06552505,12.29267406,12.00599861,12.19080639,12.1187706,239634856
11-01-2007,12.38358307,12.49690914,12.35817909,12.44634819,12.37280273,289408724
12-01-2007,12.50288582,12.57785511,12.45332241,12.57785511,12.50353146,179618741
16-01-2007,12.64136696,12.77710819,12.53551388,12.55992222,12.48570633,303890804
17-01-2007,12.53775501,12.64684677,12.31334686,12.38557625,12.31238937,268968395
18-01-2007,12.31683254,12.36565113,12.14024544,12.15020847,12.07841301,238169384
19-01-2007,12.15394402,12.22318459,12.12306023,12.19802856,12.12594986,199878396
22-01-2007,12.26652241,12.27025795,11.91782856,11.97611141,11.90534496,216982266
23-01-2007,11.97486496,12.07349586,11.88769245,11.93152809,11.86102486,187319498
24-01-2007,12.06602383,12.44186497,12.03713226,12.43015862,12.35670853,243280470
25-01-2007,12.47822857,12.56540203,12.09616089,12.15668392,12.08484936,255694828
26-01-2007,12.2274189,12.40101814,12.13028336,12.34971046,12.27673531,220684089
29-01-2007,12.40350914,12.42218876,12.21670914,12.26577473,12.19329548,191744020
30-01-2007,12.30388165,12.40350914,12.23464203,12.31185246,12.23910046,167846782
31-01-2007,12.36590004,12.57785511,12.34149075,12.49068165,12.41687393,490074058
01-02-2007,12.60276222,12.60301113,11.99329567,11.99877644,11.92787647,628695706
02-02-2007,12.02019501,12.0797224,11.90064335,11.99254894,11.92168427,252402534
05-02-2007,11.8929224,11.90537643,11.61122799,11.63538837,11.56663513,289356529
06-02-2007,11.65880013,11.78831482,11.63787842,11.74298382,11.67359447,213673912
07-02-2007,11.80126572,11.81446648,11.67573643,11.70637226,11.63719845,165409681
08-02-2007,11.65755463,11.7995224,11.58532524,11.73177624,11.66245174,163679219
09-02-2007,11.74721909,11.77287197,11.49441624,11.50413036,11.43615341,195072449
12-02-2007,11.4739933,11.51658344,11.33302116,11.4144659,11.34701824,231042771
13-02-2007,11.43588543,11.52629662,11.38881207,11.43463993,11.36707211,163113105
14-02-2007,11.45705605,11.68445396,11.43762875,11.60475254,11.53617954,228806420
15-02-2007,11.60649586,11.60973358,11.47498894,11.49366856,11.42575169,162302076
16-02-2007,11.52679539,11.70985889,11.50836372,11.70462799,11.63546467,248006116
20-02-2007,11.66801453,11.77461624,11.57436562,11.75842667,11.68894577,163313855
21-02-2007,11.70213795,11.92231178,11.64983368,11.85207558,11.78204155,226469694
22-02-2007,11.92256069,12.06079292,11.81546307,11.85182571,11.78179264,230617182
23-02-2007,11.84933567,11.87922382,11.65132809,11.72156525,11.65230083,155886118
26-02-2007,11.77660847,11.83688164,11.55045605,11.57984638,11.51142025,159391206
27-02-2007,11.33252335,11.452075,11.13750362,11.17735481,11.11130714,373908266
28-02-2007,11.21820068,11.29939747,11.03463936,11.19429111,11.12814331,322496281
01-03-2007,11.025424,11.26826382,10.95892334,11.16390514,11.09793663,348710170
02-03-2007,11.08619595,11.17561054,10.92604637,10.92604637,10.86148357,264331078
05-03-2007,10.88470078,11.09591007,10.88420296,10.98258495,10.91768837,255156819
06-03-2007,11.14497566,11.43214893,11.14273357,11.39603519,11.32869434,302477526
07-03-2007,11.52405453,11.53526306,11.31483936,11.34846306,11.28140545,262343656
08-03-2007,11.43762875,11.59404278,11.31010723,11.32554913,11.25862598,215316044
09-03-2007,11.40724277,11.41720581,11.21047974,11.28171253,11.21504879,199854306
12-03-2007,11.27200031,11.33874989,11.23563576,11.32629585,11.25936794,139135567
13-03-2007,11.21072865,11.25605965,11.02940941,11.03439045,10.96918678,256048147
14-03-2007,11.03937244,11.17461491,10.93401718,11.15817642,11.09224224,321877972
15-03-2007,11.15468884,11.20350742,11.05705547,11.11309528,11.04742813,158359353
16-03-2007,11.09964561,11.12579823,10.95618439,10.98009396,10.91521168,227212468
19-03-2007,11.03987026,11.17063046,10.97461414,11.13899803,11.07317638,208687290
20-03-2007,11.1031332,11.14821434,11.04858685,11.09043026,11.02489758,137372985
21-03-2007,11.09092808,11.3716259,11.08868694,11.37112808,11.303936,232801338
22-03-2007,11.34771633,11.51110363,11.27100372,11.50786591,11.43986511,228079706
23-03-2007,11.49317074,11.5414896,11.38432884,11.502635,11.43466663,165068406
26-03-2007,11.47075462,11.58158875,11.34796524,11.58158875,11.51315308,189118214
27-03-2007,11.54547501,11.58731842,11.46552372,11.54721832,11.47898579,150208917
28-03-2007,11.50363159,11.59254837,11.46079159,11.50388145,11.4359045,184352418
29-03-2007,11.57038116,11.60649586,11.33252335,11.47996998,11.41213417,160137995
30-03-2007,11.50936031,11.54173946,11.36091614,11.41122818,11.34379864,135714793
02-04-2007,11.40126514,11.42044258,11.26079178,11.42044258,11.35295868,138457033
03-04-2007,11.55792809,11.81197643,11.55668259,11.77087975,11.70132542,261046814
04-04-2007,11.75942326,11.78084278,11.69566154,11.73152733,11.6622057,151718555
05-04-2007,11.7385006,11.7581768,11.69665813,11.74373245,11.67433834,109039179
09-04-2007,11.78034401,11.78084278,11.59628391,11.66154003,11.59263229,122943100
10-04-2007,11.6336441,11.72579861,11.58557415,11.61894894,11.55029202,119618686
11-04-2007,11.60799026,11.69117928,11.5220623,11.56988335,11.5015173,153051532
12-04-2007,11.55668259,11.65630913,11.51284695,11.64111614,11.57232857,108721995
13-04-2007,11.66751671,11.67548656,11.54074192,11.61371899,11.54509354,112211024
16-04-2007,11.66776562,11.88022041,11.66004467,11.81247425,11.74267387,203877329
17-04-2007,11.8007679,11.86527634,11.74597263,11.77586079,11.70627689,128885290
18-04-2007,11.73750496,11.95269775,11.69441605,11.85581207,11.78575611,227670177
19-04-2007,11.81820202,12.00375748,11.69591141,11.74721909,11.67780495,442034667
20-04-2007,12.21720695,12.26652241,12.00549984,12.01695728,11.9459486,488283372
23-04-2007,11.95767975,12.0797224,11.91185093,11.93227482,11.86176682,227834792
24-04-2007,11.92056942,11.95469093,11.84435368,11.89367008,11.82339001,148341946
25-04-2007,11.95518875,11.98931122,11.85830212,11.90512657,11.83477783,159266742
26-04-2007,11.90786552,12.06602383,11.88320923,11.98457909,11.91376209,165614446
27-04-2007,11.95693207,12.01496506,11.9135952,11.93053055,11.86003304,117466650
30-04-2007,11.93401814,11.9888134,11.74049377,11.74049377,11.67111874,146193924
01-05-2007,11.7606678,11.7761097,11.5609169,11.68121624,11.6121912,146876473
02-05-2007,11.6724987,11.73302174,11.59977055,11.601017,11.53246689,122967190
03-05-2007,11.61197472,11.80749321,11.58881187,11.78657055,11.71692371,144306878
04-05-2007,11.70911121,11.82667065,11.60350704,11.73401833,11.66468143,158592223
07-05-2007,11.75942326,11.7763586,11.61820221,11.63812733,11.56935692,121256803
08-05-2007,11.60973358,11.66054344,11.57486534,11.62666988,11.55796719,116639561
09-05-2007,11.61023235,11.74921131,11.55369377,11.68744278,11.6183815,156179212
10-05-2007,11.63239861,11.69342041,11.48246098,11.49366856,11.42575169,148004686
11-05-2007,11.502635,11.63140297,11.48196316,11.62492657,11.55623436,118205408
14-05-2007,11.59354496,11.64410496,11.45705605,11.50139046,11.43342781,155488633
15-05-2007,11.50587273,11.52031898,11.39254761,11.40724277,11.33983707,165377561
16-05-2007,11.50686932,11.78432941,11.43264771,11.77112865,11.70157337,263150670
17-05-2007,11.76739311,11.83613491,11.72629738,11.73003292,11.66071892,187122763
18-05-2007,11.75668335,11.77337074,11.69989586,11.71409321,11.64487362,148390126
21-05-2007,11.69441605,11.93526363,11.62442875,11.72106743,11.65180779,247295463
22-05-2007,11.78084278,11.93053055,11.78084278,11.85207558,11.78204155,154135581
23-05-2007,11.97561169,12.04012108,11.7995224,11.80500221,11.7352457,203166675
24-05-2007,11.83439159,11.93526363,11.74348259,11.8139677,11.74415874,167569747
25-05-2007,11.94771671,12.07847691,11.88719368,12.04286003,11.97169781,214741900
29-05-2007,12.0797224,12.24908733,12.05481625,12.13227463,12.06058502,209502334
30-05-2007,12.06726933,12.42442989,12.02990913,12.41845322,12.34507275,290918361
31-05-2007,12.4672699,12.67200184,12.38009644,12.40126705,12.32798672,358310019
01-06-2007,12.47822857,12.57835293,12.40176487,12.46328545,12.3896389,192679513
04-06-2007,12.40126705,12.71509075,12.3932972,12.6294117,12.55478382,285104652
05-06-2007,12.69616222,12.926548,12.61795521,12.9225626,12.84620285,419450332
06-06-2007,12.87050819,12.97088242,12.83339691,12.90786839,12.83159637,316650452
07-06-2007,12.94522762,13.11334801,12.76490402,12.82841587,12.75261307,426813829
08-06-2007,12.85680962,12.94248772,12.68893909,12.83912563,12.76325989,255281284
11-06-2007,12.80251312,12.90786839,12.70238781,12.7357626,12.66050625,186604829
12-06-2007,12.67025948,12.74398232,12.53227615,12.57212734,12.49783802,257742474
13-06-2007,12.62991047,12.66602516,12.42069435,12.58383274,12.50947475,282414606
14-06-2007,12.58732033,12.59977341,12.49566269,12.52405739,12.45005131,185540856
15-06-2007,12.65730667,12.67748165,12.48395729,12.60002232,12.52556896,247889682
18-06-2007,12.60724545,12.85182762,12.55892563,12.83190346,12.75607777,194161046
19-06-2007,12.80226421,12.88296127,12.74074459,12.80973625,12.73404408,174864989
20-06-2007,12.8757391,12.92032146,12.67897606,12.70164108,12.62658596,174178426
21-06-2007,12.7267971,12.83414364,12.60973644,12.80475521,12.72909069,177049146
22-06-2007,12.86228943,13.07573891,12.85431862,13.07549,12.99822712,289228049
25-06-2007,13.17511559,13.32480526,13.03563881,13.13626194,13.05863857,318188194
26-06-2007,13.26851559,13.28022194,13.1068716,13.20699692,13.12895584,228433026
27-06-2007,13.07598782,13.15045929,12.94049644,13.10811806,13.03066254,245842035
28-06-2007,13.072999,13.18806839,13.04609966,13.07623672,12.99896908,167360967
29-06-2007,13.10139275,13.13576412,12.93800545,13.01870346,12.94177437,155805818
02-07-2007,13.08819199,13.24659824,13.0560627,13.20998573,13.13192749,140026895
03-07-2007,13.22692204,13.31011009,13.13825512,13.30861568,13.22997475,75152639
05-07-2007,13.33900166,13.5591774,13.25407028,13.49018478,13.41047192,198457088
06-07-2007,13.48072147,13.54597569,13.41795635,13.43464375,13.35525894,110291857
09-07-2007,13.5243082,13.66727161,13.45606327,13.51334858,13.43349743,149751208
10-07-2007,13.54398441,13.62393379,13.49068356,13.53277588,13.45281029,154818129
11-07-2007,13.53950119,13.61148071,13.44983673,13.56091976,13.48078728,132868163
12-07-2007,13.595541,13.63190365,13.45506668,13.58234024,13.50208187,138179998
13-07-2007,13.64659882,13.76515484,13.63016129,13.7524519,13.67118835,210269197
16-07-2007,13.70612621,13.91235256,13.68146801,13.77312469,13.69173813,264969462
17-07-2007,13.82418442,13.89118195,13.75793171,13.82318687,13.74150562,173792986
18-07-2007,13.79554081,13.8107338,13.54448223,13.6862011,13.60532951,244111573
19-07-2007,13.78483105,13.78632545,13.50537872,13.66353607,13.58279705,446756299
20-07-2007,12.74971104,13.03065777,12.68993473,12.95444393,12.87789536,713556598
23-07-2007,12.92679691,12.95145512,12.75593758,12.76490402,12.68947697,255221059
24-07-2007,12.68495369,12.91882706,12.63040829,12.8020153,12.7263689,223719424
25-07-2007,12.87623692,12.87723255,12.5918026,12.69641113,12.62138844,222631361
26-07-2007,12.6710062,12.7668972,12.42542553,12.65257454,12.57780933,276368027
27-07-2007,12.66577625,12.86727047,12.59030819,12.74946213,12.67412472,221189978
30-07-2007,12.77511597,12.93501568,12.71484184,12.85456753,12.77860928,159126217
31-07-2007,12.95718288,12.96241379,12.70238781,12.70238781,12.62732887,171460275
01-08-2007,12.71484184,12.86453056,12.65606213,12.77561378,12.70012188,177791919
02-08-2007,12.79504108,12.8266716,12.67748165,12.72754383,12.65233612,126669014
03-08-2007,12.70363426,12.78209019,12.52804184,12.52804184,12.45401382,127524207
06-08-2007,12.52804184,12.70612431,12.51558876,12.70238781,12.62732887,146607469
07-08-2007,12.69616222,12.9484663,12.67847824,12.85232639,12.77638149,171211346
08-08-2007,12.93501568,13.09541512,12.87897587,13.09541512,13.01803493,163362034
09-08-2007,12.97138023,13.12131786,12.81770611,12.82019711,12.74444199,194586635
10-08-2007,12.70687199,12.91957378,12.59354591,12.84560204,12.76969719,235888868
13-08-2007,12.93999767,12.94522762,12.77785492,12.83937454,12.76350689,127648672
14-08-2007,12.84485435,12.88669682,12.65257454,12.66751862,12.59266663,145892800
15-08-2007,12.67748165,12.74448109,12.3713789,12.39230061,12.31907463,217191045
16-08-2007,12.25456715,12.36440468,11.96664619,12.24211407,12.16977596,347120233
17-08-2007,12.3895607,12.47822857,12.24535084,12.45431805,12.38072491,219997525
20-08-2007,12.51459217,12.51708317,12.35369492,12.40151596,12.32823467,108296406
21-08-2007,12.42692089,12.65655994,12.39778042,12.61795521,12.543396,144965337
22-08-2007,12.70139217,12.85805511,12.68370819,12.77088165,12.69541836,130595677
23-08-2007,12.85182762,12.8550663,12.62766838,12.75693417,12.68155384,123529289
24-08-2007,12.76739502,12.84062004,12.66502762,12.82692242,12.75112724,99278731
27-08-2007,12.81272507,12.88794327,12.73725796,12.78358364,12.70804596,93352602
28-08-2007,12.74049473,12.82642269,12.59753132,12.6127243,12.53819561,131446855
29-08-2007,12.64859009,12.78458023,12.6333971,12.77411938,12.69863701,102354216
30-08-2007,12.76116753,12.83688354,12.71683407,12.73725796,12.66199303,106465569
31-08-2007,12.77959919,12.86428165,12.73900127,12.833148,12.75731754,119550431
04-09-2007,12.82742023,13.1507082,12.8174572,13.07972431,13.00243568,148301796
05-09-2007,13.03613663,13.18756962,13.00749493,13.14572716,13.06804752,133012703
06-09-2007,13.1845808,13.19628716,12.90761948,13.0391264,12.96207714,145579631
07-09-2007,12.89815521,12.98233891,12.87175369,12.93526459,12.8588295,147093283
10-09-2007,12.98333454,13.0030117,12.72430611,12.81396961,12.73825264,129515644
11-09-2007,12.87648582,12.99255085,12.84510326,12.98458099,12.90785503,108549350
12-09-2007,12.96465492,13.15021038,12.926548,13.01745701,12.94053745,119887690
13-09-2007,13.05257607,13.13103199,13.03165436,13.07050896,12.99327564,75927532
14-09-2007,13.03115559,13.20724583,13.0067482,13.16938782,13.09156895,111010541
17-09-2007,13.11409473,13.18258762,13.05282497,13.08345985,13.00614929,88229471
18-09-2007,13.11384583,13.38109398,13.05780602,13.33177853,13.25300026,169260059
19-09-2007,13.43140602,13.68495464,13.42119408,13.62019825,13.53971577,221904647
20-09-2007,13.62393379,13.8680191,13.59977531,13.76914024,13.68777752,221828362
21-09-2007,13.85656166,13.96739674,13.76914024,13.95021057,13.86777878,321669193
24-09-2007,13.97262669,14.23315144,13.94772053,14.14747238,14.06387424,212674178
25-09-2007,14.04734707,14.18582821,14.01895428,14.17187977,14.08813763,109633398
26-09-2007,14.20674992,14.2413702,14.04261494,14.15095901,14.06734085,134345680
27-09-2007,14.23987484,14.2401247,14.09168053,14.13451958,14.05099869,82560301
28-09-2007,14.12206745,14.1855793,14.05033588,14.12879181,14.04530525,105975740
01-10-2007,14.19604015,14.55419731,14.18707275,14.50936508,14.42362976,189158364
02-10-2007,14.53003788,14.86453438,14.44610214,14.5551939,14.46918678,283759629
03-10-2007,14.60151958,14.66976357,14.45481968,14.54597759,14.46002388,155761653
04-10-2007,14.57262802,14.57262802,14.37262821,14.4216938,14.33647537,119915795
05-10-2007,14.62294006,14.84436035,14.62044907,14.79579163,14.70836258,203507949
08-10-2007,14.81945324,15.19952774,14.79330063,15.18358803,15.09386826,201873847
09-10-2007,15.32032585,15.53626633,15.15295315,15.32206917,15.23153114,352026555
10-10-2007,15.4759922,15.5835886,15.36241817,15.57636642,15.48432541,216231462
11-10-2007,15.78184605,15.97537041,15.16814613,15.49193192,15.40039063,473729022
12-10-2007,15.54124832,15.90040112,15.398283,15.87524605,15.78143787,273971076
15-10-2007,15.90214539,15.93676472,15.33128548,15.44485855,15.35359478,278793083
16-10-2007,15.40450954,15.58956623,15.24261665,15.34249306,15.25183392,241915372
17-10-2007,15.70239353,15.79081154,15.48172092,15.77786064,15.68462944,242124152
18-10-2007,15.8259306,15.97437382,15.65382576,15.93078709,15.8366518,493410518
19-10-2007,16.30289268,16.40077591,16.02070045,16.05756187,15.96267796,633927242
22-10-2007,15.90712643,16.31385231,15.84759903,16.20799828,16.11222267,267575192
23-10-2007,16.46951866,16.87674141,16.43838501,16.83116341,16.73170853,272766578
24-10-2007,16.75494766,16.87350464,16.42742538,16.83240891,16.73294449,297278110
25-10-2007,16.90364075,16.91086388,16.52680206,16.65033913,16.55195236,232688918
26-10-2007,16.78782463,16.8503418,16.63913155,16.80202293,16.70273781,134658850
29-10-2007,16.88097572,16.93651772,16.73950577,16.91733932,16.81737709,123111730
30-10-2007,16.87450027,17.43240929,16.87450027,17.30438995,17.20213699,277058606
31-10-2007,17.45183563,17.60899734,17.33601952,17.60899734,17.50494576,276103037
01-11-2007,17.50414085,17.77636909,17.47898483,17.51460075,17.41110802,262066622
02-11-2007,17.69641876,17.77288246,17.36839867,17.71484947,17.61017227,234535815
05-11-2007,17.60874748,18.1875782,17.5858345,18.0735054,17.96670723,356679932
06-11-2007,18.37014389,18.4754982,18.05731773,18.4754982,18.36632538,338716853
07-11-2007,18.45906067,18.61124039,18.01099014,18.25507545,18.14720535,332180444
08-11-2007,18.29642105,18.30364227,16.86628151,17.2812252,17.17910957,662963671
09-11-2007,16.83141136,16.98334122,16.46852112,16.53726387,16.43954468,457231416
12-11-2007,16.38209534,16.68570709,15.59678936,15.74274158,15.64971733,410625377
13-11-2007,16.06453514,16.4612999,15.74274158,16.45208359,16.35486603,339082217
14-11-2007,16.76914406,16.82418823,15.84735012,15.98209476,15.88765621,325001637
15-11-2007,15.90463638,16.12705231,15.54174614,15.68246841,15.58979988,279752666
16-11-2007,15.78931808,15.82792282,15.34299088,15.78159714,15.68834305,363067785
19-11-2007,15.68097401,15.85980415,15.40475941,15.58782291,15.49571419,221924722
20-11-2007,15.85258102,16.41596985,15.76266766,16.1529541,16.05750656,395099399
21-11-2007,16.03414917,16.68670464,15.9920578,16.45133591,16.35412788,281591533
23-11-2007,16.68745041,16.89367867,16.64037895,16.85432625,16.75473213,109958613
26-11-2007,16.94149971,17.27026749,16.56291771,16.58782578,16.48980904,272622038
27-11-2007,16.80700302,16.84760094,16.19579315,16.77636719,16.67723274,357515050
28-11-2007,16.98907089,17.29268265,16.74075127,17.24187279,17.13998985,317846919
29-11-2007,17.20426369,17.50414085,17.13004112,17.35993195,17.25735092,249250764
30-11-2007,17.70862389,17.71011734,16.98907089,17.2603035,17.15831375,317003771
03-12-2007,17.21073914,17.31011772,16.96491051,16.97462463,16.87432098,173652461
04-12-2007,16.89442635,17.23539734,16.86478615,17.04012871,16.93943787,169906473
05-12-2007,17.25357819,17.40800095,17.12331772,17.39753914,17.29473495,169015145
06-12-2007,17.37985611,17.84710503,17.3601799,17.81472588,17.7094574,197096005
07-12-2007,17.80800056,17.88297081,17.69617081,17.80501175,17.6998024,154661545
10-12-2007,17.83290863,18.05233574,17.78334427,17.89343071,17.78769684,154826159
11-12-2007,17.93128967,17.95744133,17.40426445,17.41472435,17.31182098,246484434
12-12-2007,17.78334427,17.79131317,17.14822388,17.41846085,17.3155365,247287433
13-12-2007,17.34274483,17.37537384,16.96665573,17.28645515,17.18430901,202387766
14-12-2007,17.12356758,17.42717934,17.11734009,17.18458748,17.08304405,147490767
17-12-2007,17.1357708,17.32057762,16.52979279,16.66827393,16.56978035,220262515
18-12-2007,16.79106331,16.8545742,16.25158501,16.77088928,16.67179298,287742502
19-12-2007,16.79230881,16.92406464,16.66254425,16.87101364,16.77132225,177506855
20-12-2007,17.08172417,17.21049118,16.95171165,17.17786217,17.0763588,177551020
21-12-2007,17.38184929,17.41621971,17.26628113,17.35220909,17.24967384,216086922
24-12-2007,17.30986786,17.45283127,17.26179886,17.45283127,17.34970093,65380146
26-12-2007,17.4094944,17.76391602,17.39006805,17.70463943,17.60002327,101579322
27-12-2007,17.61074066,17.83315659,17.45308113,17.45308113,17.34994888,118141168
28-12-2007,17.5574398,17.632658,17.3484745,17.4976635,17.39426994,102892225
31-12-2007,17.3990345,17.49666786,17.20002937,17.22244644,17.12067986,95404263
02-01-2008,17.25706673,17.36914635,16.87998009,17.06578255,16.96493912,172921733
03-01-2008,17.06752777,17.10712814,16.84984207,17.06926918,16.96840477,130587647
04-01-2008,16.92879677,16.96042824,16.31385231,16.36366463,16.26697159,215195594
07-01-2008,16.28745079,16.4951725,15.87424946,16.17063713,16.07508659,257096061
08-01-2008,16.26403809,16.43738937,15.71609211,15.73302937,15.64006233,214364490
09-01-2008,15.69218159,16.27250671,15.50463486,16.26902008,16.17288589,270598482
10-01-2008,16.06503487,16.36864662,15.94299221,16.10787392,16.01269341,254317685
11-01-2008,16.00749969,16.17611885,15.6939249,15.89666462,15.80273056,199826201
14-01-2008,16.2177124,16.37362862,16.0710125,16.28446198,16.18823624,178566813
15-01-2008,16.08720016,16.16565704,15.82518291,15.88172054,15.78787518,223562839
16-01-2008,15.66553211,15.9400034,14.99205589,15.3412466,15.25059414,423983259
17-01-2008,15.46104813,15.58508301,14.89442158,14.9636631,14.87524223,329903943
18-01-2008,15.15220642,15.19280434,14.9053812,14.95021343,14.86187267,342864341
22-01-2008,13.99828053,14.88171959,13.97760773,14.55419731,14.46819687,381484558
23-01-2008,13.96540356,14.14697361,12.926548,13.6642828,13.58353996,681171664
24-01-2008,13.91783333,14.43813229,13.8017683,14.30861759,14.22406769,377445475
25-01-2008,14.74000072,14.81945324,14.10164356,14.10712337,14.02376366,279684411
28-01-2008,14.22094631,14.25257778,13.66378498,13.84759617,13.76577091,233540097
29-01-2008,13.95942688,13.98084641,13.46627522,13.71160603,13.63058376,252262009
30-01-2008,13.67848015,13.95843029,13.53701019,13.65556622,13.57487392,318774383
31-01-2008,13.42492962,14.27150726,13.30737114,14.05481911,13.97176933,597081651
01-02-2008,13.16739464,13.36664867,12.70238781,12.84933758,12.77340984,706658840
04-02-2008,12.67922497,12.77162933,12.26776695,12.33949947,12.26658535,528256642
05-02-2008,12.19005871,12.67748165,12.16739368,12.62268734,12.54810047,449811709
06-02-2008,12.73078156,12.73152924,12.40176487,12.4959116,12.42207336,306600924
07-02-2008,12.37511539,12.80674744,12.32281113,12.57660961,12.50229454,318344779
08-02-2008,12.68769264,12.89491653,12.67000961,12.86901379,12.79297066,274179856
11-02-2008,12.96440601,13.04385757,12.78707123,12.98034573,12.90364456,233913491
12-02-2008,13.03588772,13.21546459,12.77785492,12.90388298,12.82763386,267490877
13-02-2008,13.01372147,13.32480526,12.91882706,13.3155899,13.23690605,265981240
14-02-2008,13.40849209,13.47549057,13.22542763,13.25656128,13.17822838,260039050
15-02-2008,13.15842915,13.26677322,13.05930138,13.19155502,13.1136055,210389647
19-02-2008,13.32355976,13.32654858,12.6152153,12.67623615,12.60133076,254968114
20-02-2008,12.54074383,12.72754383,12.42393208,12.67748165,12.60257053,267486862
21-02-2008,12.7733717,12.7823391,12.44086933,12.52455521,12.45054817,227963272
22-02-2008,12.50463009,12.67748165,12.39230061,12.64759445,12.57285881,221462998
25-02-2008,12.60151577,12.6152153,12.09815311,12.11558819,12.04399681,336167332
26-02-2008,11.4869442,11.61820221,11.12953377,11.56141472,11.49309921,934983461
27-02-2008,11.46029377,11.84286022,11.4480896,11.77735615,11.70776272,406393575
28-02-2008,11.71857643,11.93252373,11.64036942,11.84036922,11.77040386,264463573
29-02-2008,11.75269794,11.9487133,11.57287216,11.73551178,11.66616631,378429149
03-03-2008,11.74373245,11.77386856,11.21072865,11.38283443,11.31557274,303312645
04-03-2008,11.23165131,11.29167557,10.85381699,11.07349396,11.00806141,546910299
05-03-2008,11.08968258,11.31184959,11.05854988,11.15070438,11.08481503,298578968
06-03-2008,11.15045547,11.29018211,10.73924732,10.77710533,10.71342278,299923991
07-03-2008,10.68196106,10.95892334,10.61620808,10.79329395,10.72951603,324082204
10-03-2008,10.68071556,10.73476315,10.2874403,10.3018856,10.24101067,320701579
11-03-2008,10.59179878,10.96265888,10.5766058,10.95493793,10.89020538,354399416
12-03-2008,10.95917225,11.15518761,10.91085339,10.96340561,10.89862251,267073318
13-03-2008,10.77635765,11.13277245,10.67947102,11.03389168,10.96869278,310222448
14-03-2008,11.03314495,11.19155121,10.72529888,10.90711689,10.84266758,263961699
17-03-2008,10.65979385,10.8022604,10.26427746,10.45755291,10.39575863,316710676
18-03-2008,10.68445206,10.97984505,10.59852409,10.93800163,10.87336826,290573072
19-03-2008,10.98657036,11.14572334,10.75145054,10.75967026,10.69609165,248086416
20-03-2008,10.64310741,10.85182476,10.39852428,10.79827499,10.73446655,398022314
24-03-2008,10.91981983,11.601017,10.90213585,11.47100353,11.40322018,271554050
25-03-2008,11.39379311,11.39404202,11.10836315,11.22741699,11.16107464,234138331
26-03-2008,11.27249813,11.52853775,11.19030571,11.41197491,11.34454155,209811488
27-03-2008,11.10836315,11.17336941,10.97112846,11.06054211,10.99518394,234162421
28-03-2008,11.14472675,11.29690647,10.81720448,10.91110325,10.84662914,175704123
31-03-2008,10.85033035,11.02592182,10.75991917,10.97062874,10.90580177,178522648
01-04-2008,11.15170097,11.61894894,11.13003159,11.59927273,11.53073311,244637537
02-04-2008,11.70363235,11.84908676,11.46677017,11.59902382,11.5304842,240859429
03-04-2008,11.50014496,11.5389986,11.16141415,11.33551216,11.26852989,272152284
04-04-2008,11.38258457,11.90114212,11.36241055,11.73327065,11.66393852,236772166
07-04-2008,11.88121605,12.09068108,11.79404259,11.8759861,11.80581188,238631108
08-04-2008,11.78183937,11.80923557,11.50711823,11.651577,11.58272743,182561731
09-04-2008,11.68445396,11.75593567,11.39578629,11.56141472,11.49309921,242830791
10-04-2008,11.58059311,11.80226231,11.50313282,11.68320847,11.61417198,203656504
11-04-2008,11.5584259,11.63787842,11.33277225,11.3935442,11.32621861,167413162
14-04-2008,11.38632107,11.3935442,11.21172619,11.24933529,11.18286228,154280120
15-04-2008,11.41048145,11.45008183,11.05157566,11.12928486,11.06352234,183790319
16-04-2008,11.06851196,11.414217,10.98383045,11.33327007,11.26630211,306372069
17-04-2008,11.34821415,11.44136524,11.121315,11.1965332,11.13037205,536122013
18-04-2008,13.33028507,13.64136887,13.07025909,13.43489265,13.35550499,732158060
21-04-2008,13.43439484,13.51409626,13.20774364,13.39454365,13.31539536,298703433
22-04-2008,13.38906384,13.96839333,13.38881493,13.82318687,13.74150562,318730218
23-04-2008,13.89641285,13.93053532,13.47324944,13.6112318,13.53080273,197597880
24-04-2008,13.73078442,13.81048489,13.45008564,13.52530384,13.44538212,166023975
25-04-2008,13.67424583,13.7733736,13.51758289,13.55070877,13.47063732,167200368
28-04-2008,13.59603882,13.86826801,13.42468071,13.75145626,13.67019844,160945009
29-04-2008,13.71932697,14.03240299,13.69890308,13.90961266,13.82742119,174491595
30-04-2008,14.00276375,14.56690025,13.90961266,14.3036356,14.21911526,317304895
01-05-2008,14.40376091,14.81770992,14.37038612,14.77163219,14.6843462,265101957
02-05-2008,14.90637684,15.00500774,14.42841911,14.47798347,14.39243221,281001329
05-05-2008,14.91559315,14.91907978,14.62343788,14.81696224,14.72940731,252181709
06-05-2008,14.71982574,14.74473286,14.52057266,14.60426044,14.51796246,185866070
07-05-2008,14.7016449,14.93128395,14.35693741,14.42094707,14.33573341,265511486
08-05-2008,14.60027504,14.67748547,14.41870499,14.52082157,14.43501663,205684075
09-05-2008,14.42094707,14.57038689,14.22916603,14.2764883,14.19212818,180068420
12-05-2008,14.31509399,14.61397266,14.16963863,14.56889153,14.48280334,195285244
13-05-2008,14.60102177,14.64386082,14.40973854,14.52057266,14.43476963,207314163
14-05-2008,14.60749817,14.72455883,14.32754707,14.35369873,14.2688818,175688063
15-05-2008,14.42094707,14.51932812,14.33651257,14.47076035,14.385252,174359100
16-05-2008,14.48147011,14.56241608,14.40400982,14.44759655,14.36222553,171604815
19-05-2008,14.40973854,14.66702366,14.28445816,14.3840847,14.29908848,225020282
20-05-2008,14.31210518,14.50762177,14.26926517,14.41098404,14.32582855,133040807
21-05-2008,14.40899181,14.48097229,13.646101,13.69840527,13.61746025,259693761
22-05-2008,13.74722195,13.80351067,13.45581436,13.68520355,13.60433769,203813089
23-05-2008,13.62293816,13.7733736,13.39504242,13.56465626,13.48450279,177924414
27-05-2008,13.57312489,14.01247787,13.54547787,13.97013569,13.88758469,155199554
28-05-2008,14.1454792,14.23389816,13.97511768,14.15295124,14.06932163,162623276
29-05-2008,14.31608963,14.59230423,14.2764883,14.52057266,14.43476963,194526410
30-05-2008,14.53227901,14.69292736,14.47823238,14.590312,14.50409794,129491554
02-06-2008,14.50811958,14.54273987,14.22841835,14.32131958,14.23669434,147518872
03-06-2008,14.35867977,14.45830727,13.96291447,14.12953854,14.04604721,172857493
04-06-2008,14.08047295,14.39603996,14.06104565,14.25207996,14.16786385,135032244
05-06-2008,14.37312603,14.64610291,14.35145664,14.60276508,14.51647663,157255230
06-06-2008,14.43962669,14.46378613,14.12206745,14.12206745,14.03862,190089843
09-06-2008,14.14846802,14.19678688,13.58408356,13.89466858,13.81256485,212324874
10-06-2008,13.68769455,13.91833115,13.61845493,13.80251503,13.7209549,146844353
11-06-2008,13.85407162,13.88146877,13.56067085,13.57910156,13.49886322,153087667
12-06-2008,13.66777039,13.89790726,13.62094498,13.77212906,13.69075012,220487355
13-06-2008,13.98483086,14.33875465,13.98109531,14.23439598,14.15028477,248303226
16-06-2008,14.10961437,14.42343712,14.10961437,14.26677513,14.18247318,142243171
17-06-2008,14.35494423,14.39778423,14.15643787,14.18333721,14.09952736,139035192
18-06-2008,14.06004906,14.17163086,13.92679882,14.00699806,13.92423058,135754943
19-06-2008,13.83190536,14.04186821,13.7188282,13.95270157,13.87025452,228176066
20-06-2008,13.87250233,13.87250233,13.5619173,13.6097374,13.52931786,240221045
23-06-2008,13.58308697,13.7771101,13.49989891,13.57935143,13.49911022,145981130
24-06-2008,13.57760811,13.72829342,13.32754517,13.50687313,13.42706108,187604562
25-06-2008,13.57337379,13.89292622,13.54099464,13.72356129,13.64246845,165506041
26-06-2008,13.55170536,13.5723772,13.15718365,13.17113113,13.09330177,227228528
27-06-2008,13.14273834,13.20052147,12.8291626,13.15245056,13.07473183,218716743
30-06-2008,13.26204109,13.3997736,13.02766895,13.11135483,13.03387928,151176531
01-07-2008,12.94099426,13.36789417,12.87673473,13.31832981,13.23963165,199139637
02-07-2008,13.36266327,13.45905209,13.10238934,13.12679768,13.04923153,169553154
03-07-2008,13.22243881,13.43041039,13.13825512,13.37486839,13.29583645,96379907
07-07-2008,13.50687313,13.67374706,13.33999825,13.54697323,13.46692371,170845981
08-07-2008,13.59877777,13.82791996,13.44958782,13.81148148,13.72986984,198035514
09-07-2008,13.7175827,13.84012413,13.46776867,13.48819256,13.40849018,166782808
10-07-2008,13.57412148,13.6862011,13.21845436,13.46378422,13.38422585,173917451
11-07-2008,13.36241436,13.43713379,12.93725777,13.29516602,13.21660519,200002860
14-07-2008,13.42468071,13.45108223,12.83813,12.99180412,12.91503429,177655409
15-07-2008,12.85880184,13.13825512,12.48071861,12.85406971,12.77811432,243750224
16-07-2008,12.80301094,13.36241436,12.71733189,13.33999825,13.26117229,190398997
17-07-2008,13.30413342,13.37611294,13.06353474,13.28619957,13.20769024,352813493
18-07-2008,12.41222572,12.42791653,11.91010761,11.98806572,11.91722775,453389067
21-07-2008,11.97710705,12.05705738,11.59902382,11.6762352,11.60723972,236944811
22-07-2008,11.62442875,11.96141624,11.59653282,11.88320923,11.81299114,188363396
23-07-2008,11.99528885,12.3843298,11.90786552,12.1848278,12.1128273,196497772
24-07-2008,12.37112999,12.3753643,11.84609795,11.84609795,11.77609825,142166886
25-07-2008,12.11683273,12.28221321,11.99254894,12.25357056,12.18116379,127817302
28-07-2008,12.25631046,12.25631046,11.83389378,11.88345814,11.81323814,126873778
29-07-2008,11.93775368,12.13601112,11.90537643,12.03264904,11.96154785,112532223
30-07-2008,12.09217644,12.10512733,11.7761097,12.0224371,11.95139694,140151360
31-07-2008,11.81969738,11.97735596,11.74198818,11.7995224,11.72979927,115033564
01-08-2008,11.76863766,11.78632164,11.51932335,11.65282154,11.5839653,120766974
04-08-2008,11.65929794,11.78109169,11.50437927,11.53177643,11.46363544,99852875
05-08-2008,11.64609814,11.95718193,11.61471462,11.95145321,11.88083267,143917423
06-08-2008,11.91459084,12.19852734,11.76863766,12.11309719,12.04152012,135538133
07-08-2008,12.00500202,12.05481625,11.86577415,11.93327141,11.86275864,111367875
08-08-2008,11.95892525,12.34746933,11.84784126,12.32903767,12.25618458,150132633
11-08-2008,12.26577473,12.67449284,12.24858856,12.47424316,12.40053177,170207597
12-08-2008,12.50313473,12.60599995,12.40350914,12.51832771,12.44435596,110641162
13-08-2008,12.49317265,12.54149055,12.30089283,12.45406914,12.38047791,145563571
14-08-2008,12.3960371,12.64286137,12.36091805,12.59005928,12.5156641,117181585
15-08-2008,12.62741947,12.71882725,12.59030819,12.70612431,12.63104439,142359606
18-08-2008,12.69840336,12.70238781,12.34149075,12.41098118,12.33764458,133855851
19-08-2008,12.21496487,12.41048241,12.12032032,12.21670914,12.14452076,122316761
20-08-2008,12.32181454,12.37088108,12.01919937,12.0797224,12.00834274,159881036
21-08-2008,12.02791595,12.20176506,11.93700695,12.11782932,12.04622459,141090868
22-08-2008,12.2416153,12.32579994,12.19130421,12.21895027,12.14674759,92232419
25-08-2008,12.10736942,12.37860203,11.99254894,12.03015804,11.95907211,80874004
26-08-2008,12.04136562,12.04136562,11.72081661,11.80973434,11.73995018,132823998
27-08-2008,11.79902363,11.82642174,11.57760429,11.67075539,11.60179329,176141757
28-08-2008,11.76813984,11.86676979,11.71434212,11.80027008,11.73054218,121642242
29-08-2008,11.69989586,11.73127842,11.51508904,11.5389986,11.4708147,154504960
02-09-2008,11.8747406,12.0094862,11.49242401,11.58781624,11.51934242,245376296
03-09-2008,11.67449093,11.81297207,11.44659519,11.56689358,11.49854374,173230887
04-09-2008,11.45705605,11.53775406,11.19304562,11.21446514,11.14819717,194666935
05-09-2008,11.09566116,11.26926041,10.96091557,11.06477737,10.99939537,182051827
08-09-2008,11.25830078,11.28121471,10.39976883,10.45954514,10.39774036,362068052
09-09-2008,10.53974438,10.76913548,10.33625698,10.42741489,10.36579895,290267933
10-09-2008,10.57212257,10.57237244,10.20375443,10.31533623,10.25438118,250005583
11-09-2008,10.17062759,10.83663177,10.121562,10.80325699,10.73941994,259826256
12-09-2008,10.71508694,11.00848675,10.68494987,10.9006424,10.83622932,242023777
15-09-2008,10.56041718,11.00798893,10.55319405,10.80599594,10.74214363,263680649
16-09-2008,10.60923386,11.1900568,10.59752846,11.03190041,10.966712,280676114
17-09-2008,10.92106533,10.93750381,10.29740334,10.32355499,10.26255322,366444394
18-09-2008,10.52654362,10.9385004,10.22417736,10.93600941,10.87138748,344863807
19-09-2008,11.48196316,11.50861263,11.04061699,11.18681908,11.12071514,401740198
22-09-2008,11.31085396,11.31085396,10.68494987,10.71334362,10.65003777,176952786
23-09-2008,10.79080296,10.97859955,10.60325623,10.69167519,10.62849808,208948265
24-09-2008,10.71832466,11.08345604,10.71259689,10.83712959,10.77309227,170316002
25-09-2008,10.93003178,11.20798969,10.85879898,10.94896126,10.88426399,201564693
26-09-2008,10.66004372,10.88818836,10.48644447,10.73575974,10.67232132,212493504
29-09-2008,10.44858646,10.54821301,9.482208252,9.489431381,9.433358192,432129680
30-09-2008,9.862532616,10.58731556,9.771373749,9.975608826,9.916662216,123914728
01-10-2008,10.24036694,10.38557243,10.03986835,10.25456333,10.19396877,250326782
02-10-2008,10.20649433,10.21122646,9.613965034,9.725794792,9.668324471,240293315
03-10-2008,9.896655083,10.27399063,9.540987968,9.636630058,9.579687119,320914374
06-10-2008,9.314586639,9.364648819,8.895656586,9.245594978,9.190961838,450506303
07-10-2008,9.298397064,9.339492798,8.602007866,8.617947578,8.567023277,443833384
08-10-2008,8.22317791,8.941235542,8.12230587,8.42118454,8.371422768,474829130
09-10-2008,8.58083725,8.68170929,8.011719704,8.193787575,8.14536953,324210683
10-10-2008,7.79976511,8.515332222,7.728531837,8.269005775,8.220143318,425500926
13-10-2008,8.861535072,9.513092995,8.61147213,9.489929199,9.433853149,357555200
14-10-2008,9.801511765,9.825671196,8.891672134,9.033888817,8.980507851,312559174
15-10-2008,8.833141327,8.941485405,8.439118385,8.44758606,8.397669792,269863738
16-10-2008,8.287935257,8.879219055,7.707111835,8.792543411,8.740588188,652022815
17-10-2008,9.438622475,9.613965034,9.05480957,9.278720856,9.223893166,572104380
20-10-2008,9.458297729,9.48893261,8.956179619,9.447587967,9.391762733,271148536
21-10-2008,9.274985313,9.558671951,9.016204834,9.034885406,8.981497765,232146894
22-10-2008,8.891423225,9.207736969,8.567885399,8.858546257,8.806200027,263383540
23-10-2008,8.808235168,8.916578293,8.418196678,8.775109291,8.723256111,260127380
24-10-2008,8.131272316,8.729030609,8.088184357,8.450574875,8.400640488,295463334
27-10-2008,8.338993073,8.54297924,8.109602928,8.206489563,8.157996178,248957670
28-10-2008,8.444598198,9.198272705,8.182082176,9.184325218,9.130055428,325431241
29-10-2008,9.110601425,9.240365028,8.776353836,8.916578293,8.863889694,391726805
30-10-2008,9.177102089,9.265271187,8.925793648,8.958670616,8.905733109,320753774
31-10-2008,8.870750427,9.264274597,8.823677063,8.950451851,8.897562981,298044974
03-11-2008,8.906118393,9.040863037,8.503874779,8.62990284,8.57890892,239072757
04-11-2008,8.803004265,9.274237633,8.605244637,9.13924408,9.085240364,295097969
05-11-2008,9.01994133,9.187562943,8.500886917,8.524049759,8.47368145,278901487
06-11-2008,8.467512131,8.578346252,8.114833832,8.24957943,8.200832367,344277618
07-11-2008,8.296900749,8.496902466,8.102877617,8.24758625,8.198850632,187953866
10-11-2008,8.169379234,8.205245018,7.707859039,7.939740181,7.892823696,324415448
11-11-2008,7.688432217,7.877971172,7.48494482,7.757422924,7.711584091,407385278
12-11-2008,7.523052216,7.783076763,7.167136192,7.247832775,7.205005169,403550960
13-11-2008,7.267011166,7.795780182,6.973859787,7.772864819,7.72693491,531372276
14-11-2008,7.552939892,8.094409943,7.535754204,7.721558094,7.675930977,382110897
17-11-2008,7.546712875,7.725045204,7.420935154,7.474981785,7.430811882,302883041
18-11-2008,7.511096954,7.564895153,7.107110977,7.407733917,7.36396122,335095329
19-11-2008,7.35717392,7.476725101,6.938492775,6.97834301,6.937107563,314558640
20-11-2008,6.846587181,7.047085762,6.451817036,6.464767933,6.426567078,392642224
21-11-2008,6.538242817,6.709103107,6.159412861,6.536251068,6.497627735,411315956
24-11-2008,6.706363201,6.723547935,6.202003002,6.411965847,6.37407732,403695499
25-11-2008,6.691916943,7.139739037,6.658043861,7.024919033,6.983408451,432462924
26-11-2008,6.980834007,7.358917236,6.879214764,7.274981976,7.231994152,255217044
28-11-2008,7.237372875,7.383574963,7.18008709,7.296649933,7.253533363,103004645
01-12-2008,7.140236855,7.157670975,6.624669075,6.624917984,6.585771084,229304279
02-12-2008,6.718069077,6.918568134,6.539987087,6.852066994,6.811577797,234463545
03-12-2008,6.721057892,7.007732868,6.608728886,6.959662914,6.918537617,237077306
04-12-2008,6.887434006,7.060783863,6.694159031,6.83288908,6.792512894,196196647
05-12-2008,6.750198841,7.079463959,6.575851917,7.073237896,7.031441689,261825722
08-12-2008,7.222678185,7.707111835,7.023674011,7.524546146,7.480082989,326993073
09-12-2008,7.414459229,7.920312881,7.397521973,7.620686054,7.57565546,276629001
10-12-2008,7.702130795,7.843101978,7.584321976,7.691669941,7.64621973,210265182
11-12-2008,7.575853825,7.79279089,7.417199135,7.477472782,7.433288097,248094446
12-12-2008,7.365143776,7.882205963,7.322553158,7.86452198,7.818050385,229741913
15-12-2008,7.820934772,7.932517052,7.599266052,7.737747192,7.692024708,270526212
16-12-2008,7.833638191,8.206739426,7.752690792,8.101633072,8.053759575,283442445
17-12-2008,7.936253071,8.023177147,7.781333923,7.851570129,7.805175304,232456049
18-12-2008,7.887934208,7.978843212,7.69889307,7.728033066,7.682367802,191254191
19-12-2008,7.745717049,7.915081978,7.696153164,7.725294113,7.679645538,225345496
22-12-2008,7.685194016,7.708605766,7.238617897,7.40001297,7.356286526,157291365
23-12-2008,7.482703209,7.554433823,7.389053822,7.422677994,7.378817081,151674390
24-12-2008,7.508854866,7.629900932,7.431643963,7.545467854,7.500881195,77148090
26-12-2008,7.573362827,7.603002071,7.429901123,7.480959892,7.43675518,78657728
29-12-2008,7.477472782,7.506363869,7.262279034,7.407733917,7.36396122,148631025
30-12-2008,7.491918087,7.641606808,7.439864159,7.549452782,7.504842758,154316255
31-12-2008,7.576601028,7.745965958,7.536999226,7.662528992,7.617250919,115904817
02-01-2009,7.686190128,8.0154562,7.608980179,8.00300312,7.955712795,144961322
05-01-2009,7.995032787,8.250077248,7.845592976,8.170623779,8.122343063,196293007
06-01-2009,8.293414116,8.488183975,8.129279137,8.320313454,8.271148682,257971329
07-01-2009,8.177349091,8.241856575,7.938992977,8.020188332,7.972796917,180453860
08-01-2009,7.927287102,8.099390984,7.90387392,8.099390984,8.051531792,144567852
09-01-2009,8.156926155,8.156926155,7.805741787,7.847335815,7.800965786,174270770
12-01-2009,7.878220081,7.943974018,7.726788044,7.788057804,7.74203825,132667413
13-01-2009,7.765143871,7.985070229,7.730772972,7.828656197,7.78239584,177964564
14-01-2009,7.721059799,7.815704823,7.415953159,7.496152878,7.451858521,219535801
15-01-2009,7.411469936,7.561159134,7.142975807,7.446836948,7.402833462,238269759
16-01-2009,7.597023964,7.677473068,7.364894867,7.463774204,7.419670582,209759293
20-01-2009,7.450572968,7.45953989,7.042354107,7.042354107,7.000741005,202684876
21-01-2009,7.181830883,7.559165955,7.181830883,7.548706055,7.504100323,197718329
22-01-2009,7.423175812,7.704870224,7.351195812,7.63388586,7.588777065,331919470
23-01-2009,7.702877998,8.268009186,7.577098846,8.087186813,8.039398193,430921167
26-01-2009,8.090923309,8.169379234,7.984074116,8.066514969,8.018850327,185119281
27-01-2009,8.130773544,8.315581322,8.076477051,8.256053925,8.207269669,197830749
28-01-2009,8.417946815,8.7753582,8.376353264,8.684199333,8.632884026,308809170
29-01-2009,8.581335068,8.594037056,8.470998764,8.550949097,8.500421524,292444059
30-01-2009,8.58507061,8.687437057,8.368632317,8.431646347,8.381824493,187580472
02-02-2009,8.326042175,8.592791557,8.269005775,8.482456207,8.432332993,209056670
03-02-2009,8.532268524,8.54297924,8.314584732,8.479467392,8.429361343,263243015
04-02-2009,8.470002174,8.827911377,8.44758606,8.54297924,8.492497444,273718132
05-02-2009,8.490923882,8.851323128,8.393539429,8.809977531,8.757919312,291665150
06-02-2009,8.878222466,9.310353279,8.852816582,9.247339249,9.192696571,282579221
09-02-2009,9.247339249,9.489431381,9.148209572,9.433889389,9.378144264,199838246
10-02-2009,9.36439991,9.402257919,8.91383934,8.929281235,8.87651825,285213056
11-02-2009,8.940239906,9.090925217,8.79204464,8.917574883,8.864880562,210048373
12-02-2009,8.796030045,9.056553841,8.75418663,9.042357445,8.988926888,222844155
13-02-2009,9.020936966,9.040863037,8.847586632,8.908608437,8.855967522,166489714
17-02-2009,8.630400658,8.644846916,8.46053791,8.534510612,8.484078407,228067661
18-02-2009,8.648583412,8.801509857,8.481209755,8.794784546,8.742815971,241883252
19-02-2009,8.903377533,8.961409569,8.503376961,8.534011841,8.483584404,200295955
20-02-2009,8.419691086,8.690425873,8.343726158,8.628907204,8.577918053,249616129
23-02-2009,8.642604828,8.71234417,8.207983971,8.220686913,8.172109604,209626799
24-02-2009,8.244597435,8.707860947,8.241358757,8.604000092,8.553159714,244749957
25-02-2009,8.521807671,8.774611473,8.441360474,8.509105682,8.458825111,258529413
26-02-2009,8.61670208,8.779342651,8.39752388,8.398021698,8.348398209,225064447
27-02-2009,8.292667389,8.563402176,8.24683857,8.418196678,8.368453979,217612620
02-03-2009,8.302131653,8.485693932,8.119565964,8.148457527,8.100307465,232407869
03-03-2009,8.220935822,8.311098099,8.02865696,8.106614113,8.058711052,261970262
04-03-2009,8.048830986,8.194286346,7.855056763,7.943226814,7.896290302,313908211
05-03-2009,7.882454872,7.947212219,7.537746906,7.612466812,7.567484379,262175027
06-03-2009,7.651819229,7.725791931,7.328780174,7.685442924,7.640029907,290452622
09-03-2009,7.471495152,7.635630131,7.209228039,7.245093822,7.202282429,259822241
10-03-2009,7.428407192,7.733512878,7.328780174,7.675479889,7.630125046,270217058
11-03-2009,7.723549843,7.970126152,7.614210129,7.918070793,7.871282578,237832124
12-03-2009,7.908855915,8.094658852,7.811968803,8.058046341,8.01043129,201717262
13-03-2009,8.122056961,8.155929565,7.945967197,8.080212593,8.032466888,156841686
16-03-2009,8.119317055,8.212468147,7.935008049,7.962405205,7.915355206,198613673
17-03-2009,7.974608898,8.352193832,7.947461128,8.352193832,8.302840233,189206544
18-03-2009,8.338993073,8.468258858,8.170623779,8.296402931,8.247379303,201239478
19-03-2009,8.261035919,8.368632317,8.15393734,8.217698097,8.169139862,165064391
20-03-2009,8.226663589,8.293663025,8.128033638,8.22317791,8.17458725,190226352
23-03-2009,8.307860374,8.703626633,8.294659615,8.682456017,8.631151199,171500425
24-03-2009,8.630151749,8.8129673,8.567885399,8.646840096,8.595746994,153372732
25-03-2009,8.727288246,8.750699997,8.374858856,8.569628716,8.51899147,174102141
26-03-2009,8.795283318,8.945469856,8.679965019,8.799267769,8.747273445,241032074
27-03-2009,8.717325211,8.767139435,8.60449791,8.660039902,8.608866692,133410187
30-03-2009,8.531770706,8.563153267,8.369877815,8.535258293,8.484822273,124227898
31-03-2009,8.690674782,8.804747581,8.622181892,8.669006348,8.617780685,146760038
01-04-2009,8.562405586,8.847835541,8.483451843,8.819192886,8.767080307,132542948
02-04-2009,9.048832893,9.209481239,8.974362373,9.028657913,8.975307465,180192885
03-04-2009,9.078472137,9.25829792,8.916578293,9.209979057,9.155556679,152160204
06-04-2009,9.140737534,9.210974693,9.001260757,9.17162323,9.117427826,131703815
07-04-2009,9.031148911,9.059791565,8.849579811,8.932767868,8.879983902,147755757
08-04-2009,9.053565025,9.090925217,8.871995926,9.016204834,8.962928772,111022586
09-04-2009,9.203004837,9.323801994,9.122057915,9.27772522,9.222903252,135811153
13-04-2009,9.248583794,9.442109108,9.222929955,9.417450905,9.361804008,122461301
14-04-2009,9.388310432,9.389555931,9.105869293,9.188309669,9.134015083,137658049
15-04-2009,9.143228531,9.490925789,9.070002556,9.45207119,9.3962183,197967259
16-04-2009,9.501885414,9.785820007,9.489929199,9.682209015,9.624996185,408931050
17-04-2009,9.614462852,9.958173752,9.58432579,9.769382477,9.711654663,430840867
20-04-2009,9.617699623,9.729780197,9.362157822,9.447090149,9.391266823,177820024
21-04-2009,9.369132042,9.571622849,9.367388725,9.50113678,9.444993019,148370051
22-04-2009,9.508111,9.713590622,9.43986702,9.560664177,9.504169464,140597024
23-04-2009,9.651574135,9.707364082,9.492171288,9.581336975,9.524720192,104751167
24-04-2009,9.615209579,9.792794228,9.476978302,9.700888634,9.643566132,135923572
27-04-2009,9.572619438,9.700888634,9.533018112,9.612718582,9.555916786,91967429
28-04-2009,9.557925224,9.689929962,9.50288105,9.556927681,9.500455856,118185333
29-04-2009,9.613217354,9.837376595,9.609729767,9.750204086,9.69258976,144941247
30-04-2009,9.857052803,10.05605698,9.833143234,9.862283707,9.80400753,174881049
01-05-2009,9.838871002,9.902632713,9.752196312,9.805497169,9.747554779,97471985
04-05-2009,9.917078018,10.02243328,9.832894325,10.01197338,9.952812195,128600225
05-05-2009,9.962159157,10.08719063,9.894164085,10.03712845,9.977818489,96391952
06-05-2009,10.13177395,10.16888523,9.987564087,10.04908371,9.989703178,105710750
07-05-2009,10.06477547,10.08694172,9.775857925,9.878224373,9.819853783,120441759
08-05-2009,10.03364086,10.21496201,9.838124275,10.14522266,10.0852747,155183494
11-05-2009,10.03239632,10.2615366,9.992545128,10.16141319,10.10136795,102755715
12-05-2009,10.21197319,10.23638153,9.840864182,9.937999725,9.879276276,152200354
13-05-2009,9.815459251,9.87274456,9.672494888,9.702134132,9.644804001,114138220
14-05-2009,9.683703423,9.768634796,9.581336975,9.651324272,9.594295502,117920344
15-05-2009,9.740987778,9.815957069,9.690925598,9.713590622,9.656193733,120799094
18-05-2009,9.831399918,9.895659447,9.599020958,9.883953094,9.825548172,134570520
19-05-2009,9.865522385,10.0035038,9.788311005,9.934762001,9.876056671,113925426
20-05-2009,10.01471233,10.10387802,9.838124275,9.892420769,9.833967209,91702440
21-05-2009,9.870503426,10.03339195,9.809232712,9.875484467,9.817130089,109199779
22-05-2009,9.879468918,9.929034233,9.763403893,9.800764084,9.742851257,69001669
26-05-2009,9.762159348,10.08719063,9.713590622,10.07124996,10.01173878,124645457
27-05-2009,10.10313129,10.25804996,10.08245754,10.10113811,10.0414505,121826932
28-05-2009,10.17884731,10.25207329,10.07747746,10.22168732,10.16128635,107152133
29-05-2009,10.26427746,10.39179897,10.22915936,10.39179897,10.33039284,106325044
01-06-2009,10.42915916,10.69989395,10.42417812,10.62417793,10.56139851,133394127
02-06-2009,10.61645699,10.70886135,10.5454731,10.6700058,10.60695648,105337356
03-06-2009,10.61023045,10.77112675,10.56041718,10.75095272,10.68742466,141841672
04-06-2009,10.84186172,10.98980808,10.82193661,10.96589661,10.90109921,146069460
05-06-2009,11.08520031,11.14173794,10.94547367,11.06651974,11.00112724,147783862
08-06-2009,10.94647026,10.98183727,10.81247234,10.92828846,10.86371326,124412588
09-06-2009,10.92355633,10.97137737,10.75369263,10.84983158,10.78571892,130684007
10-06-2009,10.86502457,10.90637016,10.62691784,10.77461433,10.71094608,134859599
11-06-2009,10.75394154,10.80275917,10.66925907,10.68494987,10.62181187,115037579
12-06-2009,10.63164997,10.65257168,10.49092674,10.58133888,10.51881313,117173555
15-06-2009,10.49814987,10.49814987,10.31135082,10.38034153,10.31900406,150036273
16-06-2009,10.44360542,10.48793888,10.34671783,10.36116409,10.29994011,122445241
17-06-2009,10.36589622,10.45381737,10.25057793,10.34024239,10.27914238,140127270
18-06-2009,10.35319424,10.42816257,10.28644371,10.31284523,10.25190544,123870563
19-06-2009,10.41620731,10.47224712,10.32579613,10.46303177,10.40120602,171002566
22-06-2009,10.38482475,10.39827538,10.00973129,10.14572144,10.08577061,165594371
23-06-2009,10.12828732,10.18656826,10.02616882,10.10412693,10.04442024,116418737
24-06-2009,10.18034172,10.26726627,10.12604523,10.1940403,10.13380337,98680498
25-06-2009,10.1370039,10.3586731,10.12479973,10.35543537,10.29424477,122236461
26-06-2009,10.30338001,10.66577244,10.28918362,10.59329414,10.53069878,130756276
29-06-2009,10.61023045,10.65506172,10.51658058,10.56390381,10.50148106,87097243
30-06-2009,10.56041718,10.64036655,10.41645718,10.50039196,10.43834496,104144903
01-07-2009,10.56539822,10.62019253,10.41471291,10.43563461,10.37397003,92778458
02-07-2009,10.34646893,10.34646893,10.13227177,10.17411518,10.11399555,101081463
06-07-2009,10.12455082,10.22766399,10.00400257,10.20201015,10.14172554,90843231
07-07-2009,10.16788769,10.19155025,9.862532616,9.878722191,9.82034874,130860666
08-07-2009,9.962657928,10.11209679,9.914339066,10.02467537,9.965439796,138163938
09-07-2009,10.1150856,10.32255936,10.10711575,10.22143841,10.16103935,131515110
10-07-2009,10.20126343,10.39528561,10.17934513,10.3213129,10.26032352,117502785
13-07-2009,10.36539841,10.57336807,10.3407402,10.56788921,10.50544357,162434571
14-07-2009,10.55319405,10.62841225,10.48245907,10.57760334,10.51509953,116266167
15-07-2009,10.70138931,10.92604637,10.67224789,10.91334438,10.84885597,151646285
16-07-2009,10.8762331,11.10213566,10.81197357,11.02368069,10.95854187,263162715
17-07-2009,10.78457737,10.84634495,10.62766457,10.71608257,10.65276146,275191634
20-07-2009,10.70686817,10.78084087,10.61645699,10.7140913,10.65078068,126612804
21-07-2009,10.73326874,10.75717926,10.60325623,10.65755272,10.59457588,119173022
22-07-2009,10.66004372,10.71483803,10.5479641,10.65232182,10.58937645,103855823
23-07-2009,10.67698002,10.9890604,10.59777737,10.89267159,10.8283062,139649486
24-07-2009,10.85456371,11.22019386,10.83438969,11.12629604,11.06054974,145619780
27-07-2009,11.10935879,11.12704277,10.89939594,11.078475,11.01301289,100551484
28-07-2009,10.98383045,11.02891064,10.86178684,10.95518684,10.89045238,101679697
29-07-2009,10.88993168,10.90412903,10.75693035,10.86527443,10.80107117,79777911
30-07-2009,11.0239296,11.2446022,11.0239296,11.09939671,11.03380966,128423566
31-07-2009,11.20749187,11.27523804,11.01944637,11.03488922,10.96968365,114844859
03-08-2009,11.17660713,11.30512619,11.14920998,11.26303291,11.1964798,104000363
04-08-2009,11.19229889,11.30761623,11.16888618,11.30089092,11.23411369,95950302
05-08-2009,11.35743046,11.38009453,11.15518761,11.23638344,11.16998672,94031136
06-08-2009,11.31508827,11.32953358,11.17137718,11.21695614,11.15067387,84752487
07-08-2009,11.34920979,11.44260979,11.33227444,11.38482666,11.31755447,102105287
10-08-2009,11.33600998,11.41745472,11.30238628,11.37262344,11.30542183,69941178
11-08-2009,11.29939747,11.38806534,11.26726818,11.30612183,11.23931313,68756755
12-08-2009,11.34273529,11.50064278,11.33053017,11.42168903,11.35419846,94007046
13-08-2009,11.51060486,11.57461452,11.4299078,11.51384258,11.4458065,80107140
14-08-2009,11.52629662,11.5362587,11.37959576,11.45705605,11.38935566,67255147
17-08-2009,11.24534988,11.25755405,11.03663158,11.08071709,11.01524067,105200846
18-08-2009,11.08594704,11.15070438,11.01670742,11.09043026,11.02489758,94396500
19-08-2009,10.95867443,11.08345604,10.92305756,11.05780315,10.99246216,90538092
20-08-2009,11.25780296,11.51135254,11.23862457,11.46726799,11.39950752,160555554
21-08-2009,11.59503937,11.60873795,11.52305889,11.58756733,11.51909733,142953825
24-08-2009,11.64011955,11.70836353,11.56714439,11.67449093,11.60550499,98503838
25-08-2009,11.68445396,11.81446648,11.67424202,11.74024487,11.67087078,93990986
26-08-2009,11.77486515,11.78084278,11.62393093,11.65630913,11.58743191,79810030
27-08-2009,11.67075539,11.67075539,11.47523785,11.60799026,11.53939915,80255695
28-08-2009,11.68769169,11.76515102,11.54124069,11.57536316,11.50696373,71129616
31-08-2009,11.4518261,11.50338173,11.40724277,11.4986496,11.43070316,78609548
01-09-2009,11.44908619,11.62691879,11.31807709,11.35145187,11.28437519,104185053
02-09-2009,11.35294628,11.41546154,11.27249813,11.28295898,11.21628761,72462593
03-09-2009,11.35294628,11.41347027,11.33252335,11.39528847,11.32795238,66094814
04-09-2009,11.39653301,11.52181339,11.35194969,11.4894352,11.42154312,60192775
08-09-2009,11.56390572,11.63115406,11.35344505,11.42268467,11.35518837,106666319
09-09-2009,11.43364429,11.61322117,11.42716789,11.55593586,11.48765087,88145156
10-09-2009,11.62268543,11.7295351,11.50686932,11.7295351,11.66022491,101764012
11-09-2009,11.71608543,11.78831482,11.64709377,11.75942326,11.68993568,76401301
14-09-2009,11.71882534,11.87548828,11.7073679,11.83364487,11.76371956,79324216
15-09-2009,11.83264828,11.92804146,11.77361965,11.89391899,11.82363796,96283547
16-09-2009,11.95020771,12.1885643,11.91733074,12.16166496,12.08980083,103799614
17-09-2009,12.21845245,12.38781738,12.13327217,12.24709511,12.17472649,179996150
18-09-2009,12.37287331,12.37810421,12.23489094,12.24061871,12.16828918,131832295
21-09-2009,12.14796638,12.42592525,12.11010838,12.37860203,12.30545616,84973311
22-09-2009,12.47623634,12.50288582,12.39877605,12.42990971,12.35646057,122103967
23-09-2009,12.47274876,12.62766838,12.39628601,12.41496563,12.34160519,108573440
24-09-2009,12.46502781,12.48843956,12.27897453,12.37287331,12.29976082,101482963
25-09-2009,12.31110477,12.45157814,12.25406933,12.26602364,12.19354439,82291296
28-09-2009,12.32480431,12.49068165,12.28644657,12.41670895,12.34333801,73847766
29-09-2009,12.44161606,12.44709492,12.2792244,12.41670895,12.34333801,84282733
30-09-2009,12.45332241,12.45680904,12.13551331,12.34995937,12.27698231,126139035
01-10-2009,12.27897453,12.36540127,12.12953568,12.13451672,12.06281376,112949783
02-10-2009,12.04833984,12.24759293,12.0199461,12.0692606,11.99794197,104421937
05-10-2009,12.14572525,12.26477909,12.03837681,12.16739368,12.09549522,86105539
06-10-2009,12.24659729,12.43763065,12.24659729,12.42193985,12.3485384,109701653
07-10-2009,12.4284153,12.9262991,12.39877605,12.8901844,12.81401539,195698788
08-10-2009,12.94074535,13.03240108,12.78557682,12.80649757,12.73082256,172797268
09-10-2009,12.86801815,12.98906422,12.81446838,12.85805511,12.78207493,109934523
12-10-2009,13.0366354,13.0949173,12.93451786,13.05207825,12.9749527,133386097
13-10-2009,13.06079483,13.13725758,12.98582554,13.10363388,13.02620316,121951397
14-10-2009,13.26179218,13.33950043,13.20052147,13.33302498,13.25423908,130824531
15-10-2009,13.29392147,13.3723774,13.1325264,13.19828033,13.12029171,244930632
16-10-2009,13.63215256,13.81696129,13.56241512,13.69491768,13.61399364,355001664
19-10-2009,13.76565266,13.78831768,13.66702271,13.75070858,13.66945553,129198459
20-10-2009,13.739501,13.77212906,13.46702194,13.74149418,13.66029549,162354271
21-10-2009,13.69641209,13.93153095,13.67374706,13.72605133,13.64494324,147374332
22-10-2009,13.69865417,13.82318687,13.6488409,13.80052185,13.71897507,93810311
23-10-2009,13.82941437,13.8951683,13.72854233,13.79055977,13.70907116,96066737
26-10-2009,13.84186745,13.98856735,13.72082138,13.80351067,13.72194481,119261352
27-10-2009,13.72281361,13.8122282,13.55319881,13.65606403,13.57537079,129142249
28-10-2009,13.64560318,13.69865417,13.40600109,13.45705986,13.37754154,103096990
29-10-2009,13.52455711,13.74423313,13.47449398,13.72480583,13.64370537,101282213
30-10-2009,13.69865417,13.70288754,13.30612469,13.3529501,13.2740469,139260032
02-11-2009,13.37685966,13.43613815,13.15668583,13.2998991,13.22130966,128564090
03-11-2009,13.20077038,13.38732147,13.15818024,13.38209057,13.30301571,95564863
04-11-2009,13.46951294,13.5865736,13.36042213,13.45780659,13.3782835,93657741
05-11-2009,13.53651237,13.69292641,13.51583862,13.66502953,13.58428192,74185025
06-11-2009,13.64186668,13.74298763,13.5865736,13.72605133,13.64494324,73341877
09-11-2009,13.83439541,14.01198006,13.80400944,14.01023579,13.92744923,106393299
10-11-2009,14.0157156,14.16640091,13.9975338,14.11608887,14.0326767,89566463
11-11-2009,14.20874214,14.28396034,14.09367275,14.21073532,14.12676334,93135792
12-11-2009,14.18582821,14.26901627,14.08470726,14.14323807,14.05966473,75734813
13-11-2009,14.1791029,14.25930309,14.11235332,14.24784565,14.16365528,66921903
16-11-2009,14.32131958,14.37088394,14.26602745,14.35320091,14.26838779,88297726
17-11-2009,14.31808186,14.38358688,14.28944016,14.38333797,14.29834652,76955370
18-11-2009,14.36241627,14.41546726,14.24834442,14.36241627,14.27754879,62216331
19-11-2009,14.2906847,14.29641438,14.19678688,14.27125835,14.18692875,87045048
20-11-2009,14.1843338,14.23663807,14.1818428,14.19579124,14.11190891,80548789
23-11-2009,14.35843086,14.61023712,14.34274006,14.50438404,14.41867828,102281946
24-11-2009,14.50861835,14.5527029,14.35967636,14.52281475,14.43699932,64448667
25-11-2009,14.60550499,14.62169361,14.51285172,14.5888176,14.50261211,58667077
27-11-2009,14.24660015,14.50712395,14.22094631,14.4398756,14.35455036,55591593
30-11-2009,14.46154499,14.53726101,14.37387276,14.52057266,14.43476963,69262644
01-12-2009,14.64834404,14.72530556,14.52057266,14.69168186,14.60486794,93159882
02-12-2009,14.71982574,14.76988888,14.60077286,14.63290215,14.54643631,66777363
03-12-2009,14.67100906,14.73103428,14.57038689,14.5888176,14.50261211,57362205
04-12-2009,14.77013779,14.81521893,14.4254303,14.5706358,14.48453617,100920864
07-12-2009,14.55070972,14.66229153,14.47076035,14.60151958,14.51523972,65693315
08-12-2009,14.5330267,14.71135807,14.49566746,14.6214447,14.53504658,61188493
09-12-2009,14.63265324,14.67823219,14.53501892,14.67051125,14.5838232,71507025
10-12-2009,14.70587921,14.81223011,14.70513153,14.73227978,14.64522648,66982128
11-12-2009,14.81148338,14.81322575,14.63838196,14.70762157,14.62071323,69057879
14-12-2009,14.82816982,14.87698746,14.75992584,14.83763504,14.74995899,76822876
15-12-2009,14.77711201,14.85382366,14.71957684,14.7731266,14.68583202,91557900
16-12-2009,14.90911674,14.95320225,14.86030006,14.88819504,14.80022049,112797213
17-12-2009,14.85531902,14.88520718,14.78856945,14.79305172,14.70563889,105947635
18-12-2009,14.84510708,14.91733646,14.81945324,14.85482025,14.76704216,141789477
21-12-2009,14.88445854,14.94000053,14.83614063,14.91110992,14.82299995,103233500
22-12-2009,14.97736073,14.98134613,14.91534424,14.97188187,14.88341236,75513988
23-12-2009,15.03116035,15.26453495,15.01496983,15.23489571,15.14487267,83218760
24-12-2009,15.26602936,15.43016434,15.24959087,15.40426064,15.31323624,34476745
28-12-2009,15.48346424,15.59130955,15.40426064,15.5136013,15.42193031,68170566
29-12-2009,15.56017685,15.56266689,15.39952946,15.42717457,15.33601475,57205620
30-12-2009,15.40475941,15.51011372,15.39255524,15.51011372,15.41846371,58843737
31-12-2009,15.56042576,15.57661533,15.44162083,15.44162083,15.35037518,48974884
04-01-2010,15.61522007,15.67898083,15.54772282,15.61023903,15.51799774,78541293
05-01-2010,15.62094879,15.63738728,15.48047543,15.54149723,15.44966221,120638494
06-01-2010,15.58807182,15.58807182,15.10239315,15.14971542,15.06019497,159744526
07-01-2010,15.17810917,15.19305325,14.76092243,14.79703712,14.70960045,257533695
08-01-2010,14.74473286,15.02493286,14.67275333,14.99429798,14.90569592,189680313
11-01-2010,15.05506992,15.05506992,14.79554272,14.97163296,14.88316536,289597429
12-01-2010,14.88545609,14.89815807,14.64510727,14.70687485,14.61997128,194859654
13-01-2010,14.35843086,14.65457058,14.29392338,14.62244129,14.53603649,260838034
14-01-2010,14.54298878,14.79952812,14.51584053,14.69118404,14.60437489,170239717
15-01-2010,14.77810764,14.78358746,14.3970356,14.44585323,14.36049175,218194794
19-01-2010,14.47574139,14.70538139,14.35344982,14.63564205,14.54916,173315202
20-01-2010,14.59479523,14.59479523,14.32854271,14.45606518,14.37064362,130515377
21-01-2010,14.53153229,14.61571693,14.25282669,14.52007484,14.43427467,253253712
22-01-2010,14.05980015,14.21173096,13.32156658,13.69890308,13.61795616,273035583
25-01-2010,13.61372185,13.69566536,13.33775711,13.44958782,13.37011433,177458675
26-01-2010,13.39902687,13.68869114,13.35718441,13.50986195,13.43003178,174873019
27-01-2010,13.48121929,13.64012337,13.33277512,13.50189209,13.4221096,159170382
28-01-2010,13.56141758,13.62393379,13.21546459,13.30737114,13.22873783,129648138
29-01-2010,13.41197872,13.47424507,13.0911808,13.19902706,13.12103367,166240784
01-02-2010,13.31509209,13.34522915,13.20799255,13.27573872,13.19729328,90369462
02-02-2010,13.32405758,13.32405758,13.14099407,13.2284174,13.15025043,164462143
03-02-2010,13.16739464,13.50189209,13.15643597,13.47001076,13.3904171,120413655
04-02-2010,13.37486839,13.3997736,13.08993626,13.12032223,13.04279327,135614418
05-02-2010,13.16067123,13.28769398,13.01272488,13.23265076,13.154459,126713179
08-02-2010,13.26278782,13.49940109,13.23862839,13.28694725,13.20843315,108175956
09-02-2010,13.43813133,13.48769474,13.32679844,13.36091995,13.28196907,113206742
10-02-2010,13.30189133,13.39454365,13.14298725,13.31135559,13.23269749,107380987
11-02-2010,13.28321075,13.46179199,13.18806839,13.35992432,13.28098011,96761331
12-02-2010,13.27449417,13.37860394,13.21297455,13.27822971,13.19976902,91529795
16-02-2010,13.37162971,13.55245209,13.30762005,13.48196602,13.40230083,146723904
17-02-2010,13.49940109,13.53427029,13.39006138,13.40500546,13.32579517,81492313
18-02-2010,13.38831711,13.57437038,13.35344791,13.52978706,13.44983959,93826371
19-02-2010,13.46278763,13.54996109,13.44211578,13.4685173,13.38893223,102506786
22-02-2010,13.63265133,13.63638687,13.47449398,13.51932621,13.43943977,86105539
23-02-2010,13.5243082,13.53999901,13.25755692,13.32679844,13.24804974,115334688
24-02-2010,13.29965019,13.41073322,13.21322441,13.23713398,13.15891552,93412827
25-02-2010,13.1287899,13.16291237,12.95145512,13.11160374,13.03412724,132864148
26-02-2010,13.13626194,13.2441082,13.03812981,13.12082005,13.04329014,82279251
01-03-2010,13.18059635,13.28246403,13.1442318,13.26751995,13.1891222,89851528
02-03-2010,13.33701038,13.59055901,13.32530308,13.47598934,13.39635944,174925214
03-03-2010,13.50836658,13.65182972,13.4309082,13.58209133,13.50183487,124039193
04-03-2010,13.61148071,13.85133171,13.60400867,13.81297588,13.73135471,127829347
05-03-2010,13.98134422,14.13875389,13.94522953,14.05257702,13.9695406,157074555
08-03-2010,14.06677437,14.0767374,13.9728756,14.00948906,13.92670631,95813793
09-03-2010,13.94398499,14.0637846,13.86054707,13.95245266,13.87000751,127540267
10-03-2010,14.04136944,14.40849304,14.00276375,14.35743523,14.27259636,227043838
11-03-2010,14.30288887,14.60052395,14.30139542,14.47424698,14.38871861,169966698
12-03-2010,14.64859295,14.65207958,14.42493153,14.43439579,14.34910202,110548817
15-03-2010,14.11409664,14.1830883,13.84809399,14.02692413,13.94403839,186853758
16-03-2010,13.99330044,14.15743446,13.96665001,14.07723522,13.99405384,137774484
17-03-2010,14.15444565,14.23290157,14.05357361,14.08620071,14.00296402,133362007
18-03-2010,14.06527996,14.15793324,14.02144432,14.10712337,14.02376366,71354455
19-03-2010,13.94772053,14.14697361,13.87997437,13.94772053,13.86530399,192486794
22-03-2010,13.85083389,14.11833096,13.80525494,13.88545418,13.80340481,160792439
23-03-2010,13.87399673,13.9056282,13.49940109,13.67374706,13.59294796,220876809
24-03-2010,13.58682346,13.94398499,13.44211578,13.88121986,13.79919624,263592319
25-03-2010,13.92331219,14.24660015,13.91434574,14.0194521,13.93661022,157825359
26-03-2010,14.07897854,14.13178062,13.9482193,14.01471901,13.93190575,108252241
29-03-2010,14.02243996,14.06527996,13.96191692,14.00874233,13.92596436,124645457
30-03-2010,14.01820564,14.13775826,13.95469379,14.11484432,14.03143883,79412546
31-03-2010,14.07349873,14.19031143,14.01770782,14.12505627,14.04159069,121686407
01-04-2010,14.23041058,14.28271484,14.08595181,14.16689873,14.08318615,84423257
05-04-2010,14.219203,14.31833076,14.17187977,14.2219429,14.13790607,76345092
06-04-2010,14.18333721,14.21895409,14.08221626,14.15245342,14.06882572,82712870
07-04-2010,14.12953854,14.16565418,13.99404716,14.03588963,13.95295238,103626969
08-04-2010,14.03041077,14.19305134,13.94896603,14.13427067,14.05075073,78191988
09-04-2010,14.13427067,14.166152,14.04734707,14.10264015,14.01930809,82572346
12-04-2010,14.13078403,14.29641438,14.10264015,14.26478195,14.18049145,94448695
13-04-2010,14.25980091,14.66702366,14.22493076,14.61447144,14.52811337,157078570
14-04-2010,14.69641399,14.75320053,14.54572868,14.67001343,14.58332825,136618166
15-04-2010,14.74896717,14.89018822,14.65232944,14.82692528,14.73931313,271485795
16-04-2010,14.02243996,14.16714764,13.68943882,13.70238972,13.62142181,491254466
19-04-2010,13.66752148,13.79803181,13.57412148,13.70114517,13.6201849,156343827
20-04-2010,13.80251503,13.9392519,13.72505474,13.82418442,13.74249649,119542401
21-04-2010,13.85955143,13.95394707,13.7524519,13.80575275,13.7241745,96018557
22-04-2010,13.74846745,13.76092052,13.53302479,13.62542915,13.54491615,131719875
23-04-2010,13.63016129,13.68171787,13.5061264,13.57387161,13.49366283,83889263
26-04-2010,13.57337379,13.57387161,13.18084526,13.24136829,13.16312504,175407013
27-04-2010,13.17436886,13.40799427,13.13152981,13.17710876,13.09924507,154364435
28-04-2010,13.25282478,13.32081985,12.97710896,13.18034744,13.10246468,136754676
29-04-2010,13.28445721,13.36241436,13.11758232,13.25033379,13.17203712,122814620
30-04-2010,13.22866631,13.39180374,13.08694744,13.09342289,13.0160532,97781139
03-05-2010,13.11334801,13.27324867,13.077981,13.21546459,13.13737297,74590540
04-05-2010,13.11384583,13.11932564,12.5581789,12.61197662,12.53745174,243963019
05-05-2010,12.4777298,12.84485435,12.46502781,12.69641113,12.62138844,183975008
06-05-2010,12.67125511,12.88968563,11.45705605,12.42019558,12.34680462,200753664
07-05-2010,12.45257473,12.58582497,11.98831463,12.28246212,12.20988464,204322993
10-05-2010,12.80126762,13.02169228,12.76714611,12.99255085,12.91577625,165738910
11-05-2010,12.84360886,12.9484663,12.65805531,12.67872715,12.6038084,133402157
12-05-2010,12.75319767,12.75319767,12.50313473,12.58756924,12.51318932,154649500
13-05-2010,12.86428165,13.00126839,12.71160412,12.72430611,12.64911842,133530637
14-05-2010,12.69666004,12.72704601,12.35992241,12.64086914,12.56617355,165257111
17-05-2010,12.62218857,12.66154099,12.41222572,12.65182781,12.57706738,112170874
18-05-2010,12.70238781,12.72654819,12.38034534,12.41272354,12.3393774,113443627
19-05-2010,12.36017132,12.43937397,12.14796638,12.31459236,12.24182415,138344613
20-05-2010,12.08146572,12.09416771,11.8007679,11.83090496,11.76099491,197268650
21-05-2010,11.68270969,12.0797224,11.56664467,11.75718117,11.68770695,389084940
24-05-2010,11.97337055,12.19902515,11.87548828,11.88445377,11.81422901,174475535
25-05-2010,11.66004467,11.8916769,11.55693245,11.88221264,11.81199932,121148398
26-05-2010,12.00674629,12.19827843,11.83065605,11.8423624,11.77238655,139545096
27-05-2010,12.07847691,12.26179028,11.98134136,12.21571255,12.14352989,112785168
28-05-2010,12.27250004,12.29018307,12.02990913,12.09541321,12.02394009,116226017
01-06-2010,11.96589947,12.23065567,11.95817757,12.01421833,11.94322586,107071833
02-06-2010,12.12156487,12.30064392,11.99155331,12.28819084,12.21557999,102012942
03-06-2010,12.33152771,12.65257454,12.32131672,12.59279919,12.51838779,146575349
04-06-2010,12.44634819,12.68370819,12.37112999,12.42144108,12.34804249,157399770
07-06-2010,12.42990971,12.47598743,12.03364468,12.09267426,12.0212183,145852650
08-06-2010,12.15070629,12.17536354,11.89391899,12.07424259,12.00289536,107806577
09-06-2010,12.13501453,12.17636013,11.75593567,11.80624676,11.73648357,109569158
10-06-2010,11.96440411,12.16689491,11.85157681,12.12978458,12.05810928,103502504
11-06-2010,12.01745605,12.17212582,11.99553776,12.16689491,12.09500027,71535130
14-06-2010,12.31583691,12.31633472,12.03464127,12.03464127,11.96352768,81921917
15-06-2010,12.03190136,12.46328545,12.0094862,12.40326023,12.32996941,171022641
16-06-2010,12.35792923,12.552948,12.35643482,12.48495293,12.41117954,91915234
17-06-2010,12.53925037,12.59952354,12.37088108,12.45531368,12.38171482,79388456
18-06-2010,12.51583767,12.53974819,12.40674591,12.45406914,12.38047791,115346733
21-06-2010,12.45083141,12.47748089,12.07698345,12.16839027,12.09648705,119787316
22-06-2010,12.20176506,12.36863899,12.09790421,12.11085606,12.03929234,89120799
23-06-2010,12.12679577,12.12679577,11.90936089,12.00624847,11.93530369,81468223
24-06-2010,11.94672108,12.02368164,11.78731823,11.8331461,11.7632246,76027907
25-06-2010,11.88196278,11.89665794,11.72006989,11.77287197,11.70330524,90144622
28-06-2010,11.77063084,11.8941679,11.68146515,11.75792789,11.68844891,70756221
29-06-2010,11.5427351,11.57038116,11.23588467,11.31409168,11.24723625,140609069
30-06-2010,11.33152676,11.40300941,11.07648277,11.08221054,11.01672649,144668227
01-07-2010,11.09067917,11.16813946,10.80026817,10.94622135,10.88153934,141070793
02-07-2010,10.99927235,11.01570988,10.8592968,10.87299538,10.80874634,77730264
06-07-2010,11.05854988,11.1499567,10.80026817,10.86104012,10.79686165,102787835
07-07-2010,10.91683102,11.24011898,10.8438549,11.21297073,11.1467123,125657235
08-07-2010,11.2964077,11.39055538,11.19952106,11.37137699,11.30418396,107156148
09-07-2010,11.75494003,11.78731823,11.52629662,11.64360714,11.57480526,173909421
12-07-2010,11.76515102,11.94124126,11.73302174,11.8513279,11.78129864,133875926
13-07-2010,12.01122856,12.27872562,11.96216297,12.18432999,12.11233139,159648166
14-07-2010,12.20126724,12.29964828,12.11608601,12.23762989,12.16531754,125187481
15-07-2010,12.24734402,12.32131672,12.02193928,12.30438042,12.23167324,195056389
16-07-2010,11.68420506,11.72006989,11.44510078,11.44734287,11.37969971,314165171
19-07-2010,11.48221207,11.69740486,11.39528847,11.61097908,11.54236889,182694226
20-07-2010,11.48270988,12.02966022,11.47200012,11.99479103,11.923913,162787890
21-07-2010,12.05481625,12.09715652,11.84136581,11.8929224,11.82264709,131675710
22-07-2010,12.0356369,12.17885113,12.01695728,12.07499027,12.00363827,86230004
23-07-2010,11.97436714,12.21895027,11.95543766,12.20575047,12.13362694,90915501
26-07-2010,12.18159008,12.22293472,12.07673264,12.17860222,12.10663891,80107140
27-07-2010,12.21870136,12.39105511,12.20849037,12.26976013,12.197258,98415508
28-07-2010,12.32729435,12.3350153,12.02169037,12.06353283,11.99224949,100214225
29-07-2010,12.10338402,12.17636013,11.93850231,12.07947254,12.00809383,107421137
30-07-2010,11.94647217,12.13850212,11.93376923,12.07598591,12.00462818,86085465
02-08-2010,12.17910004,12.28594875,12.12804127,12.21446705,12.14229202,74626675
03-08-2010,12.21670914,12.26552582,12.12355804,12.20002079,12.12793064,72362219
04-08-2010,12.2585516,12.62766838,12.23040676,12.61073208,12.53621483,153071607
05-08-2010,12.60002232,12.66751862,12.54199028,12.65506554,12.58028698,97178890
06-08-2010,12.58781815,12.59628582,12.35494137,12.45880127,12.38518238,133277692
09-08-2010,12.50936222,12.59030819,12.48719501,12.58657169,12.51219749,75168699
10-08-2010,12.51185322,12.60276222,12.41770458,12.54572582,12.47159195,83270954
11-08-2010,12.39678383,12.40350914,12.2416153,12.24759293,12.17522144,89253294
12-08-2010,12.05332088,12.32256222,12.01770496,12.25431824,12.1819067,88514535
13-08-2010,12.17934895,12.23389435,12.10487843,12.1133461,12.04176807,77678069
16-08-2010,12.04684544,12.20101833,11.96764183,12.09441662,12.02295113,52395658
17-08-2010,12.16764259,12.32131672,12.10537624,12.21720695,12.14501476,75911472
18-08-2010,12.21521378,12.22592354,11.99379444,12.00873756,11.93777847,107858771
19-08-2010,11.98034477,12.01770496,11.63762856,11.6555624,11.586689,157588475
20-08-2010,11.6555624,11.74572372,11.48246098,11.50736809,11.43937111,157291365
23-08-2010,11.49441624,11.66253567,11.40051842,11.5584259,11.49012566,119895720
24-08-2010,11.39977074,11.41645813,11.23090363,11.24260998,11.17617798,110922211
25-08-2010,11.20798969,11.40251064,11.20798969,11.32305813,11.25615025,104072633
26-08-2010,11.35892391,11.38881207,11.21894932,11.23239803,11.16602612,71346425
27-08-2010,11.2717514,11.45680714,11.14945889,11.42791462,11.3603878,92842698
30-08-2010,11.43588543,11.45107937,11.26826382,11.27498913,11.20836449,49440624
31-08-2010,11.21072865,11.32928467,11.15817642,11.20848846,11.14225674,78163883
01-09-2010,11.33202457,11.58009529,11.27025604,11.46527481,11.39752674,129616018
02-09-2010,11.52779102,11.5673933,11.46477699,11.5362587,11.46809101,67620512
03-09-2010,11.71907425,11.75294685,11.64236164,11.71359539,11.64437962,101996882
07-09-2010,11.56913567,11.64609814,11.53227425,11.56664467,11.49829769,68652365
08-09-2010,11.58632183,11.76838875,11.56938457,11.7205677,11.65131092,96432101
09-09-2010,11.90114212,11.96515179,11.7205677,11.86004639,11.78996658,97588419
10-09-2010,11.93078136,11.9499588,11.83264828,11.85904884,11.78897381,79268006
13-09-2010,11.97760487,12.06353283,11.94348335,12.01172733,11.94075012,89996068
14-09-2010,12.00525093,12.07349586,11.95718193,11.96589947,11.8951931,88992319
15-09-2010,11.95394421,12.00226307,11.91782856,11.97112942,11.90039253,96472251
16-09-2010,11.95394421,12.0162096,11.94049358,11.98159027,11.91079044,79075287
17-09-2010,12.04858875,12.23414326,11.98457909,12.20799065,12.13585281,226509844
20-09-2010,12.26652241,12.71259975,12.25556278,12.65954876,12.58474255,176800216
21-09-2010,12.69441795,12.9509573,12.67523956,12.78856468,12.71299744,179321632
22-09-2010,12.77362061,12.89616203,12.74423122,12.85182762,12.77588558,101864387
23-09-2010,12.81720829,12.94373417,12.73476696,12.78906345,12.71349144,93043447
24-09-2010,12.99479198,13.14647388,12.90811729,13.13302422,13.05541992,134779299
27-09-2010,13.17187881,13.3711319,13.17187881,13.21073341,13.1326704,124761892
28-09-2010,13.28719616,13.28993607,12.91284943,13.1300354,13.05245018,146735949
29-09-2010,13.1469717,13.27374744,13.06876469,13.14298725,13.06532574,87213678
30-09-2010,13.17959976,13.24709702,12.92455578,13.09566402,13.01828098,130250387
01-10-2010,13.20052147,13.21596336,13.02617455,13.09142971,13.01407242,89333594
04-10-2010,13.07474327,13.15693474,12.92281246,13.00998497,12.93310833,77910939
05-10-2010,13.16017246,13.44958782,13.11459255,13.40550327,13.32628918,140809819
06-10-2010,13.43115711,13.44834232,13.19902706,13.30886459,13.23022175,110906151
07-10-2010,13.35519123,13.37984943,13.17910099,13.20077038,13.12276745,96191202
08-10-2010,13.26951313,13.38981247,13.14124298,13.35867786,13.27974033,114796679
11-10-2010,13.41172981,13.56415844,13.37910175,13.42069626,13.34139252,105445761
12-10-2010,13.45257568,13.59877777,13.39454365,13.48420811,13.40452957,150706777
13-10-2010,13.62393379,13.63613796,13.50761986,13.53178024,13.45182037,122682126
14-10-2010,13.55369663,13.58034801,13.37760735,13.47275066,13.39313984,266358649
15-10-2010,14.92580414,14.98483276,14.73476982,14.98010063,14.89158249,595214680
18-10-2010,14.95768547,15.4343977,14.95768547,15.3850832,15.29417229,284992232
19-10-2010,15.16440964,15.31310272,15.01521873,15.13900471,15.04954815,184203863
20-10-2010,15.14672565,15.37686443,15.13078594,15.1427412,15.05326271,141532518
21-10-2010,15.23066235,15.34249306,15.09342575,15.24261665,15.15254688,117257870
22-10-2010,15.24087334,15.31310272,15.19429779,15.25606728,15.1659193,90582257
25-10-2010,15.33228111,15.56017685,15.31683922,15.35494614,15.26421452,126809538
26-10-2010,15.27026272,15.47275352,15.21870708,15.4072504,15.31620884,100892759
27-10-2010,15.33676434,15.44211864,15.25108528,15.35419941,15.2634716,90012128
28-10-2010,15.44336414,15.46702576,15.27524471,15.40675163,15.31571198,87699492
29-10-2010,15.36914253,15.41721344,15.26752377,15.28520679,15.19488621,91473585
01-11-2010,15.33576775,15.45855808,15.22319031,15.31758595,15.22707367,123946848
02-11-2010,15.40899277,15.44211864,15.30712509,15.33253002,15.2419281,80203500
03-11-2010,15.37985325,15.4876976,15.28022575,15.44660187,15.35532761,135726838
04-11-2010,15.55768585,15.68919277,15.49442291,15.54847145,15.45659447,143367369
05-11-2010,15.52132225,15.57885742,15.46976566,15.56864452,15.47664833,70892731
08-11-2010,15.54224396,15.67848301,15.52007675,15.61073685,15.51849174,84367048
09-11-2010,15.69118595,15.71235561,15.45482159,15.56216908,15.47021103,89823423
10-11-2010,15.49392509,15.51683903,15.38010216,15.51385021,15.42217922,100254375
11-11-2010,15.43464661,15.4383831,15.29790974,15.37213135,15.28129578,90803081
12-11-2010,15.29242992,15.36490917,14.974123,15.02592945,14.93714142,136228712
15-11-2010,15.02069855,15.04361343,14.79579163,14.83115864,14.74352074,139677591
16-11-2010,14.76366234,14.89143276,14.5317812,14.53850555,14.45259666,132791878
17-11-2010,14.57038689,14.68246746,14.47997475,14.53427219,14.44838905,98066204
18-11-2010,14.67001343,14.94348812,14.6590538,14.85830688,14.77050781,103988318
19-11-2010,14.86926556,14.89143276,14.70338821,14.71559238,14.62863827,92244464
22-11-2010,14.63190556,14.78059864,14.51434708,14.72530556,14.63829327,87791837
23-11-2010,14.62044907,14.67026234,14.401021,14.52082157,14.43501663,86828238
24-11-2010,14.6279211,14.85930443,14.6214447,14.81870556,14.73114109,96215292
26-11-2010,14.70637703,14.76914215,14.62020016,14.69491959,14.60808659,52640573
29-11-2010,14.67424679,14.68993855,14.44460773,14.49840641,14.41273499,114816754
30-11-2010,14.30438423,14.30438423,13.78109455,13.84087086,13.7590847,285763111
01-12-2010,14.02243996,14.23589039,14.00749588,14.05606365,13.97300625,150726852
02-12-2010,14.16341209,14.27972603,14.08097076,14.24211693,14.15796089,102298006
03-12-2010,14.1830883,14.35818195,14.14697361,14.27150726,14.1871767,105642495
06-12-2010,14.46004963,14.49566746,14.36141968,14.40500641,14.31988716,84065923
07-12-2010,14.72655106,14.76963997,14.59529305,14.62368679,14.53727436,122144116
08-12-2010,14.74398613,14.75768471,14.53775883,14.70836926,14.6214571,70539412
09-12-2010,14.79155827,14.83389854,14.67001343,14.73227978,14.64522648,75036204
10-12-2010,14.7731266,14.79429722,14.70214272,14.74996376,14.66280651,68443585
13-12-2010,14.87225533,15.01870632,14.79678822,14.80998898,14.72247601,96299607
14-12-2010,14.87150764,14.9013958,14.75668812,14.81721115,14.72965622,65978380
15-12-2010,14.79952812,14.85556793,14.67374897,14.70239162,14.61551476,87033003
16-12-2010,14.76590443,14.78881836,14.64684963,14.73750973,14.65042591,64115423
17-12-2010,14.71982574,14.7586813,14.6368866,14.7148447,14.62789536,123946848
20-12-2010,14.8107357,14.89118385,14.6615448,14.82094669,14.73336887,79227857
21-12-2010,14.90837002,15.06154633,14.88445854,15.02044964,14.93169308,75461793
22-12-2010,15.04361343,15.11833286,15.02567959,15.08072376,14.99161148,48481040
23-12-2010,15.07698822,15.09342575,14.99454689,15.0493412,14.96041393,44598542
27-12-2010,15.01222992,15.03813267,14.93153286,15.00326443,14.91461086,48505130
28-12-2010,14.99504471,15.04037476,14.89442158,14.9170866,14.82894039,42751645
29-12-2010,14.99380016,15.00401115,14.9170866,14.96889305,14.88044167,40920808
30-12-2010,14.89417267,14.97711182,14.87897968,14.91559315,14.82745647,39728356
31-12-2010,14.86279106,14.90463448,14.74547958,14.7937994,14.7063818,61802787
03-01-2011,14.85631466,15.08321381,14.85631466,15.05233002,14.96338558,94962614
04-01-2011,15.08396244,15.09790897,14.94697475,14.99678802,14.90817165,73253547
05-01-2011,14.94573021,15.20127201,14.94523239,15.1698904,15.08025169,101671667
06-01-2011,15.20998859,15.40301609,15.19429779,15.28022575,15.18993378,82620526
07-01-2011,15.34025097,15.39853287,15.19629097,15.35345078,15.26272678,84363033
10-01-2011,15.3126049,15.32730007,15.15718746,15.29790974,15.20751381,63404769
11-01-2011,15.3850832,15.41223145,15.30513287,15.34274197,15.25207996,57787794
12-01-2011,15.42593002,15.42593002,15.31185722,15.36416054,15.2733736,65552790
13-01-2011,15.36665154,15.43389988,15.29666424,15.35967827,15.26891708,53560006
14-01-2011,15.37736225,15.54847145,15.3693924,15.54622936,15.45436573,94978674
18-01-2011,15.59305286,15.98981571,15.57337666,15.93103695,15.83689976,145222296
19-01-2011,15.99305439,16.01397514,15.68271732,15.73477173,15.64179516,136754676
20-01-2011,15.74622917,15.79280472,15.52406216,15.61073685,15.51849174,220254485
21-01-2011,15.92979145,15.98334122,15.22692585,15.2386322,15.14858627,357511035
24-01-2011,15.13253021,15.25506973,14.97462082,15.21995163,15.13001537,184657557
25-01-2011,15.14822102,15.45930481,15.1063776,15.43987846,15.34864426,146418764
26-01-2011,15.45033836,15.50413704,15.32456017,15.35494614,15.26421452,81829572
27-01-2011,15.38956642,15.43464661,15.27399921,15.36216927,15.27139378,81070738
28-01-2011,15.4189558,15.45108604,14.93800926,14.96864414,14.88019371,169878368
31-01-2011,15.0336504,15.05531883,14.83315182,14.95295334,14.86459541,112616538
01-02-2011,15.05581665,15.27649021,15.02144623,15.21895599,15.12902737,110223602
02-02-2011,15.2179594,15.30114841,15.13153267,15.24286556,15.15279484,70691981
03-02-2011,15.18010139,15.22916698,15.09666443,15.19678879,15.10699081,60028160
04-02-2011,15.19678879,15.22891808,15.10861874,15.21746063,15.12753963,62264511
07-02-2011,15.1970377,15.40201855,15.17337608,15.29990196,15.20949364,72253814
08-02-2011,15.31584167,15.43290424,15.30538177,15.40176964,15.31075954,68050116
09-02-2011,15.36416054,15.42842007,15.25133419,15.35494614,15.26421452,73976246
10-02-2011,15.29018879,15.37985325,15.23190689,15.35345078,15.26272678,93725996
11-02-2011,15.28744888,15.5666523,15.26777267,15.55419922,15.46228886,103984303
14-02-2011,15.5253067,15.68221855,15.44311523,15.64510822,15.5526619,85439051
15-02-2011,15.62443638,15.69342709,15.51933002,15.54548168,15.45362186,83993653
16-02-2011,15.58234406,15.60401154,15.49442291,15.547225,15.45535564,67612482
17-02-2011,15.4732523,15.62269211,15.44909286,15.57312775,15.48110485,59373716
18-02-2011,15.59155941,15.72057533,15.54622936,15.69317818,15.6004467,129198459
22-02-2011,15.44286633,15.56490898,15.13751125,15.1982832,15.10847569,146141730
23-02-2011,15.20127201,15.31011391,15.04361343,15.22592926,15.13595772,116017237
24-02-2011,15.22767258,15.27001381,14.97760963,15.16366291,15.07406044,108874565
25-02-2011,15.23937893,15.31061172,15.18059921,15.19404888,15.10426712,77585724
28-02-2011,15.19305325,15.35469723,15.14348793,15.27773476,15.18745804,91602065
01-03-2011,15.38682556,15.4226923,14.92655182,14.96291542,14.87449932,133426247
02-03-2011,14.9390049,15.09342575,14.82418537,14.9636631,14.87524223,81371863
03-03-2011,15.10289097,15.23016357,15.06851864,15.18209362,15.09238243,78103658
04-03-2011,15.15145874,15.16764832,14.94896793,14.95942783,14.87103176,120891439
07-03-2011,14.95768547,15.03589153,14.62020016,14.73626518,14.64918709,139027162
08-03-2011,14.7678957,14.89367485,14.69990063,14.7524538,14.6652813,91738575
09-03-2011,14.71982574,14.80724907,14.58906746,14.73900509,14.65191174,86362499
10-03-2011,14.58134556,14.61073494,14.43215466,14.45332527,14.36791992,125592995
11-03-2011,14.40151978,14.44585323,14.27972603,14.36391068,14.27903461,121734587
14-03-2011,14.26652622,14.40326309,14.14747238,14.19653797,14.11265087,113066217
15-03-2011,13.88545418,14.22169399,13.83564091,14.18582821,14.10200405,160824559
16-03-2011,14.14722347,14.19155693,13.73053455,13.87549114,13.79349995,152509508
17-03-2011,14.05930233,14.17187977,13.9611702,13.98159409,13.89897728,116406692
18-03-2011,14.06328678,14.1467247,13.94124508,13.97412205,13.89154816,132438559
21-03-2011,14.20226574,14.44087219,14.17237759,14.35867977,14.27383327,121288923
22-03-2011,14.37785816,14.42667484,14.25930309,14.37910366,14.29413795,75758903
23-03-2011,14.32605171,14.50687504,14.24660015,14.49965191,14.41397285,72920303
24-03-2011,14.5810957,14.65482044,14.41596508,14.61746025,14.53108501,84262658
25-03-2011,14.61721134,14.61795807,14.42692375,14.43937778,14.35405445,114764559
28-03-2011,14.49740982,14.57013798,14.3140974,14.33028698,14.24560833,89068604
29-03-2011,14.34622669,14.4929266,14.27175617,14.48894215,14.40332603,64432607
30-03-2011,14.55494404,14.58283997,14.46029854,14.49168205,14.40605068,57105245
31-03-2011,14.52057266,14.64909172,14.48919106,14.61422157,14.52786541,81480268
01-04-2011,14.6640358,14.82418537,14.6640358,14.73975182,14.65265369,104919797
04-04-2011,14.76963997,14.81297684,14.52306366,14.63713646,14.55064583,82488031
05-04-2011,14.47275257,14.48296356,14.08918953,14.17412186,14.09036636,242806701
06-04-2011,14.25108337,14.32530499,14.14697361,14.30089664,14.21639252,107132058
07-04-2011,14.33950233,14.4617939,14.30114555,14.44585323,14.36049175,101639547
08-04-2011,14.56764698,14.56764698,14.39753532,14.40002537,14.31493473,76357137
11-04-2011,14.35120773,14.39853096,14.27150726,14.38034916,14.29537487,74606600
12-04-2011,14.32131958,14.36889172,14.14821911,14.21197987,14.12800026,83736694
13-04-2011,14.33402348,14.38607693,14.24037361,14.35320091,14.26838779,83086265
14-04-2011,14.32605171,14.43215466,14.24909115,14.40874195,14.32359982,219070062
15-04-2011,13.58134365,13.59280109,13.20201588,13.21795559,13.13984966,563853569
18-04-2011,13.11135483,13.14223957,12.926548,13.12181568,13.0442791,202347616
19-04-2011,13.19927597,13.22243881,12.97387123,12.98956203,12.91280651,107766427
20-04-2011,13.09840393,13.12131786,12.9860754,13.09416962,13.01679516,122858785
21-04-2011,13.13800621,13.15768242,13.01098156,13.07847881,13.00119781,99174342
25-04-2011,13.08221531,13.12580109,13.0015173,13.07723331,12.99995995,65476506
26-04-2011,13.11384583,13.38582706,13.08121777,13.27075768,13.1923399,140524754
27-04-2011,13.3997736,13.40251446,13.30886459,13.39379692,13.31465244,92280599
28-04-2011,13.40126896,13.4309082,13.30214024,13.39902687,13.31985188,80299860
29-04-2011,13.44958782,13.55170536,13.41247654,13.55170536,13.47162724,169773978
02-05-2011,13.5915556,13.59230328,13.37785721,13.41372204,13.3344593,85667905
03-05-2011,13.37810612,13.49965,13.19130611,13.2974081,13.21883392,83572079
04-05-2011,13.32928944,13.42468071,13.27573872,13.34473133,13.26587677,84997401
05-05-2011,13.29666138,13.43514156,13.23788071,13.30687332,13.22824192,80211530
06-05-2011,13.40351009,13.48595142,13.32953835,13.33252621,13.25374317,82552271
09-05-2011,13.32505417,13.41197872,13.22791862,13.39180374,13.31267166,78240168
10-05-2011,13.44958782,13.55992413,13.38831711,13.51583862,13.43597317,82022292
11-05-2011,13.45307541,13.53800583,13.29242706,13.33626175,13.25745773,93902656
12-05-2011,13.3310318,13.37337303,13.22318554,13.32629967,13.24755478,58149143
13-05-2011,13.315341,13.34796906,13.17685986,13.18931293,13.11137676,84664157
16-05-2011,13.10861588,13.1325264,12.86179066,12.91210175,12.83580399,118771522
17-05-2011,12.83763123,13.23090744,12.82766914,13.21197796,13.13390827,132639308
18-05-2011,13.18906403,13.20874023,13.09342289,13.19578934,13.11781502,78420843
19-05-2011,13.26851559,13.36341095,13.19354725,13.23165512,13.15346909,99118132
20-05-2011,13.24535275,13.25008488,13.02941322,13.05182934,12.9747057,93047462
23-05-2011,12.8667717,12.95145512,12.78707123,12.91135502,12.83506107,92344839
24-05-2011,12.96067047,13.05008507,12.90537739,12.90811729,12.83184338,76284867
25-05-2011,12.88495445,13.02044582,12.88296127,12.94323635,12.86675453,52259149
26-05-2011,12.89416885,13.0042572,12.82692242,12.90487862,12.82862282,85057626
27-05-2011,12.91359711,12.99603844,12.85929966,12.97387123,12.89720917,70093747
31-05-2011,13.07598782,13.17685986,13.03862762,13.17611313,13.09825516,107894906
01-06-2011,13.15170383,13.28022194,13.08370876,13.09093189,13.01357651,118679178
02-06-2011,13.13999844,13.20799255,13.01322269,13.15220165,13.07448483,88510520
03-06-2011,13.00126839,13.14074516,12.98881531,13.02816677,12.95118237,70202152
06-06-2011,13.03962421,13.12131786,12.93277454,12.97785568,12.90117073,77975179
07-06-2011,13.02343464,13.06677341,12.9262991,12.92729473,12.85090733,76590006
08-06-2011,12.86502934,12.98233891,12.84634876,12.93078232,12.85437393,66383894
09-06-2011,12.95145512,12.95145512,12.84286213,12.87001038,12.79396057,67817246
10-06-2011,12.80400658,12.86901379,12.68470478,12.69018364,12.61519814,97961814
13-06-2011,12.70238781,12.7073698,12.50736904,12.5711298,12.49684715,97455925
14-06-2011,12.65631104,12.80400658,12.62741947,12.66179085,12.58697224,94011061
15-06-2011,12.57860184,12.66129208,12.4685154,12.52679634,12.452775,83242849
16-06-2011,12.52330971,12.61695862,12.37038326,12.46253681,12.38889503,110693357
17-06-2011,12.60724545,12.61994743,12.07474136,12.08022022,12.0088377,210602442
20-06-2011,12.0797224,12.11035728,11.93601131,12.0692606,11.99794197,121598077
21-06-2011,12.13426781,12.30238819,12.07299709,12.27897453,12.20641804,111030616
22-06-2011,12.2403698,12.26278591,12.12281132,12.12978458,12.05810928,96644896
23-06-2011,12.00823975,12.02642155,11.79902363,11.96066761,11.88999176,192787918
24-06-2011,11.97212601,11.97386932,11.7813406,11.82766724,11.75777626,152794573
27-06-2011,11.80574894,12.16440487,11.7957859,12.02492809,11.95387363,138304463
28-06-2011,12.05531406,12.35892582,12.05531406,12.29516506,12.22251225,109011074
29-06-2011,12.36714458,12.45954895,12.26353264,12.39279938,12.31956959,94071286
30-06-2011,12.50288582,12.61944866,12.49068165,12.61222553,12.5376997,97500090
01-07-2011,12.62119293,12.98084545,12.61222553,12.97710896,12.90042782,146013250
05-07-2011,13.08345985,13.3350172,13.08345985,13.26129341,13.18293285,154545110
06-07-2011,13.28769398,13.41247654,13.27623653,13.33402061,13.255229,108228151
07-07-2011,13.47449398,13.71559143,13.34697247,13.61397076,13.53352642,158010049
08-07-2011,13.27399635,13.39105701,13.1325264,13.25008488,13.17179012,191523195
11-07-2011,13.15519142,13.34946346,13.0884409,13.13277531,13.05517292,113997696
12-07-2011,13.15469265,13.43514156,13.10089493,13.30039692,13.22180271,114073981
13-07-2011,13.37486839,13.54921436,13.36191559,13.40625,13.32703209,112026334
14-07-2011,13.42766953,13.49940109,13.11907578,13.17411995,13.09627342,266976958
15-07-2011,14.88171959,14.95021343,14.64909172,14.8847084,14.79675484,551342851
18-07-2011,14.75693703,14.99504471,14.74473286,14.81795883,14.73039913,179401931
19-07-2011,14.84784698,15.06054878,14.832654,15.00749779,14.91881847,119144917
20-07-2011,14.99828339,15.01447201,14.82816982,14.82816982,14.74055004,89446014
21-07-2011,14.79529381,15.14473438,14.79479504,15.11808395,15.02875042,139300182
22-07-2011,15.07823277,15.42966557,15.05033779,15.3980341,15.30704689,141656982
25-07-2011,15.27673912,15.57686424,15.26777267,15.41671371,15.32561588,125733520
26-07-2011,15.39355087,15.62891865,15.37287903,15.50488377,15.41326427,94067271
27-07-2011,15.37188244,15.46578026,15.06229305,15.12381172,15.03444481,157965884
28-07-2011,15.07325172,15.34199429,15.01870632,15.216465,15.12654877,124802042
29-07-2011,15.0493412,15.31659031,15.03589153,15.03589153,14.94704437,166116320
01-08-2011,15.22343922,15.33003902,14.923563,15.11260414,15.02330303,159238637
02-08-2011,15.09342575,15.18483353,14.73402309,14.75469589,14.66751003,128503865
03-08-2011,14.80127144,15.01870632,14.53626537,14.97312737,14.88465023,153601587
04-08-2011,14.80700016,14.91534424,14.38284016,14.3840847,14.29908848,197320845
05-08-2011,14.50911617,14.69491959,13.9975338,14.42194271,14.33672333,238052949
08-08-2011,14.02194214,14.17187977,13.5579319,13.59952641,13.5191679,300987964
09-08-2011,13.97262669,14.31160736,13.47474289,14.28171921,14.19732761,259758001
10-08-2011,13.9820919,14.05033588,13.64211559,13.67399693,13.59319687,215589063
11-08-2011,13.79379654,14.15942669,13.65905285,14.00077248,13.91804218,193948251
12-08-2011,14.1843338,14.20923996,13.95768261,14.0416193,13.95864677,126644924
15-08-2011,13.78408432,14.07200527,13.60027313,13.87872887,13.7967186,286867234
16-08-2011,13.75917721,13.75942612,13.20799255,13.42468071,13.34535313,278616423
17-08-2011,13.45033455,13.54149342,13.21969891,13.27897739,13.20051193,163775579
18-08-2011,13.0378809,13.07324791,12.46552563,12.57486629,12.50056076,252571164
19-08-2011,12.43688393,12.82368374,12.22567463,12.22716999,12.15491962,217211120
22-08-2011,12.552948,12.62766838,12.31708336,12.40774345,12.33442497,196971541
23-08-2011,12.54049492,12.98657322,12.42990971,12.92206478,12.84570789,174523715
24-08-2011,12.93476677,13.20052147,12.88246346,13.03339767,12.95638371,144318923
25-08-2011,13.20998573,13.38159275,12.90911293,12.95245075,12.87591362,132213719
26-08-2011,12.95120621,13.21172905,12.78059483,13.12231445,13.04477501,144391193
29-08-2011,13.31409645,13.43588924,13.28918934,13.42667389,13.34733486,93782206
30-08-2011,13.40450668,13.5240593,13.22069645,13.46702194,13.3874445,120008140
31-08-2011,13.56764507,13.60649872,13.34996128,13.47349834,13.39388371,108135806
01-09-2011,13.46826839,13.54498005,13.23090744,13.26278782,13.18441772,96982155
02-09-2011,13.06278706,13.14871502,12.96963692,13.07200336,12.99476051,96408011
06-09-2011,12.72231388,13.02019691,12.71484184,13.00575066,12.92889881,109039179
07-09-2011,13.21172905,13.34846687,13.13576412,13.30089474,13.22230053,110645177
08-09-2011,13.29516602,13.42717171,13.24784374,13.32405758,13.24532509,95576908
09-09-2011,13.23539066,13.31633663,12.98109436,13.07225227,12.99500847,131242091
12-09-2011,12.90064526,13.25008488,12.88918781,13.20351028,13.12549019,107216373
13-09-2011,13.25033379,13.29715919,13.03613663,13.18856621,13.11063385,94520965
14-09-2011,13.26502895,13.37362194,13.09641075,13.25207806,13.17377186,108179971
15-09-2011,13.3375082,13.5736227,13.31409645,13.51334858,13.43349743,118875912
16-09-2011,13.56914043,13.61994934,13.52779484,13.61596394,13.53550625,141901897
19-09-2011,13.45830536,13.69616318,13.33451939,13.61571503,13.53525925,99106087
20-09-2011,13.6837101,13.91085911,13.51608753,13.61471939,13.53427029,111580670
21-09-2011,13.64111996,13.82318687,13.42119408,13.42966175,13.35030651,100948969
22-09-2011,13.10712147,13.17013454,12.8020153,12.96789265,12.89126587,176671736
23-09-2011,12.86577606,13.11135483,12.81446838,13.0886898,13.01134872,111508400
26-09-2011,13.13202763,13.27349758,12.78333473,13.24759483,13.16931438,105762945
27-09-2011,13.40475559,13.62517929,13.35120583,13.43314934,13.35377216,120887424
28-09-2011,13.48694801,13.54971218,13.14323616,13.17162895,13.09379864,90871336
29-09-2011,13.35095692,13.38234043,12.93675995,13.13825512,13.06062126,116699786
30-09-2011,12.95668507,13.0510807,12.81147861,12.82791805,12.75211716,109352349
03-10-2011,12.69865227,12.75220203,12.32878876,12.34173965,12.26881123,179646846
04-10-2011,12.20500278,12.53900146,11.97013283,12.50064468,12.42677784,166975528
05-10-2011,12.36241341,12.64759445,11.97436714,12.57038307,12.49610424,182043797
06-10-2011,12.64012241,12.83265018,12.5180788,12.81969929,12.74394798,137485405
07-10-2011,12.87250137,12.9639082,12.70985985,12.82991028,12.75409889,114664185
10-10-2011,13.08047104,13.38657379,13.03115559,13.37910175,13.30004406,93236167
11-10-2011,13.28669834,13.61895275,13.28669834,13.52879143,13.44884968,114563810
12-10-2011,13.65207863,13.8289156,13.56490517,13.66129398,13.58056927,127588447
13-10-2011,13.6994009,13.92281437,13.64933872,13.92256546,13.84029675,228356741
14-10-2011,14.93078613,14.93402386,14.63439655,14.736763,14.649683,342474886
17-10-2011,14.53850555,14.74049854,14.39603996,14.50587845,14.42016315,160928949
18-10-2011,14.45058632,14.7586813,14.38109589,14.70762157,14.62071323,152601853
19-10-2011,14.62866783,14.74622822,14.42642593,14.46328831,14.37782478,117699519
20-10-2011,14.49317646,14.66727257,14.43364906,14.53726101,14.45135975,135666613
21-10-2011,14.68271637,14.76341343,14.61272812,14.70712376,14.62022018,136148412
24-10-2011,14.61322594,14.94323921,14.60774708,14.85482025,14.76704216,137589795
25-10-2011,14.77213001,14.81945324,14.51683712,14.52455807,14.43873215,102000897
26-10-2011,14.68371201,14.69940281,14.26801968,14.60301399,14.51672554,115354763
27-10-2011,14.90463448,15.01123428,14.77711201,14.91086006,14.822752,151778780
28-10-2011,14.80749798,15.0012722,14.80077267,14.94747257,14.85914803,100696024
31-10-2011,14.82169533,14.93626499,14.73651409,14.76067257,14.67345047,102695490
01-11-2011,14.44834423,14.58308887,14.36490726,14.41222858,14.32706738,125472546
02-11-2011,14.56789589,14.64410973,14.45780945,14.56590271,14.47983265,85153986
03-11-2011,14.62020016,14.88171959,14.53850555,14.88171959,14.79378223,107192283
04-11-2011,14.78209305,14.93751144,14.75544262,14.84784698,14.7601099,113817021
07-11-2011,14.77760983,15.16266727,14.75046158,15.15145874,15.0619278,134799374
08-11-2011,15.16814613,15.30189514,15.0336504,15.25133419,15.16121292,121630197
09-11-2011,15.05008888,15.17786026,14.91061115,14.96764755,14.8792038,148996390
10-11-2011,15.09168339,15.09218121,14.73377419,14.82144642,14.73386669,115166059
11-11-2011,14.97636509,15.24510765,14.90911674,15.15195656,15.06242371,159676271
14-11-2011,15.14323902,15.3942976,15.13776016,15.26777267,15.17755508,128026081
15-11-2011,15.26279068,15.3942976,15.20550632,15.35643959,15.26569843,107441212
16-11-2011,15.24485874,15.39977837,15.20824623,15.2296648,15.13967228,104731092
17-11-2011,15.19429779,15.25008869,14.8637867,14.96565533,14.87722301,140255750
18-11-2011,14.99380016,15.05606556,14.78831959,14.81646442,14.72891426,132000924
21-11-2011,14.63912868,14.65756035,14.24884224,14.46926594,14.38376713,120501984
22-11-2011,14.44585323,14.56963921,14.32729816,14.44585323,14.36049175,96572626
23-11-2011,14.33003807,14.45207977,14.19952679,14.19952679,14.11562061,93380707
25-11-2011,14.07698631,14.30313778,13.98084641,14.02243996,13.93958187,62730250
28-11-2011,14.43016243,14.6655302,14.35867977,14.6498394,14.56327343,113580136
29-11-2011,14.64211845,14.70388603,14.47897911,14.5188303,14.43303871,73546641
30-11-2011,14.89292812,14.93178177,14.74697495,14.92879295,14.84057808,136389312
01-12-2011,14.94398594,15.34249306,14.91907978,15.28695107,15.19661999,145366836
02-12-2011,15.36864471,15.54174614,15.34896755,15.45108604,15.35978508,164040568
05-12-2011,15.63240623,15.73850822,15.50189495,15.58284187,15.49076271,128379401
06-12-2011,15.51659012,15.65681362,15.44809723,15.53601742,15.44421482,93408812
07-12-2011,15.48396206,15.58309078,15.39479733,15.52655315,15.43480682,90630437
08-12-2011,15.46802235,15.6276741,15.32505798,15.3437376,15.25307083,96885796
09-12-2011,15.39230633,15.66951656,15.36764812,15.62692642,15.53458595,111062736
12-12-2011,15.48894405,15.59604168,15.44934177,15.57636642,15.48432541,87683432
13-12-2011,15.66030121,15.85457325,15.51310253,15.58234406,15.49026775,161731947
14-12-2011,15.48819637,15.549716,15.25506973,15.39404869,15.30308437,156733281
15-12-2011,15.50488377,15.54174614,15.40949059,15.43066216,15.33948231,96705121
16-12-2011,15.549716,15.6742487,15.47873211,15.59056282,15.49843693,179040582
19-12-2011,15.64162064,15.65382576,15.44211864,15.4876976,15.39618111,86061375
20-12-2011,15.64137173,15.73701382,15.64112282,15.70040131,15.60762691,95886062
21-12-2011,15.69143486,15.736516,15.4162159,15.58707619,15.49497223,100290510
22-12-2011,15.64012718,15.73427391,15.61671543,15.68371391,15.5910387,73165217
23-12-2011,15.74099922,15.80774879,15.70513344,15.76939201,15.6762104,58365953
27-12-2011,15.74224377,16.05208206,15.74099922,15.94647884,15.8522501,64496847
28-12-2011,16.00874519,16.064785,15.89292908,15.93278027,15.83863354,85406931
29-12-2011,15.97736263,16.01497269,15.82069969,16.00002861,15.9054842,63252199
30-12-2011,15.99056339,16.1086216,15.99056339,16.08720016,15.99213982,71559220
03-01-2012,16.26254463,16.64137459,16.24834633,16.57312965,16.47519875,147611217
04-01-2012,16.56366539,16.6936779,16.4538269,16.64461136,16.54625702,114989399
05-01-2012,16.491436,16.53726387,16.34448624,16.41372681,16.31673813,131808205
06-01-2012,16.41721344,16.43838501,16.18408775,16.18981743,16.09415245,108119746
09-01-2012,16.10214424,16.11459923,15.47275352,15.50338936,15.41177845,233776981
10-01-2012,15.68495941,15.78583145,15.36515808,15.52032566,15.42861557,176483032
11-01-2012,15.52929211,15.67599297,15.47001457,15.59056282,15.49843693,96359832
12-01-2012,15.72157192,15.76316643,15.60401154,15.68221855,15.58955193,75289148
13-01-2012,15.59803486,15.61522007,15.46852016,15.56640339,15.47442055,92637933
17-01-2012,15.7405014,15.7405014,15.5835886,15.65581799,15.56330681,76658261
18-01-2012,15.60725021,15.79081154,15.49492073,15.76366425,15.67051697,110882061
19-01-2012,15.96490955,15.96490955,15.7275486,15.92954159,15.83541298,253157352
20-01-2012,14.70812035,14.71982574,14.48819542,14.59504414,14.50880146,424637703
23-01-2012,14.59529305,14.6615448,14.52455807,14.58333778,14.49716377,137027695
24-01-2012,14.6032629,14.63713646,14.39603996,14.46901703,14.38351822,122690156
25-01-2012,14.38383579,14.41372395,14.1066246,14.18408489,14.10027122,200255805
26-01-2012,14.24610233,14.30836868,14.06104565,14.14946365,14.06585407,129531704
27-01-2012,14.21621418,14.45382404,14.18010044,14.44535542,14.3599968,145242371
30-01-2012,14.39728546,14.44585323,14.2814703,14.38831902,14.30329895,93569411
31-01-2012,14.52057266,14.54547977,14.32505608,14.44859314,14.3632164,86017210
01-02-2012,14.56889153,14.58283997,14.42443371,14.46652603,14.38104248,93175942
02-02-2012,14.56714916,14.60550499,14.49765873,14.57312584,14.48701191,96950036
03-02-2012,14.71135807,14.87100983,14.64635181,14.85257912,14.76481438,127215053
06-02-2012,14.81970215,15.21372509,14.79479504,15.17038822,15.0807457,147735682
07-02-2012,15.12206936,15.17786026,15.03763485,15.11260414,15.02330303,83997668
08-02-2012,15.15917969,15.22667694,15.06204414,15.18931675,15.0995636,73731331
09-02-2012,15.24336433,15.30513287,15.16814613,15.22941589,15.13942432,90927546
10-02-2012,15.14025116,15.14647675,15.04361343,15.09118462,15.00201035,93356617
13-02-2012,15.20550632,15.28869438,15.19355106,15.2478466,15.15774632,72924318
14-02-2012,15.23140907,15.24286556,15.06254196,15.18707466,15.09733295,72418428
15-02-2012,15.26602936,15.26602936,15.0077467,15.08246708,14.99334431,97399715
16-02-2012,15.0142231,15.163414,14.88744831,15.1063776,15.01711369,101615457
17-02-2012,15.06777191,15.13402367,15.00376225,15.05955315,14.9705658,98331193
21-02-2012,15.04037476,15.38931656,15.01571655,15.29267883,15.20231342,99603946
22-02-2012,15.24186993,15.36192036,15.11110973,15.14174461,15.05227089,78974912
23-02-2012,15.11833286,15.14174461,14.95270443,15.09616566,15.00696182,82508106
24-02-2012,15.1270504,15.23414898,15.08122158,15.19056225,15.10080051,77714204
27-02-2012,15.10812092,15.25183201,15.070014,15.17586708,15.08619118,72827958
28-02-2012,15.19305325,15.43639088,15.13526917,15.40201855,15.31100845,114330940
29-02-2012,15.4072504,15.58159637,15.33003902,15.39853287,15.3075428,125946315
01-03-2012,15.49840832,15.58408737,15.39604187,15.50189495,15.41029358,89843498
02-03-2012,15.49193192,15.54174614,15.45008945,15.4732523,15.38182068,63167885
05-03-2012,15.45282936,15.50413704,15.22742367,15.29890633,15.20850468,63970883
06-03-2012,15.14448547,15.163414,14.79056072,15.067523,14.97848892,127451937
07-03-2012,15.16939068,15.22269154,15.08993912,15.11335087,15.02404499,50769586
08-03-2012,15.19404888,15.23041344,15.10214329,15.12182045,15.03246593,54021731
09-03-2012,15.14199448,15.24037457,14.94398594,14.95021343,14.86187267,107224403
12-03-2012,14.94398594,15.11833286,14.92555523,15.07225513,14.9831934,67010233
13-03-2012,15.16191864,15.38856983,15.08221817,15.38682556,15.29590511,90168712
14-03-2012,15.31758595,15.51136017,15.27923012,15.34224415,15.25158691,117916329
15-03-2012,15.35743713,15.52929211,15.31335163,15.47026443,15.37884998,97769094
16-03-2012,15.46428585,15.58931732,15.44336414,15.56764889,15.47565937,122477361
19-03-2012,15.51982784,15.87225723,15.47300339,15.79031372,15.69700813,87237768
20-03-2012,15.71409988,15.84212017,15.62318993,15.77810955,15.68487549,61850967
21-03-2012,15.80600452,16.12431145,15.75370121,15.93975353,15.84556484,99154267
22-03-2012,15.90289211,16.15942955,15.71609211,16.09093666,15.99585629,96769361
23-03-2012,16.10463524,16.15195847,15.96266842,16.00476074,15.91018772,77898894
26-03-2012,16.064785,16.17661667,15.92879486,16.17263031,16.07706261,73040752
27-03-2012,16.11534691,16.27649117,16.05980492,16.11509705,16.01987267,80588939
28-03-2012,16.23987961,16.40326691,16.21621895,16.33278084,16.2362709,101936657
29-03-2012,16.27499771,16.35345268,16.04735184,16.14971733,16.05428886,77260510
30-03-2012,16.23290443,16.27624321,15.96515942,15.97113609,15.87676144,92774443
02-04-2012,15.95942974,16.12705231,15.8117342,16.11260605,16.01739693,91710470
03-04-2012,16.07499695,16.13825989,15.90637875,16.00550652,15.91092873,82102591
04-04-2012,15.90164661,15.91534519,15.71858311,15.81945515,15.72597694,65348026
05-04-2012,15.7469759,15.85133457,15.65556908,15.74896908,15.65590763,93095642
09-04-2012,15.65332699,15.82393837,15.57387543,15.7121067,15.6192627,87635252
10-04-2012,15.77885723,15.80326462,15.55544376,15.61297894,15.52072144,99652126
11-04-2012,15.79006481,15.84062481,15.72356415,15.83962917,15.74603271,88289696
12-04-2012,15.99878311,16.26752472,15.94672775,16.21447372,16.11866188,231127086
13-04-2012,16.12829781,16.16416359,15.5302887,15.55669022,15.46476555,327595322
16-04-2012,15.51683903,15.53701305,14.98533058,15.09517002,15.00597191,228537416
17-04-2012,15.15718746,15.38458538,15.11858177,15.18234253,15.09262943,121409373
18-04-2012,15.14448547,15.26279068,15.01397419,15.1295414,15.04014111,107180238
19-04-2012,15.0857048,15.34896755,14.91907978,14.92655182,14.83834934,132277959
20-04-2012,15.04983997,15.16440964,14.84012604,14.84585381,14.75813007,122794545
23-04-2012,14.76714897,14.9053812,14.69990063,14.88420963,14.79625797,88241516
24-04-2012,14.90015125,15.10911655,14.87723637,14.97561836,14.88712788,77453230
25-04-2012,15.04361343,15.22667694,15.01571655,15.18607903,15.09634399,73117037
26-04-2012,15.21571827,15.39230633,15.18558121,15.3292923,15.2387104,84013728
27-04-2012,15.31808376,15.36092281,15.20799732,15.31708813,15.22657967,65701345
30-04-2012,15.26752377,15.34448528,14.95917892,15.0647831,14.97576523,96652926
01-05-2012,15.03838158,15.23290253,14.94871902,15.0543232,14.96536636,80392204
02-05-2012,14.97387409,15.14597893,14.95917892,15.12480927,15.03543568,64701612
03-05-2012,15.18358803,15.31335163,15.16690063,15.21845722,15.12853146,75000069
04-05-2012,15.09143353,15.14050007,14.86453438,14.86851883,14.78065968,88626955
07-05-2012,14.81945324,15.20724869,14.81945324,15.13203144,15.04261684,80079035
08-05-2012,15.08172035,15.36490917,14.96142101,15.26254177,15.1723547,107493407
09-05-2012,15.11384964,15.35195732,14.98906708,15.17188168,15.08222961,93501157
10-05-2012,15.26677608,15.34722519,15.19878101,15.28421116,15.19389629,61666277
11-05-2012,15.20176983,15.30637836,15.06279087,15.07424831,14.98517418,84290763
14-05-2012,14.96341324,15.15569305,14.9584322,15.04361343,14.9547205,73249532
15-05-2012,15.07723713,15.31758595,15.03738594,15.22069931,15.13075829,84399167
16-05-2012,15.39130974,15.69367599,15.3409977,15.66453457,15.57197189,194128926
17-05-2012,15.78657818,15.88670254,15.47275352,15.51808357,15.42638779,134654835
18-05-2012,15.5691433,15.75146008,14.86179447,14.95394897,14.86558628,239835606
21-05-2012,14.95668888,15.33477211,14.94398594,15.29541874,15.20503807,123477094
22-05-2012,15.2787323,15.2879467,14.84436035,14.96391201,14.87548923,122533571
23-05-2012,14.98508167,15.18309021,14.87225533,15.17960262,15.08990574,127600492
24-05-2012,15.17213058,15.24087334,14.91584206,15.03514481,14.94630241,75935562
25-05-2012,14.96889305,14.98707485,14.65207958,14.73302746,14.64596939,143813034
29-05-2012,14.83962727,14.92231655,14.65307713,14.80301476,14.71554375,104618672
30-05-2012,14.64909172,14.74224186,14.53377438,14.65083504,14.56426239,76553871
31-05-2012,14.66303921,14.69491959,14.42094707,14.46727276,14.38178539,119177037
01-06-2012,14.2413702,14.26278973,14.15569115,14.22119522,14.13716125,122774470
04-06-2012,14.20226574,14.45805836,14.19703579,14.41073513,14.32558155,97672734
05-06-2012,14.33252811,14.39927769,14.10886669,14.20699883,14.12304878,93946821
06-06-2012,14.35818195,14.49491882,14.28670025,14.46004963,14.37460518,84146223
07-06-2012,14.63514423,14.64236736,14.37736034,14.40176868,14.31666851,70603652
08-06-2012,14.34249115,14.47076035,14.31085873,14.45706081,14.37163353,56627461
11-06-2012,14.55070972,14.57835674,14.11434555,14.15942669,14.07575893,106842978
12-06-2012,14.19105816,14.20425892,13.91235256,14.07474422,13.99157715,129451404
13-06-2012,13.99055958,14.12206745,13.91484356,13.97486877,13.89229107,78460993
14-06-2012,13.98009872,14.07399654,13.86104488,13.92405891,13.84178162,94147570
15-06-2012,13.95618916,14.06029892,13.87524223,14.06004906,13.97696686,120497969
18-06-2012,14.01297569,14.30164433,13.92904091,14.21795845,14.13394356,100250360
19-06-2012,14.28620243,14.55245399,14.27449608,14.48396111,14.39837551,83359284
20-06-2012,14.4411211,14.44585323,14.28420925,14.38383579,14.29884148,94219840
21-06-2012,14.44186783,14.44186783,14.04062176,14.07748413,13.99429893,80753554
22-06-2012,14.14697361,14.23364925,14.09267712,14.23364925,14.14954281,89450029
25-06-2012,14.13028622,14.14921474,13.88171768,13.96515465,13.88263416,63501129
26-06-2012,14.01646328,14.11210442,13.93476868,14.06428432,13.98117828,54210435
27-06-2012,14.13950157,14.29616356,14.09765911,14.17935181,14.09556484,67945726
28-06-2012,14.0946703,14.10288906,13.87823105,14.05506802,13.97201538,77124000
29-06-2012,14.32032394,14.44909096,14.25158215,14.44759655,14.36222553,101157748
02-07-2012,14.49118328,14.52057266,14.35867977,14.45755959,14.37212944,66468209
03-07-2012,14.44610214,14.65531826,14.39603996,14.640872,14.55435944,47758342
05-07-2012,14.6640358,14.9454813,14.65855598,14.84236717,14.75466251,94187720
06-07-2012,14.75594139,14.78259087,14.51609039,14.59479523,14.50855446,86796118
09-07-2012,14.56914139,14.66005135,14.47698689,14.59554195,14.50929642,68861145
10-07-2012,14.69965172,14.75544262,14.41447067,14.48819542,14.40258408,77212330
11-07-2012,14.35369873,14.39230442,14.07075882,14.22642612,14.14236069,140496649
12-07-2012,14.12505627,14.24485683,13.99977493,14.20874214,14.12478256,92738308
13-07-2012,14.25033569,14.42468262,14.16067219,14.35917759,14.27432919,79336261
16-07-2012,14.35544205,14.42567921,14.24112129,14.31932831,14.23471546,58723287
17-07-2012,14.40674973,14.46254063,14.15693569,14.36440945,14.27952862,67455897
18-07-2012,14.37063503,14.53775883,14.34946537,14.46478176,14.3793087,62160121
19-07-2012,14.59877968,14.90612793,14.59529305,14.77113438,14.68385124,187688877
20-07-2012,15.16216755,15.26627827,14.89865589,15.21347618,15.12357903,259517101
23-07-2012,14.9559412,15.40102291,14.90040016,15.33028793,15.23970127,143002005
24-07-2012,15.31758595,15.39056206,15.05208111,15.13253021,15.0431118,80677269
25-07-2012,15.15120983,15.27723694,15.07773495,15.14299011,15.05350971,73193322
26-07-2012,15.31758595,15.36416054,15.19379997,15.27673912,15.18646812,67660662
27-07-2012,15.41447258,15.81571865,15.37985325,15.81472301,15.72127342,142520206
30-07-2012,15.84187126,16.0050087,15.67873192,15.74847126,15.65541363,87795852
31-07-2012,15.64784813,15.85307884,15.64685154,15.7651577,15.67200184,74903709
01-08-2012,15.87300396,15.92804813,15.72555733,15.75793457,15.66482067,74060561
02-08-2012,15.57935524,15.89118576,15.52705097,15.6600523,15.56751728,79404516
03-08-2012,15.9402523,16.03290558,15.8441124,15.97337818,15.87899113,76168432
06-08-2012,15.93053818,16.17387581,15.920825,16.01048851,15.91588116,71563235
07-08-2012,15.98483467,16.04635429,15.85233212,15.95370197,15.85943127,79569131
08-08-2012,15.91659069,16.08645439,15.90289211,15.9957943,15.90127468,53086237
09-08-2012,16.05258179,16.09890747,15.97811031,15.99878311,15.90424538,42972470
10-08-2012,15.9051342,15.99604321,15.84386253,15.99006462,15.89557934,57599089
13-08-2012,16.12505913,16.44212151,16.10662842,16.43863487,16.34149742,131205956
14-08-2012,16.41970444,16.7584343,16.41347885,16.65407562,16.55566597,147016998
15-08-2012,16.69442558,16.79330444,16.54050255,16.62618065,16.52793694,96789436
16-08-2012,16.62543488,16.80301857,16.61472321,16.75893211,16.65990448,68965534
17-08-2012,16.79006767,16.86802483,16.72979355,16.86528587,16.76562881,87434502
20-08-2012,16.8244381,16.90837288,16.75370216,16.82543373,16.72600937,70587592
21-08-2012,16.76491165,16.88670349,16.49243164,16.67524719,16.57671165,89221174
22-08-2012,16.6221962,16.95146179,16.60525894,16.86628151,16.76661873,76654246
23-08-2012,16.79380226,16.94847298,16.71235847,16.85681725,16.75720978,71635505
24-08-2012,16.82692909,16.9477253,16.78907013,16.90239525,16.80251884,57277890
27-08-2012,16.51285553,16.73726463,16.41945648,16.66802406,16.56953239,104939872
28-08-2012,16.56291771,16.87723923,16.55644226,16.86802483,16.76835251,82652646
29-08-2012,16.87101364,17.160429,16.84062767,17.13602066,17.03476524,120060335
30-08-2012,17.04212189,17.12057877,16.94100189,16.97836113,16.87803459,65319921
31-08-2012,17.03614426,17.15021706,16.93751335,17.06329346,16.96246719,85402916
04-09-2012,17.04984283,17.06105042,16.77462578,16.96242142,16.86219025,75867307
05-09-2012,16.93651772,17.09841156,16.91509819,16.95445061,16.85426521,68584110
06-09-2012,17.08496094,17.43191147,17.0543251,17.41970634,17.31677246,122196311
07-09-2012,17.43465042,17.73975754,17.37661743,17.58782768,17.48390198,129804723
10-09-2012,17.67773819,17.75370407,17.39455032,17.45382881,17.35069466,102783820
11-09-2012,17.38384056,17.45084,17.21049118,17.24012947,17.13825798,75232938
12-09-2012,17.1708889,17.30787659,16.95843506,17.20750237,17.10582161,106088160
13-09-2012,17.26254654,17.65880966,17.19903374,17.58508682,17.48117638,106758663
14-09-2012,17.67375374,17.7584362,17.6092453,17.67574692,17.57130241,105132591
17-09-2012,17.63664436,17.75544739,17.55918312,17.68321991,17.57872772,60558139
18-09-2012,17.62842369,17.89940834,17.60351753,17.88994408,17.78423119,82981875
19-09-2012,17.87051773,18.14598465,17.84336853,18.11958313,18.01251411,124396528
20-09-2012,18.04411507,18.21622086,17.9631691,18.13502502,18.02786446,116731906
21-09-2012,18.23689461,18.30439186,18.18483925,18.28122711,18.17320442,255317419
24-09-2012,18.20675659,18.68097878,18.18807793,18.66454124,18.55425262,143086320
25-09-2012,18.75594711,19.05084229,18.62170029,18.65906143,18.54880333,243248350
26-09-2012,18.67624664,18.95993423,18.4558239,18.76615906,18.65526962,227766537
27-09-2012,18.92780495,18.99978447,18.72107887,18.84187508,18.73053741,157833389
28-09-2012,18.78334427,18.91161537,18.70862579,18.79206276,18.68102074,111757330
01-10-2012,18.90538788,19.05358124,18.83465385,18.97338295,18.86126518,127194978
02-10-2012,19.05856323,19.07823944,18.68670845,18.8540802,18.74267006,112026334
03-10-2012,18.82244873,19.02668381,18.73477745,18.99131584,18.87909698,88663090
04-10-2012,18.99754333,19.17537689,18.91410446,19.12954712,19.01651001,98535958
05-10-2012,19.19579887,19.28720665,19.0538311,19.11958504,19.00660706,109846193
08-10-2012,18.9539566,19.01821518,18.78334427,18.87525177,18.76371765,78637653
09-10-2012,18.92082977,18.96192551,18.49393082,18.53278542,18.42327499,120578269
10-10-2012,18.47724342,18.61846352,18.38832664,18.54449081,18.43490982,81901842
11-10-2012,18.75221252,18.8916893,18.68720627,18.71684456,18.60624695,95713418
12-10-2012,18.72606087,18.80127716,18.53303337,18.54922295,18.43961334,96528461
15-10-2012,18.4792347,18.52630806,18.19928551,18.45532417,18.34627151,121216653
16-10-2012,18.43415451,18.6050148,18.34274673,18.54797745,18.43837547,82636586
17-10-2012,18.52929878,18.83789063,18.43739128,18.81671906,18.70553017,92059774
18-10-2012,18.81796646,18.91460228,16.83689117,17.31011772,17.20783043,499561487
19-10-2012,17.57362938,17.60152435,16.73726463,16.98110008,16.88075829,461009524
22-10-2012,16.96167374,17.05183601,16.67997932,16.90339279,16.80350876,162832055
23-10-2012,16.7375145,17.1190834,16.73726463,16.9452343,16.84510612,117101285
24-10-2012,17.10588264,17.11086464,16.81870842,16.86927032,16.76958847,100234300
25-10-2012,16.93651772,16.98633194,16.77487373,16.88072777,16.78097916,96403996
26-10-2012,16.84934425,17.01198578,16.71733856,16.81572151,16.71635818,78324483
31-10-2012,16.93303108,16.96142387,16.81198502,16.94399071,16.84386826,61710442
01-11-2012,16.92406464,17.20800018,16.90463638,17.12555885,17.02436447,82311371
02-11-2012,17.30488777,17.3238163,17.12008095,17.13377762,17.03253365,93324497
05-11-2012,17.04859734,17.1073761,16.82593155,17.01024055,16.90972519,65681270
06-11-2012,17.07300568,17.09841156,16.87549591,16.97935677,16.87902641,63549309
07-11-2012,16.81198502,16.89243317,16.60002899,16.61572075,16.51753616,89626688
08-11-2012,16.6924324,16.72456169,16.21995354,16.24635506,16.15035629,104269368
09-11-2012,16.30513382,16.64610672,16.1967907,16.51385117,16.41627121,125030896
12-11-2012,16.53178406,16.68247032,16.4600544,16.58533478,16.48733139,56446786
13-11-2012,16.51310539,16.6276741,16.39430046,16.41472435,16.31772804,64007018
14-11-2012,16.45482254,16.4926815,16.20177269,16.25283051,16.15679359,66986143
15-11-2012,16.1893177,16.43838501,16.03738785,16.12107468,16.02581596,74233205
16-11-2012,16.08944321,16.26453781,15.84062481,16.1190815,16.02383232,138043489
19-11-2012,16.33128548,16.66055107,16.32705116,16.64286804,16.54452515,95083064
20-11-2012,16.67524719,16.88670349,16.55220795,16.68670464,16.58810234,83861158
21-11-2012,16.6622963,16.68247032,16.44834709,16.5845871,16.48658752,84804682
23-11-2012,16.68670464,16.68745041,16.59031487,16.63689041,16.53858185,37038310
26-11-2012,16.59878349,16.61273193,16.41397667,16.46702766,16.36972237,88514535
27-11-2012,16.44261932,16.81198502,16.38857269,16.70513535,16.60642624,100724129
28-11-2012,16.63788605,17.05880928,16.5352726,17.02792549,16.92730904,122136087
29-11-2012,17.13029099,17.28272057,16.98633194,17.23265839,17.13083076,111476280
30-11-2012,17.21821213,17.41522217,17.07823753,17.39405251,17.29127121,127018318
03-12-2012,17.49044228,17.58135033,17.28795052,17.31634331,17.21401787,88028721
04-12-2012,17.31011772,17.32282066,17.07848549,17.21123886,17.10953712,79966615
05-12-2012,17.23913383,17.29766464,16.9945507,17.13128853,17.03005791,74775229
06-12-2012,17.12555885,17.32530975,17.0488472,17.21372986,17.11201286,58711242
07-12-2012,17.31011772,17.35694122,16.99679184,17.04137421,16.94067764,77059760
10-12-2012,17.07076454,17.22668076,17.03091431,17.07151222,16.97063828,54872909
11-12-2012,17.18558311,17.48247147,17.12879753,17.35694122,17.25437737,107906951
12-12-2012,17.41547394,17.52207375,17.27225876,17.37387848,17.27121353,97403730
13-12-2012,17.83116341,17.84486389,17.42344284,17.50189972,17.39847946,138312493
14-12-2012,17.41397858,17.62942123,17.39554787,17.4834671,17.38015556,85523366
17-12-2012,17.5716362,17.98060417,17.53477478,17.95221138,17.84612846,121871097
18-12-2012,17.84810066,18.15943336,17.80949593,17.95943451,17.85331154,120646524
19-12-2012,17.95046616,18.00750351,17.85009384,17.93552208,17.82954025,77031655
20-12-2012,18.01397896,18.04859924,17.85731506,17.9915638,17.88525009,66528434
21-12-2012,17.78259659,17.9033947,17.69666862,17.82394028,17.7186203,141568653
24-12-2012,17.7960453,17.8127346,17.62070274,17.67126465,17.56684494,33762076
26-12-2012,17.63564682,17.75544739,17.49467659,17.65557289,17.55124855,47473277
27-12-2012,17.61248398,17.65482521,17.40003014,17.59131241,17.48736572,66142994
28-12-2012,17.4767437,17.60675621,17.43490028,17.43490028,17.33187675,56290202
31-12-2012,17.43465042,17.69791412,17.33502388,17.61846161,17.5143528,80195470
02-01-2013,17.91833878,18.10713005,17.84685516,18.0137291,17.90728569,102033017
03-01-2013,18.05557251,18.22991943,17.95071602,18.0241909,17.91768837,93075567
04-01-2013,18.1654129,18.4675293,18.12406731,18.38035583,18.27174759,110954331
07-01-2013,18.31759071,18.41547394,18.19629669,18.30015755,18.19202042,66476239
08-01-2013,18.31983376,18.33876228,18.04311943,18.2640419,18.1561203,67295297
09-01-2013,18.23838806,18.3898201,18.14698029,18.38409233,18.2754612,81291563
10-01-2013,18.5014019,18.55545044,18.2690239,18.46777725,18.35865021,73703226
11-01-2013,18.48073006,18.49143982,18.33876228,18.43066788,18.32176018,51600690
14-01-2013,18.35619545,18.48571014,17.99131393,18.0137291,17.90728569,114985384
15-01-2013,17.91609573,18.30638313,17.73602104,18.05557251,17.94888115,157696879
16-01-2013,17.99255943,18.0408783,17.7751236,17.81298256,17.70772362,81239368
17-01-2013,17.87574768,17.92381668,17.7091217,17.7165947,17.61190605,88791570
18-01-2013,17.69268227,17.75270844,17.46777534,17.5469799,17.44329262,129555794
22-01-2013,17.5507164,17.56765175,17.32306862,17.50613213,17.40268707,152264594
23-01-2013,18.33104134,18.65507507,18.32605934,18.46827507,18.35914612,237249950
24-01-2013,18.46180153,18.85009575,18.44361877,18.78483963,18.67383957,135815168
25-01-2013,18.69916153,18.89119148,18.68620872,18.77139091,18.66047096,89369729
28-01-2013,18.72381973,18.81945992,18.62742996,18.69816589,18.58767891,65327951
29-01-2013,18.59903526,18.85308456,18.59380531,18.77163887,18.6607151,70145942
30-01-2013,18.77313423,18.95271111,18.75246048,18.77537537,18.66443062,69579828
31-01-2013,18.69268417,18.86977005,18.68620872,18.82170105,18.71048355,65613015
01-02-2013,18.88421631,19.34250069,18.88172722,19.31759262,19.20344543,150405652
04-02-2013,19.12058067,19.18982124,18.88596153,18.9046402,18.79293251,122075862
05-02-2013,18.95719337,19.20576286,18.91584969,19.07201385,18.95931625,75108474
06-02-2013,18.9058857,19.25183868,18.8916893,19.18235016,19.06900024,83435569
07-02-2013,19.17064476,19.39754295,19.06603622,19.27649689,19.16259193,114033831
08-02-2013,19.43041992,19.5933094,19.41622353,19.56093025,19.44534492,121256803
11-02-2013,19.38733292,19.50190163,19.2715168,19.48745537,19.37230301,87037018
12-02-2013,19.47076988,19.62394524,19.41149139,19.44461632,19.32971764,74638720
13-02-2013,19.43041992,19.56043243,19.42643547,19.49841499,19.38319778,48107646
14-02-2013,19.42045784,19.64486694,19.37163925,19.62195206,19.50600624,69672173
15-02-2013,19.61149025,19.75744438,19.60327148,19.74822807,19.63153648,109601278
19-02-2013,19.82543945,20.09966278,19.80775642,20.09592628,19.97718048,117711564
20-02-2013,20.05731964,20.14872742,19.72083092,19.73751831,19.62088776,110982436
21-02-2013,19.87550163,20.06105614,19.70663452,19.81398201,19.69690132,140781714
22-02-2013,19.90688324,19.9564476,19.7708931,19.91809273,19.80039787,82463941
25-02-2013,19.98259926,20.13478088,19.68845367,19.69542694,19.57904434,92501423
26-02-2013,19.80078125,19.82444382,19.53677177,19.67948532,19.5632,88430220
27-02-2013,19.79579926,20.04362106,19.70389557,19.91983604,19.80213165,81347773
28-02-2013,19.95271111,20.09941292,19.9509697,19.9552021,19.837286,90971711
01-03-2013,19.87051964,20.10314751,19.8294239,20.07948685,19.96083641,87342157
04-03-2013,20.05731964,20.49418259,20.04984856,20.4608078,20.33990288,111440145
05-03-2013,20.64586449,20.92531776,20.64511681,20.88671112,20.76329041,162370331
06-03-2013,20.94723511,21.02120781,20.64287567,20.70688629,20.58452797,115350748
07-03-2013,20.77363586,20.83739662,20.66205406,20.73727226,20.61473465,82415761
08-03-2013,20.78459358,20.79505539,20.54922676,20.71037292,20.58799553,116912581
11-03-2013,20.71460724,20.91410828,20.7098732,20.79256439,20.66970062,64027093
12-03-2013,20.6901989,20.71958733,20.51485443,20.61298752,20.49118614,80633104
13-03-2013,20.62021065,20.68969917,20.48098183,20.55570221,20.43423843,65898080
14-03-2013,20.59754562,20.59754562,20.35844231,20.46180344,20.34089661,66295564
15-03-2013,20.38608742,20.43091965,20.25757027,20.28148079,20.16163826,124452737
18-03-2013,20.04984856,20.24312401,19.96192741,20.11933708,20.00045013,73807616
19-03-2013,20.20526695,20.40476799,20.0859623,20.20725822,20.08785439,84242583
20-03-2013,20.34449387,20.36142921,20.21024704,20.29169273,20.17179108,58771467
21-03-2013,20.20651054,20.346735,20.17064476,20.20576477,20.08637047,59325536
22-03-2013,20.29243851,20.30489159,20.16541481,20.1821022,20.06284714,59751126
25-03-2013,20.23440552,20.40427017,20.0951786,20.16541481,20.04625893,68736680
26-03-2013,20.26155472,20.2740078,20.11933708,20.23465538,20.11509132,47854701
27-03-2013,20.09169006,20.09966278,19.95844078,19.99156761,19.87343597,86852328
28-03-2013,20.02469254,20.05906487,19.75844193,19.78060722,19.66372299,91855009
01-04-2013,19.80103111,19.98135567,19.75719452,19.95495415,19.83704185,72562968
02-04-2013,20.03839111,20.29468155,20.0249424,20.25009727,20.13043785,81966082
03-04-2013,20.26055717,20.27898979,19.94200134,20.07973671,19.96108627,69800653
04-04-2013,20.03116798,20.06852722,19.7086277,19.80252457,19.68551064,98270968
05-04-2013,19.57811546,19.60128021,19.33751869,19.50314713,19.38790321,137870844
08-04-2013,19.3960495,19.41597366,19.13826561,19.29891205,19.18487549,113708616
09-04-2013,19.31510162,19.5205822,19.25557518,19.36865234,19.2542038,86615444
10-04-2013,19.49991035,19.73477936,19.32755661,19.68073273,19.56443787,79440651
11-04-2013,19.74798012,19.75345993,19.52830315,19.68596268,19.56963921,81452163
12-04-2013,19.72581291,19.72855377,19.50015831,19.67749405,19.56122017,65713390
15-04-2013,19.57537651,19.85059547,19.35296059,19.47525215,19.36017418,98491793
16-04-2013,19.59131622,19.82568741,19.52481651,19.76018333,19.64342117,69941178
17-04-2013,19.59530258,19.69717026,19.37985992,19.49094391,19.37577248,81785407
18-04-2013,19.56043243,19.57164192,18.96043205,19.07624817,18.96352577,133398142
19-04-2013,19.15719414,20.01099396,19.08496475,19.92207718,19.80435562,232998073
22-04-2013,19.94025993,20.02394485,19.30264854,19.92805481,19.81030083,115768308
23-04-2013,19.95022202,20.31136894,19.9342804,20.12207794,20.00317574,92035684
24-04-2013,20.12730789,20.37363434,20.12456894,20.26030922,20.14058685,73438237
25-04-2013,20.33004761,20.33552742,20.11535263,20.15196419,20.03288651,79986690
26-04-2013,20.11460686,20.11809158,19.84013367,19.96068192,19.84273529,99880980
29-04-2013,20.00626183,20.49069595,20.00003433,20.40003586,20.27948952,92376959
30-04-2013,20.3985405,20.6137352,20.36566353,20.5372715,20.41591835,92613843
01-05-2013,20.50464439,20.54100609,20.33278847,20.43415833,20.31341362,58418148
02-05-2013,20.42593956,20.78583908,20.3997879,20.66280174,20.54070282,81034603
03-05-2013,20.84586525,21.0909462,20.82195473,21.06404686,20.93957901,100880714
06-05-2013,21.1273098,21.4657917,21.1273098,21.45831871,21.33152008,85973045
07-05-2013,21.49468231,21.51610184,21.18733406,21.35072136,21.22455978,78653713
08-05-2013,21.34499359,21.7654171,21.24312592,21.75919151,21.63061333,99102072
09-05-2013,21.68970108,21.90937805,21.62469482,21.7056427,21.57738304,88353936
10-05-2013,21.80103493,21.93129539,21.72257805,21.92357445,21.79402733,76192522
13-05-2013,21.89019966,21.9793663,21.75296593,21.85632706,21.72718048,58157173
14-05-2013,21.85557938,22.13428497,21.84661484,22.0946846,21.96412849,63408784
15-05-2013,22.30389977,22.82394981,22.26703835,22.8117466,22.67695236,160033605
16-05-2013,22.88920593,22.91361427,22.46604156,22.51236725,22.37934303,128865215
17-05-2013,22.66554451,22.75197029,22.42893028,22.6446228,22.51081657,112098604
20-05-2013,22.54051208,22.92905617,22.54051208,22.62843323,22.49472237,91248746
21-05-2013,22.61573029,22.70639038,22.35645294,22.58957863,22.45609665,79617311
22-05-2013,22.47974014,22.64785957,22.08920479,22.15246773,22.0215683,102807910
23-05-2013,21.8431263,22.16591644,21.76840782,21.98733521,21.85741043,91345105
24-05-2013,21.79978943,21.88845634,21.69393539,21.75147057,21.62294197,92216359
28-05-2013,22.00502014,22.22021294,21.92780876,21.94947815,21.81977654,90638467
29-05-2013,21.81099701,21.8677845,21.52656364,21.626688,21.49889374,80837869
30-05-2013,21.6667881,21.89044952,21.57936478,21.68770981,21.55955696,85145956
31-05-2013,21.62195587,21.8431263,21.6070118,21.69916534,21.57094574,79071272
03-06-2013,21.74349976,21.76765823,21.29567909,21.60975075,21.48205566,99399181
04-06-2013,21.61523056,21.68347549,21.27201653,21.39729881,21.27086258,75024159
05-06-2013,21.48222923,21.6550808,21.34823227,21.41224289,21.28571701,84587872
06-06-2013,21.5268116,21.5773735,21.1014061,21.53528023,21.40802956,103550684
07-06-2013,21.67924118,21.91784668,21.55221748,21.91112137,21.78164673,107385002
10-06-2013,21.97014999,22.19182014,21.92008781,22.17239189,22.04137611,93862506
11-06-2013,22.01672554,22.0921936,21.90589142,21.91311455,21.78363037,70567517
12-06-2013,22.05383682,22.06728554,21.66006279,21.71809578,21.58976364,88522565
13-06-2013,21.6433754,21.90937805,21.55669975,21.8431263,21.71405602,83106340
14-06-2013,21.92033768,22.03490829,21.77164459,21.79430962,21.66552544,90136592
17-06-2013,21.89866829,22.15271568,21.87500763,22.07351303,21.94307899,86173794
18-06-2013,22.13328934,22.44088554,22.12581635,22.43142128,22.29887581,87000883
19-06-2013,22.45010185,22.68596649,22.35371208,22.43291664,22.30036163,117073180
20-06-2013,22.26629066,22.44088554,22.00028801,22.03590393,21.90569496,135385563
21-06-2013,22.12556839,22.16392326,21.74524307,21.94100952,21.81135941,159889066
24-06-2013,21.71560478,21.82619095,21.50065994,21.66354942,21.53553772,121128323
25-06-2013,21.84960175,21.90987587,21.53204346,21.57413483,21.44665146,102510801
26-06-2013,21.76218033,21.86803246,21.68297768,21.75968933,21.63111115,73530581
27-06-2013,21.88795853,22.03465843,21.83440971,21.84486961,21.71578598,77348840
28-06-2013,21.79082298,21.96367455,21.77313995,21.92706108,21.79749298,94324230
01-07-2013,22.07849312,22.21871948,22.04237938,22.11411095,21.98343658,69250599
02-07-2013,22.17189407,22.19182014,21.84985161,21.97538185,21.84552956,75943592
03-07-2013,21.91535568,22.14624023,21.88048744,22.0779953,21.94753647,42036977
05-07-2013,22.16716194,22.30165863,22.10066032,22.25383759,22.12233925,68331166
08-07-2013,22.39630318,22.57214355,22.34325218,22.54275322,22.40954781,79075287
09-07-2013,22.68995285,22.73851967,22.36566734,22.54648972,22.41325951,79472771
10-07-2013,22.50190735,22.69343948,22.42544365,22.56517029,22.43183327,68592140
11-07-2013,22.73976517,22.93428612,22.62818336,22.92008972,22.78465271,103755449
12-07-2013,22.91411209,22.98883247,22.79555702,22.98883247,22.8529911,103113050
15-07-2013,23.02121162,23.11336517,22.823452,23.03092384,22.89483261,78713937
16-07-2013,23.09169769,23.11261749,22.76218224,22.90439987,22.76905823,79617311
17-07-2013,22.93901825,23.08497238,22.82195854,22.87799835,22.7428112,60469809
18-07-2013,22.88895607,22.91411209,22.4954319,22.68198204,22.54795265,145924920
19-07-2013,22.08247948,22.48945427,21.80850601,22.33129692,22.19934082,295475379
22-07-2013,22.46579361,22.7315464,22.341259,22.68247986,22.54844856,116563276
23-07-2013,22.68247986,22.73976517,22.40526962,22.51062584,22.37761116,82134711
24-07-2013,22.59680176,22.67251778,22.43341446,22.48820877,22.3553257,83451629
25-07-2013,22.26330185,22.33752251,22.06927872,22.10962868,21.97898102,120493954
26-07-2013,22.09194374,22.16666412,21.9676609,22.05109787,21.92079926,71374530
29-07-2013,22.03988838,22.28696251,21.94001389,21.97438431,21.84453583,75959652
30-07-2013,22.05383682,22.30663872,21.93951416,22.18982697,22.05870628,70487217
31-07-2013,22.24138451,22.32905579,22.07176971,22.11087227,21.98021698,87265872
01-08-2013,22.29144669,22.5293045,22.29144669,22.52108574,22.38800812,85856610
02-08-2013,22.50165749,22.59032631,22.43640327,22.57961655,22.4461956,68812965
05-08-2013,22.55022621,22.55346489,22.39605331,22.54051208,22.40732002,52584363
06-08-2013,22.53279114,22.65782356,22.30962753,22.33054924,22.19859695,60469809
07-08-2013,22.29244232,22.37737465,22.14424706,22.18310165,22.05201912,55374783
08-08-2013,22.3036499,22.31236839,22.04960251,22.23316574,22.10179138,59743096
09-08-2013,22.18086052,22.30439758,22.16691208,22.17712593,22.04608154,53146462
12-08-2013,22.08970261,22.0921936,21.95894241,22.05508232,21.92475891,55286453
13-08-2013,22.08795929,22.12955284,21.82320023,21.94898033,21.81928253,57004870
14-08-2013,21.87724876,21.92357445,21.59804535,21.66404724,21.53603363,83600184
15-08-2013,21.53029823,21.54225349,21.36989975,21.41124535,21.28472519,75048249
16-08-2013,21.4515934,21.48048592,21.33353615,21.34275246,21.21663666,67255147
19-08-2013,21.36267662,21.7185936,21.35620117,21.56043625,21.4330349,72707508
20-08-2013,21.62768364,21.72133255,21.50788307,21.55470848,21.42734146,49504863
21-08-2013,21.68496895,21.84088516,21.58160782,21.65209389,21.52414894,70555472
22-08-2013,21.73602867,21.78708649,21.67500687,21.76118469,21.63259697,34926424
23-08-2013,21.86379814,21.86803246,21.66255379,21.67400932,21.54593658,43245489
26-08-2013,21.66877937,21.79082298,21.57039833,21.57886696,21.45135689,42257801
27-08-2013,21.41024971,21.5126152,21.11834335,21.17438316,21.049263,69623993
28-08-2013,21.17687416,21.30539131,21.11510468,21.13453293,21.00964928,53395392
29-08-2013,21.14748383,21.42917824,21.13552856,21.30588913,21.17999268,59361671
30-08-2013,21.3141098,21.37089729,21.06006241,21.09343719,20.96879578,74743109
03-09-2013,21.27923965,21.57388687,21.26902771,21.42917824,21.30255318,82210996
04-09-2013,21.42843056,21.75595284,21.29941559,21.70937729,21.58109665,81954037
05-09-2013,21.75595284,21.91485786,21.70887947,21.90688705,21.77743912,51845604
06-09-2013,21.97861862,22.01199341,21.76193047,21.90738678,21.77793503,62698130
09-09-2013,22.01074791,22.16068649,21.9781208,22.11834526,21.98764801,49569103
10-09-2013,22.1674118,22.2167263,22.01747322,22.13378716,22.00300026,51697050
11-09-2013,22.13054848,22.34051132,22.06927872,22.32108498,22.189188,64665477
12-09-2013,22.35122108,22.36367416,22.16716194,22.24312782,22.11169243,43984248
13-09-2013,22.27899361,22.30838394,22.03839493,22.14374924,22.01290321,53214717
16-09-2013,22.32133484,22.341259,22.03914261,22.11112213,21.98046494,53660381
17-09-2013,22.10240555,22.12681389,21.94275284,22.0700264,21.93961143,50564822
18-09-2013,22.07600403,22.51485825,21.99431038,22.49866867,22.36572266,77678069
19-09-2013,22.56517029,22.56517029,22.30140877,22.37587929,22.24365997,64155573
20-09-2013,22.37587929,22.5188446,22.30688858,22.49343872,22.36052513,174463490
23-09-2013,22.32008934,22.45558167,22.04736137,22.07974052,21.94927216,71362485
24-09-2013,22.07974052,22.16940308,21.95271683,22.08820724,21.95768929,59694916
25-09-2013,22.08098412,22.08098412,21.80825615,21.84885406,21.71974945,66207234
26-09-2013,21.87550545,21.98633957,21.79331207,21.87226677,21.74302292,50584897
27-09-2013,21.7888298,21.85607719,21.70140839,21.82793427,21.69895172,50540732
30-09-2013,21.64586639,21.93876839,21.626688,21.8159771,21.68706703,69154239
01-10-2013,21.92407227,22.10887909,21.91909218,22.0921936,21.96164894,67644602
02-10-2013,21.98584175,22.15097237,21.86355019,22.11685181,21.98616409,60036190
03-10-2013,22.11709976,22.26902962,21.72108459,21.82046127,21.6915226,84997401
04-10-2013,21.79331207,21.85582924,21.66877937,21.72731018,21.59892082,54523605
07-10-2013,21.60526848,21.76815796,21.52207947,21.56267738,21.43526268,51937949
08-10-2013,21.55221748,21.56865501,21.21124458,21.26205444,21.13641739,78039419
09-10-2013,21.3270607,21.48571587,20.99580383,21.3166008,21.1906414,106449509
10-10-2013,21.51535416,21.6396389,21.42494392,21.62494469,21.49716187,90550137
11-10-2013,21.56990051,21.75545502,21.55171967,21.71834373,21.5900116,56567236
14-10-2013,21.58559227,21.82444763,21.5539608,21.82095909,21.69202042,49930453
15-10-2013,21.81224251,22.05807114,21.76840782,21.96790886,21.83810043,63914673
16-10-2013,22.06404877,22.37438583,22.01772118,22.36691284,22.23474503,80604999
17-10-2013,22.24138451,22.33876991,22.06056213,22.13677597,22.00597,170902191
18-10-2013,24.32332993,25.29170036,24.25907135,25.19082832,25.04197502,464390148
21-10-2013,25.19207382,25.37986946,24.89543533,24.98883629,24.84117508,145675990
22-10-2013,25.03117752,25.2304306,24.80178642,25.08098984,24.93278694,88675135
23-10-2013,24.93154907,25.77215004,24.92233467,25.68896103,25.53716278,106927293
24-10-2013,25.70041847,25.91710663,25.52432823,25.5430088,25.39207458,83997668
25-10-2013,25.62445259,25.62445259,25.17414093,25.28522491,25.13581276,81524432
28-10-2013,25.28522491,25.49020576,25.23018074,25.28024292,25.13086128,46521724
29-10-2013,25.38236046,25.82669449,25.24288368,25.80926132,25.65675354,64440637
30-10-2013,25.83889961,25.84089279,25.55421638,25.66430473,25.51265335,53162522
31-10-2013,25.62719345,25.94076729,25.50365639,25.66828918,25.51661491,65845885
01-11-2013,25.69842529,25.80328369,25.53180122,25.58011818,25.42896461,51524405
04-11-2013,25.69120216,25.71287155,25.45533752,25.55695534,25.4059391,45722740
05-11-2013,25.41349411,25.69493866,25.34051895,25.44263458,25.29229355,47433127
06-11-2013,25.5442543,25.57912254,25.28945923,25.47327042,25.32274818,36652871
07-11-2013,25.46978378,25.50266075,25.09693146,25.1046524,24.95630836,67435822
08-11-2013,25.12457657,25.36741638,25.11834908,25.30589676,25.15636444,51825529
11-11-2013,25.1435051,25.30340767,25.1058979,25.17040443,25.0216713,44670812
12-11-2013,25.09842491,25.34400368,25.03117752,25.20004463,25.05113792,48906630
13-11-2013,25.07476425,25.72482681,25.06853676,25.71536255,25.56341171,63412799
14-11-2013,25.75147629,25.89668274,25.66255951,25.7841053,25.6317482,46842923
15-11-2013,25.77513885,25.85309601,25.66156387,25.74251175,25.59039879,51243355
18-11-2013,25.7970562,26.12059402,25.6349144,25.69244766,25.54062843,70651832
19-11-2013,25.69668388,25.77215004,25.4807415,25.53429031,25.38340759,45433661
20-11-2013,25.65259743,25.73752975,25.41374207,25.46231079,25.31185341,38692487
21-11-2013,25.57912254,25.86081696,25.55421638,25.75521278,25.60302544,43835693
22-11-2013,25.73902321,25.8075161,25.63441658,25.70091629,25.54904747,50356042
25-11-2013,25.8321743,26.23142815,25.77887344,26.05060577,25.8966713,64761837
26-11-2013,26.11710739,26.43840218,25.97613525,26.36144066,26.2056694,91794785
27-11-2013,26.45160294,26.60029602,26.40104294,26.47850227,26.32204056,45112461
29-11-2013,26.45484161,26.56592369,26.38734436,26.39083099,26.23488808,47890836
02-12-2013,26.48846436,26.55920029,26.17090416,26.26355743,26.10836792,55133884
03-12-2013,26.17563629,26.48672104,26.12756729,26.23317146,26.07815933,67295297
04-12-2013,26.1860981,26.50017166,26.15197563,26.35571289,26.19997597,47842656
05-12-2013,26.33130455,26.39257431,26.17912483,26.33479118,26.17918015,45517975
06-12-2013,26.64487839,26.65010834,26.40303421,26.64687157,26.48941422,57366220
09-12-2013,26.67476654,26.95671082,26.60079384,26.85284805,26.69417381,59526286
10-12-2013,26.8032856,27.20577621,26.79083061,27.01523972,26.85560608,74433955
11-12-2013,27.08348465,27.18111801,26.77887535,26.83167839,26.67312813,68728650
12-12-2013,26.88846588,26.97240067,26.62520218,26.6491127,26.491642,64099363
13-12-2013,26.78460503,26.80677223,26.34848976,26.42071915,26.26459694,86820208
16-12-2013,26.50066948,26.76692009,26.45110512,26.7243309,26.56641579,64320188
17-12-2013,26.72034645,26.91810417,26.60976028,26.6466217,26.48916626,61658247
18-12-2013,26.69618607,27.02246284,26.37713242,27.01748276,26.85783577,88743390
19-12-2013,26.91835213,27.1978054,26.87626076,27.05409431,26.89422989,66877738
20-12-2013,27.10589981,27.42644882,27.09842873,27.41275024,27.25076675,130953011
23-12-2013,27.59257507,27.79083252,27.52482986,27.77339745,27.60928154,69122119
24-12-2013,27.77016068,27.77688408,27.59905243,27.69220352,27.52856827,29478078
26-12-2013,27.74625015,27.8705349,27.61374664,27.83217812,27.66771507,53712576
27-12-2013,27.89544106,27.90241432,27.71960068,27.85559082,27.69099236,63023345
30-12-2013,27.90390968,27.90789413,27.62196541,27.63292503,27.46964264,49629328
31-12-2013,27.7021656,27.92034721,27.55322456,27.91312408,27.7481823,54519590
02-01-2014,27.7823658,27.83940125,27.60303688,27.72408295,27.56025887,73129082
03-01-2014,27.77090836,27.81897736,27.52009773,27.52184105,27.35921478,66917888
06-01-2014,27.72134399,27.86704636,27.55770683,27.82869148,27.66425133,71037271
07-01-2014,28.01997375,28.38585281,27.92433357,28.36517906,28.19756889,102486711
08-01-2014,28.54301453,28.57589149,28.22644997,28.42420959,28.25625038,90036218
09-01-2014,28.47925377,28.49868011,28.0339222,28.15048409,27.9841423,83692529
10-01-2014,28.37066078,28.37066078,27.95148087,28.14899063,27.98265839,86061375
13-01-2014,28.05658722,28.56567955,27.82495499,27.96966362,27.80438995,97118665
14-01-2014,28.34251595,28.66754723,28.09693527,28.62769508,28.45853424,99676216
15-01-2014,28.71711159,28.76717377,28.48797035,28.60826874,28.43922043,78300393
16-01-2014,28.620224,28.84015083,28.59282684,28.79755974,28.62739372,67608467
17-01-2014,28.8132515,28.90739822,28.4981823,28.65584183,28.48651505,108457005
21-01-2014,28.91486931,28.99133301,28.67501831,28.98386192,28.81259537,79492846
22-01-2014,29.05633926,29.0882206,28.86331367,29.01673889,28.84527779,63091600
23-01-2014,28.89170647,28.95372391,28.75148201,28.89419746,28.72346115,78256228
24-01-2014,28.66779518,28.73105812,27.97016144,27.99083328,27.82543373,156283602
27-01-2014,28.04737282,28.0573349,26.95571327,27.42794228,27.26586914,174796734
28-01-2014,27.65434456,28.03865433,27.64488029,27.97040939,27.80513191,88739375
29-01-2014,27.87352371,27.93902779,27.38286209,27.56966209,27.40675163,95552818
30-01-2014,28.51810646,28.70465851,28.07601357,28.27875328,28.11165237,204419353
31-01-2014,29.17439651,29.55272865,28.6707859,29.41399956,29.24019241,223486554
03-02-2014,29.3699131,29.43267822,28.19457054,28.2299366,28.06312561,183449044
04-02-2014,28.34351158,28.76717377,28.31910324,28.3477459,28.18023872,112897588
05-02-2014,28.47775841,28.66181755,28.09519196,28.47327423,28.30502319,96139007
06-02-2014,28.6707859,28.89569283,28.58161926,28.89071083,28.71999359,78155853
07-02-2014,29.08174324,29.33753586,28.90565491,29.32607841,29.15278816,105843245
10-02-2014,29.1856041,29.44961548,29.11636543,29.21375084,29.04112625,78099643
11-02-2014,29.39407349,29.68548203,29.19581795,29.64338875,29.46822548,82339476
12-02-2014,29.61399841,29.63890648,29.4242115,29.55646515,29.38181496,69238554
13-02-2014,29.40851974,29.88548279,29.38137054,29.88548279,29.70888901,73731331
14-02-2014,29.77863121,29.99731255,29.70864487,29.95771027,29.78068733,87795852
18-02-2014,29.92309189,30.20852089,29.88797379,30.15895653,29.98074532,84672187
19-02-2014,30.01997757,30.11761284,29.82570648,29.94625473,29.76930046,84459392
20-02-2014,29.96617889,30.05957985,29.89345169,29.99033928,29.81312561,68287001
21-02-2014,30.08249283,30.13380051,29.95870781,29.98236847,29.80520058,74771214
24-02-2014,30.02147293,30.39009094,30.01499557,30.19955444,30.02110291,67223027
25-02-2014,30.28498459,30.4981842,30.14749908,30.38610458,30.20655251,57763704
26-02-2014,30.48573112,30.60727692,30.2306881,30.39034081,30.21076393,79585191
27-02-2014,30.34600639,30.4914608,30.31163406,30.36642838,30.18699265,50588912
28-02-2014,30.39457321,30.49046326,30.04289246,30.27776146,30.09884834,92890878
03-03-2014,30.05609131,30.08324051,29.69220543,29.95497131,29.77796555,84507572
04-03-2014,30.26157188,30.28647995,30.12458611,30.25933075,30.08052826,58928052
05-03-2014,30.26281738,30.46281815,30.17215729,30.34276772,30.16347122,49597208
06-03-2014,30.44289207,30.53928185,30.35123634,30.37639236,30.19689751,50914126
07-03-2014,30.55547142,30.56020355,30.17290497,30.25634193,30.07755661,60831159
10-03-2014,30.2787571,30.32732582,29.98984146,30.17614174,29.99782944,48766105
11-03-2014,30.23093605,30.24463654,29.80428505,29.88772392,29.7111187,68776830
12-03-2014,29.79830933,30.08349037,29.49419975,30.06979179,29.89210701,78866507
13-03-2014,30.08597946,30.14949226,29.50839424,29.61549377,29.44049454,94175675
14-03-2014,29.43940353,29.66057587,29.20378685,29.21051216,29.03790665,92099924
17-03-2014,29.37116051,29.81499672,29.34276581,29.69120979,29.51576233,86808163
18-03-2014,29.75522041,30.1751461,29.71512032,30.16842079,29.99015427,72872123
19-03-2014,30.18187141,30.18660355,29.74874306,29.86929321,29.6927948,64757822
20-03-2014,29.88672638,30.12732506,29.77240562,29.81723785,29.64104652,67640587
21-03-2014,30.04513359,30.12782478,29.45086098,29.46555519,29.29144096,128821050
24-03-2014,29.49419975,29.51188278,28.54176712,28.84015083,28.66973305,121939352
25-03-2014,29.04114723,29.13678741,28.56792068,28.85982513,28.68929291,96769361
26-03-2014,28.94176865,29.17987633,28.1818676,28.19357491,28.02697945,103586819
27-03-2014,28.32224083,28.32224083,27.57030678,27.84654617,27.68200111,262719
28-03-2014,27.98317146,28.24395561,27.85701942,27.92283821,27.75784111,824257
31-03-2014,28.26689339,28.27237892,27.77025795,27.77225113,27.60814476,216593
01-04-2014,27.8590126,28.34468079,27.8590126,28.28035545,28.11324501,158434
02-04-2014,29.91736221,30.15869904,28.03253746,28.27237892,28.10531807,2942055
03-04-2014,28.41448784,29.28360176,28.12927055,28.4090023,28.24113274,101983228
04-04-2014,28.65383148,28.80940437,27.07566452,27.08264542,26.92261314,127386783
07-04-2014,26.96297264,27.34891319,26.28533363,26.83382797,26.67526817,88033033
08-04-2014,27.05571938,27.67402077,27.00635338,27.66903496,27.50553703,63024560
09-04-2014,27.90438843,28.19110107,27.57180214,28.12977028,27.96355057,66616395
10-04-2014,28.17265129,28.17265129,26.92108727,26.97344398,26.8140583,80737057
11-04-2014,26.55459404,26.92607307,26.25441742,26.45736122,26.30102348,78496923
14-04-2014,26.83881378,27.13051224,26.40550423,26.55309868,26.39619637,51501009
15-04-2014,26.76750946,26.84878731,25.85202217,26.74856186,26.59050369,77101101
16-04-2014,27.07566452,27.77374649,26.92607307,27.75081062,27.58683205,97865955
17-04-2014,27.36536789,27.39977455,26.48478508,26.73160744,26.57364845,136190888
21-04-2014,26.73160744,26.76152611,26.20804596,26.35863113,26.20287704,51334553
22-04-2014,26.35963058,26.78795433,26.30328369,26.66728592,26.50971031,47307527
23-04-2014,26.61642456,26.62041473,26.24045753,26.27486229,26.11960411,41046384
24-04-2014,26.43093491,26.50971794,26.0345211,26.18610573,26.03137207,37663121
25-04-2014,26.05396843,26.16316986,25.70043945,25.73833466,25.58624458,42007014
28-04-2014,25.78819847,25.85900307,25.07116699,25.78670311,25.63432884,66710653
29-04-2014,25.77423668,26.40051651,25.74531555,26.31275749,26.15727615,53981801
30-04-2014,26.30777168,26.32771683,26.05446625,26.2609005,26.10572052,35023895
01-05-2014,26.28333855,26.57354164,26.12228012,26.49475861,26.33819771,38110345
02-05-2014,26.6149292,26.6268959,26.20854378,26.32422638,26.16867828,33770463
05-05-2014,26.16915321,26.37259483,25.99463272,26.31824303,26.16272545,20482080
06-05-2014,26.18959618,26.26837921,25.6824894,25.68647766,25.53469658,33780490
07-05-2014,25.71888924,25.76326752,25.09609985,25.42818642,25.27793121,64486563
08-05-2014,25.35339165,25.79069138,25.2531662,25.48004532,25.32948303,40426688
09-05-2014,25.46757889,25.92382622,25.14097595,25.86548615,25.71264648,48789585
12-05-2014,26.10383224,26.43691635,25.87944794,26.42345428,26.26731682,38250730
13-05-2014,26.47182274,26.73011208,26.40301132,26.58152008,26.42445183,33068541
14-05-2014,26.57703209,26.57703209,26.19258881,26.26040268,26.10523224,23835261
15-05-2014,26.21303177,26.22150993,25.80016518,25.92781448,25.7746048,34087331
16-05-2014,25.99812126,26.01856613,25.701437,25.96022606,25.80682564,29705333
19-05-2014,25.9138546,26.41647339,25.80829239,26.37059975,26.21477318,25555972
20-05-2014,26.4144783,26.73809052,26.24295044,26.41597557,26.25988388,35695734
21-05-2014,26.57204628,26.88533592,26.52268219,26.87322044,26.71442413,23925508
22-05-2014,26.98241997,27.30503464,26.96496773,27.17838287,27.01778603,32316482
23-05-2014,27.28808022,27.60620689,27.11056709,27.55933571,27.39648819,38643806
27-05-2014,27.72388458,28.22251511,27.64160919,28.2200222,28.05327034,42083223
28-05-2014,28.15121078,28.31426239,27.97319984,28.00710678,27.84160995,33040464
29-05-2014,28.09037781,28.12278938,27.8590126,27.9273262,27.7623024,27082150
30-05-2014,27.96322632,27.99065208,27.71939659,27.9178524,27.75288582,35422988
02-06-2014,27.95824051,27.96821213,27.21179008,27.6206665,27.45745468,28700582
03-06-2014,27.4740696,27.54138565,27.05322456,27.17239761,27.0118351,37332215
04-06-2014,27.00086975,27.35539627,26.86374664,27.15843773,26.99795914,36329469
05-06-2014,27.2451973,27.67152786,27.14796448,27.61917114,27.45596695,33782496
06-06-2014,27.82660294,27.82660294,27.37135124,27.74033928,27.57642174,34735104
09-06-2014,27.78122711,28.06793976,27.72587967,28.0290451,27.86341858,29350361
10-06-2014,27.94876671,28.10284424,27.8186245,27.9507618,27.78560066,27034019
11-06-2014,27.82361031,27.91735268,27.67501831,27.86549568,27.70083809,22002242
12-06-2014,27.78870583,27.82311249,27.34791565,27.49202156,27.32956886,29169867
13-06-2014,27.53739548,27.53939056,27.20331383,27.51246452,27.34989357,24410836
16-06-2014,27.38780785,27.4057579,27.00186539,27.13948822,26.97912025,34051232
17-06-2014,27.13549805,27.19134521,26.89266586,27.07616234,26.91616821,28891103
18-06-2014,27.16840935,27.60221863,27.12552643,27.59274483,27.42970085,34835379
19-06-2014,27.63612556,27.67402077,27.35040855,27.66903496,27.50553703,49136535
20-06-2014,27.76626778,27.80266762,27.44425201,27.74183464,27.57790756,90166875
23-06-2014,27.68149948,28.17265129,27.63662338,28.17015839,28.00370026,30736155
24-06-2014,28.18212509,28.55390549,27.97369766,28.15370369,27.98734093,44142862
25-06-2014,28.18561554,28.9186039,28.18362236,28.85328293,28.68278885,39387843
26-06-2014,28.9704628,29.04276276,28.51421356,28.72114563,28.55143356,34839390
27-06-2014,28.77998543,28.91411591,28.61144638,28.78297615,28.61289597,44738493
30-06-2014,28.85378265,28.89915657,28.65881729,28.68524551,28.51574135,26275943
01-07-2014,28.83682823,29.13999557,28.75355721,29.05373383,28.88205338,28959290
02-07-2014,29.08764076,29.19185448,28.9400444,29.03702927,28.865448,21127848
03-07-2014,29.08764076,29.17041206,28.96647263,29.15645027,28.98416328,14283107
07-07-2014,29.10808372,29.24121857,28.90015411,29.03278923,28.86123276,21292298
08-07-2014,28.80391884,28.8970623,28.22924614,28.47631836,28.30805016,38190565
09-07-2014,28.5007515,28.75704765,28.39085388,28.7251358,28.55539703,22335153
10-07-2014,28.21802711,28.75056458,28.17315102,28.47681618,28.30854607,27134293
11-07-2014,28.51720619,28.96298218,28.49277306,28.87971115,28.70906067,32434806
14-07-2014,29.05024338,29.18038559,28.82236862,29.16343117,28.99110222,37081529
15-07-2014,29.20681381,29.2100544,28.74906921,29.15894318,28.98664093,32460877
16-07-2014,29.31950378,29.33944893,29.03029633,29.0532341,28.88155746,27942506
17-07-2014,28.89716339,28.96996307,28.35265732,28.60795784,28.43891335,60331186
18-07-2014,29.56881905,29.75829887,29.02032471,29.67253494,29.4971981,80283816
21-07-2014,29.50649071,29.6386261,29.18153191,29.39280128,29.21911621,41242922
22-07-2014,29.45513153,29.90040779,29.44914627,29.65558052,29.48034477,33983045
23-07-2014,29.58028793,29.81065559,29.54388618,29.71741104,29.5418129,24663528
24-07-2014,29.74084663,29.89292908,29.50748634,29.58627129,29.41144371,20702684
25-07-2014,29.43917465,29.51197433,29.27113533,29.37036324,29.19681358,18649061
28-07-2014,29.32299423,29.54388618,29.1575985,29.44914627,29.27513123,19736037
29-07-2014,29.35690117,29.40427017,29.09586716,29.20033073,29.02778435,26997920
30-07-2014,29.24720192,29.39429855,29.12005043,29.29058266,29.11750412,20329662
31-07-2014,28.95051575,29.10259819,28.42196655,28.50174713,28.33332825,42055146
01-08-2014,28.4419136,28.71915245,28.06544685,28.22600555,28.05921555,39105069
04-08-2014,28.37409973,28.68873405,28.12777519,28.57903671,28.41016197,28546159
05-08-2014,28.42446136,28.52069664,28.05347824,28.17614174,28.00964928,31024946
06-08-2014,28.01209259,28.45687294,27.92333603,28.24116325,28.0742836,26687069
07-08-2014,28.32224083,28.41648293,27.97818565,28.09087563,27.9248867,22218835
08-08-2014,28.10084915,28.43443298,27.94078827,28.36063576,28.19305229,29895854
11-08-2014,28.42146873,28.44639969,28.22251511,28.31625748,28.14893532,24294518
12-08-2014,28.14871788,28.2175293,27.96721649,28.0594635,27.89365768,30840441
13-08-2014,28.28783607,28.67128372,28.21004868,28.66031265,28.49095917,28784812
14-08-2014,28.73012161,28.81588554,28.46584702,28.65383148,28.48451424,19709966
15-08-2014,28.81389046,28.88968277,28.44789505,28.59549141,28.42651939,30383189
18-08-2014,28.72663116,29.14548111,28.72114563,29.02830315,28.85677147,25682318
19-08-2014,29.16991425,29.28659439,29.12005043,29.26265907,29.08974457,19573592
20-08-2014,29.21379471,29.25468063,29.04874611,29.14448357,28.97226524,20734771
21-08-2014,29.11107635,29.14498138,28.97744179,29.0886364,28.91675186,18296094
22-08-2014,29.09960747,29.18168259,28.95251083,29.04824829,28.87660217,15781209
25-08-2014,29.15595245,29.16991425,28.87073517,28.9305706,28.75962067,27228551
26-08-2014,28.98342514,29.01035118,28.75006676,28.81389046,28.64362907,32793789
27-08-2014,28.78447151,28.84530449,28.42710304,28.47183037,28.30358887,34067276
28-08-2014,28.40002823,28.58402252,28.27736473,28.38207626,28.21436501,25858801
29-08-2014,28.48828506,28.52368736,28.27581978,28.50174713,28.33332825,21675347
02-09-2014,28.51421356,28.8123951,28.48130417,28.78746414,28.61735725,31568434
03-09-2014,28.92059708,29.0696888,28.67128372,28.81788063,28.64759445,24302540
04-09-2014,28.92059708,29.21977615,28.88170433,29.01932716,28.84784889,29163850
05-09-2014,29.11905479,29.24720192,29.0178318,29.22376633,29.0510807,32647388
08-09-2014,29.24969482,29.50748634,29.23473549,29.40526772,29.23151016,28620362
09-09-2014,29.36437988,29.36936569,28.92059708,28.97096062,28.79977226,25744488
10-09-2014,28.99539375,29.09511948,28.76801682,29.07517433,28.903368,19547521
11-09-2014,28.93854904,29.01085091,28.73410988,28.98791313,28.81662178,24420864
12-09-2014,28.9704628,29.00237465,28.64435768,28.70219803,28.53259659,32033708
15-09-2014,28.56856537,28.66879082,28.33271217,28.57654381,28.40768433,31951483
16-09-2014,28.55958939,28.99539375,28.55460358,28.91810417,28.74722672,29607064
17-09-2014,28.9210968,29.29556847,28.85951614,29.15844536,28.98614883,33856699
18-09-2014,29.26963997,29.39629173,29.16991425,29.38282967,29.20920372,28891103
19-09-2014,29.49402428,29.742342,29.39429855,29.72239685,29.54676819,74732617
22-09-2014,29.60970688,29.61613846,29.09312439,29.28808975,29.11502457,33790518
23-09-2014,29.26216125,29.26216125,28.9704628,28.97694397,28.80571938,29428575
24-09-2014,28.99339867,29.40077972,28.94652748,29.31900406,29.14575768,34562632
25-09-2014,29.29706573,29.31850624,28.63039589,28.67427444,28.50483704,38519466
26-09-2014,28.72413826,28.8832016,28.6543293,28.77599525,28.60595512,28873054
29-09-2014,28.50922775,28.83034515,28.48030663,28.7390976,28.56927681,25648224
30-09-2014,28.767519,28.91311836,28.56407738,28.7889595,28.61884499,32434806
01-10-2014,28.72164536,28.79993057,28.27287674,28.3357048,28.1682682,28909153
02-10-2014,28.28783607,28.51720619,28.08888245,28.42595673,28.25798607,23568530
03-10-2014,28.5740509,28.78222847,28.54662514,28.68524551,28.51574135,22834521
06-10-2014,28.86076355,28.9704628,28.64336014,28.78846169,28.61834908,24292512
07-10-2014,28.64136505,28.68474579,28.10982323,28.10982323,27.94372177,38226664
08-10-2014,28.2010746,28.61543655,27.79817963,28.54662514,28.37794304,39817018
09-10-2014,28.48080635,28.4962635,27.87646484,27.96721649,27.80195618,50496258
10-10-2014,27.80964851,28.17913437,27.12801933,27.14995956,26.98953056,61638766
13-10-2014,27.17489052,27.39977455,26.58201981,26.58750343,26.43039703,51633371
14-10-2014,26.87122536,27.28458977,26.58550835,26.82335663,26.66485596,44451708
15-10-2014,26.47780418,26.56706047,25.84404564,26.42893982,26.27277184,74387672
16-10-2014,25.87894821,26.39902115,25.67949677,26.15369415,25.99915123,74171079
17-10-2014,26.29031944,26.47630882,25.3568821,25.48852158,25.3379097,110787334
20-10-2014,25.40275764,26.01657295,25.33544159,25.9706974,25.81723595,52150788
21-10-2014,26.18760109,26.26738358,25.88443375,26.25491714,26.09977722,46725935
22-10-2014,26.42195892,26.91610146,26.36760712,26.56257248,26.40561485,58385859
23-10-2014,26.89216805,27.28608513,26.71914291,27.12453079,26.96425247,46976621
24-10-2014,27.14347839,27.16940689,26.71615028,26.91510582,26.75606537,39462046
27-10-2014,26.7779808,27.1459713,26.7779808,26.96446991,26.80513573,23706909
28-10-2014,27.07566452,27.37384415,27.0068531,27.36985588,27.20812607,25419598
29-10-2014,27.42470551,27.63363266,27.27411842,27.39129639,27.22944069,35410955
30-10-2014,27.37234879,27.56432152,27.10109329,27.44016266,27.27801704,29113713
31-10-2014,27.89092445,27.90189552,27.66155434,27.87746239,27.71273422,40701440
03-11-2014,27.69895363,27.8186245,27.58576393,27.68499184,27.52140045,27645693
04-11-2014,27.57429504,27.69895363,27.38980103,27.62964249,27.46637917,24884132
05-11-2014,27.76377487,27.76377487,27.12801933,27.22126389,27.06041145,40645286
06-11-2014,27.2003212,27.26938248,26.97444153,27.02779579,26.86808777,26665008
07-11-2014,27.2357235,27.2357235,26.85975647,26.97643661,26.81703186,32675465
10-11-2014,26.99887466,27.40426254,26.97693443,27.2995491,27.13823509,22692131
11-11-2014,27.34941292,27.52144051,27.24021149,27.43916512,27.27702713,19310873
12-11-2014,27.44415283,27.44764137,27.1838665,27.29057312,27.12931252,22593862
13-11-2014,27.41473389,27.41473389,27.09959793,27.19433784,27.03364563,26787343
14-11-2014,27.25915909,27.25915909,27.03327942,27.14547157,26.98506737,25790614
17-11-2014,27.10458374,27.11505508,26.62993813,26.75205231,26.59397316,34520517
18-11-2014,26.8014164,27.02280807,26.63537216,26.67825508,26.52061272,39253475
19-11-2014,26.67675972,26.83831406,26.43143272,26.77598763,26.61776733,27844237
20-11-2014,26.4897728,26.68224335,26.48129654,26.66828156,26.51069641,31267610
21-11-2014,27.00635338,27.0327816,26.75454521,26.8014164,26.64304543,44485801
24-11-2014,26.80889511,27.06070518,26.70767403,26.88967323,26.73078346,34127440
25-11-2014,26.87621117,27.12453079,26.8563652,26.97992706,26.82050133,35798014
26-11-2014,26.96995354,27.00336266,26.77857971,26.94452477,26.78530884,30459397
28-11-2014,26.95698929,27.0258007,26.7565403,27.01732445,26.85767937,22966883
01-12-2014,26.87122536,26.99638176,26.52018929,26.61692238,26.45964241,42307838
02-12-2014,26.60246277,26.70169067,26.41747093,26.61442947,26.45716286,30533600
03-12-2014,26.4992466,26.72642326,26.39054489,26.49326324,26.33671188,25559983
04-12-2014,26.48528481,26.79343987,26.35713577,26.7919426,26.63362885,27842232
05-12-2014,26.47730637,26.57154846,26.14222717,26.19109154,26.03632736,51312493
08-12-2014,26.28433609,26.47730637,26.11779404,26.27685738,26.12158585,46587556
09-12-2014,26.03551865,26.63636971,25.95374489,26.59548187,26.4383297,37426473
10-12-2014,26.58102226,26.74307632,26.20605087,26.23098373,26.07598305,34245764
11-12-2014,26.31774521,26.62290764,26.28284073,26.34467125,26.18900108,32216207
12-12-2014,26.10383224,26.35264969,25.8619957,25.8619957,25.70917511,39891221
15-12-2014,26.06543732,26.08338737,25.59323311,25.61966133,25.46827316,56268061
16-12-2014,25.5079689,25.58226395,24.38305664,24.70168114,24.55571747,79285081
17-12-2014,24.78196144,25.28059196,24.77248764,25.17538071,25.02662086,57663883
18-12-2014,25.57727814,25.62315178,25.16590691,25.48503113,25.33444023,58534266
19-12-2014,25.50547409,25.81512451,25.27615356,25.74681282,25.59467316,73804074
22-12-2014,25.73334885,26.25092888,25.73334885,26.17164612,26.01699829,54475152
23-12-2014,26.27785492,26.65481949,26.24245071,26.4568634,26.30052757,43952341
24-12-2014,26.45287323,26.51515388,26.27885056,26.36611176,26.2103138,14118657
26-12-2014,26.36611176,26.63936234,26.29331207,26.62839127,26.47104263,20810980
29-12-2014,26.53664398,26.70069313,26.42799187,26.44389725,26.28763771,45570772
30-12-2014,26.33220482,26.48478508,26.28433609,26.44838524,26.292099,17525986
31-12-2014,26.4897728,26.55708885,26.21801758,26.24793625,26.09283638,27364925
02-01-2015,26.37807846,26.49077034,26.13325119,26.16865349,26.01402092,28951268
05-01-2015,26.09136581,26.14472008,25.58276367,25.62315178,25.47174263,41196796
06-01-2015,25.67949677,25.7380867,24.9839077,25.02928162,24.8813839,57998800
07-01-2015,25.28059196,25.29275894,24.91409874,24.9864006,24.83875656,41301082
08-01-2015,24.83132553,25.10507393,24.48278236,25.06518364,24.9170723,67071641
09-01-2015,25.16889954,25.17687607,24.67176437,24.74057579,24.59438133,41427428
12-01-2015,24.67924309,24.73090172,24.31125259,24.56007004,24.4149437,46535413
13-01-2015,24.87370872,25.08014107,24.5520916,24.74107361,24.59487915,47409807
14-01-2015,24.66478348,25.0926075,24.58250809,24.97493172,24.82735634,44714427
15-01-2015,25.20928764,25.21477318,24.81985664,25.02080536,24.87295723,54316718
16-01-2015,24.9320488,25.33992958,24.93154907,25.33444405,25.18474197,45965854
20-01-2015,25.48004532,25.55483818,25.23152733,25.27560616,25.12625313,44640224
21-01-2015,25.2930584,25.89291191,25.24070168,25.83108139,25.67844391,45374234
22-01-2015,26.00260925,26.74307632,25.9138546,26.64634132,26.48888588,53538588
23-01-2015,26.70617867,27.03427696,26.57703209,26.92358017,26.76448822,45634948
26-01-2015,26.85277557,26.87621117,26.41098976,26.68722916,26.52953339,30874534
27-01-2015,26.42594719,26.46234894,25.8385601,25.86050034,25.70768738,38080263
28-01-2015,26.0674324,26.07790375,25.4301815,25.4301815,25.27991295,33676205
29-01-2015,25.48004532,25.4845314,24.99138641,25.4630909,25.3126297,83727244
30-01-2015,25.72237968,26.9195919,25.70542526,26.6528244,26.49533463,112127002
02-02-2015,26.51370621,26.57703209,25.85651016,26.35165215,26.19594002,56996054
03-02-2015,26.32771683,26.59697723,26.09136581,26.38954735,26.23361015,40773638
04-02-2015,26.38954735,26.56067848,25.99213982,26.06643486,25.91240692,33273101
05-02-2015,26.11779404,26.35264969,26.03302574,26.30677414,26.15132713,36995292
06-02-2015,26.30976677,26.78645706,26.24843407,26.47730637,26.32085037,35270570
09-02-2015,26.32771683,26.52717018,26.22898865,26.31924057,26.16372108,25355423
10-02-2015,26.39253807,26.81138992,26.27386475,26.77349281,26.61528969,34997823
11-02-2015,26.69171715,26.84878731,26.59588051,26.72512627,26.56720734,27555446
12-02-2015,26.78895187,27.16641426,26.6604538,27.07217216,26.91220284,32404724
13-02-2015,27.09311676,27.42021751,27.08214569,27.37534142,27.21357918,38006060
17-02-2015,27.26663971,27.42470551,26.98042488,27.06768608,26.90774345,32336537
18-02-2015,26.99588394,27.19982338,26.80191422,26.91111565,26.75209808,29061570
19-02-2015,26.82834244,27.08114815,26.82684708,27.06918144,26.90922928,19782163
20-02-2015,27.08214569,27.1130619,26.7166481,26.87371826,26.71492195,28887092
23-02-2015,26.72911453,26.74851227,26.39802361,26.52268219,26.36596107,29157834
24-02-2015,26.42744255,26.7660141,26.34018326,26.73110962,26.57315445,20101036
25-02-2015,26.72163582,27.23622322,26.69894791,27.11904526,26.95879745,36519991
26-02-2015,27.08613586,27.73086548,27.00086975,27.69795418,27.5342865,46230579
27-02-2015,27.63612556,28.15819168,27.56930733,27.84355545,27.67902756,48203982
02-03-2015,27.94976425,28.5291729,27.86100769,28.48878479,28.32044411,42592618
03-03-2015,28.44440651,28.69072914,28.2484436,28.60346985,28.43445206,34095352
04-03-2015,28.51521111,28.77649307,28.32274055,28.59000587,28.42106628,37536775
05-03-2015,28.67227936,28.81638527,28.59200096,28.68773842,28.51822281,27792094
06-03-2015,28.66529846,28.75505257,28.26041031,28.30653381,28.13926888,33182854
09-03-2015,28.26539612,28.43543053,28.09960365,28.36462593,28.19701767,21242161
10-03-2015,28.13525581,28.16517258,27.6605587,27.67452049,27.51099014,35846146
11-03-2015,27.68100166,27.8305912,27.45861244,27.4835434,27.3211422,36415706
12-03-2015,27.59972572,27.74233246,27.44764137,27.69945145,27.53577423,27792094
13-03-2015,27.599226,27.84355545,27.1364975,27.29107285,27.12980843,34071287
16-03-2015,27.47207451,27.76626778,27.22525215,27.64958763,27.48620415,32819860
17-03-2015,27.50997162,27.61418533,27.32497978,27.46659088,27.30428886,36110871
18-03-2015,27.54936218,27.91236687,27.27511597,27.89840508,27.73355293,42690887
19-03-2015,27.89291954,27.96322632,27.73111343,27.82311249,27.65870667,23945563
20-03-2015,28.00561142,28.00910187,27.87596703,27.94128609,27.77618217,52337299
23-03-2015,27.94477844,28.04101372,27.71540642,27.86399841,27.69934845,32876014
24-03-2015,28.05098534,28.65083885,27.98367119,28.43144035,28.26343727,51665459
25-03-2015,28.44689941,28.53465843,27.86050987,27.86275291,27.69811058,43045859
26-03-2015,27.80316544,27.8684864,27.45711517,27.68249893,27.51892281,31452115
27-03-2015,27.57429504,27.68798256,27.33146095,27.3419323,27.18036842,37949906
30-03-2015,27.50548363,27.59773064,27.33345604,27.5259285,27.36327553,25750504
31-03-2015,27.42470551,27.65956116,27.26115417,27.32497978,27.163517,31760961
01-04-2015,27.35489655,27.48154831,26.90114212,27.05372429,26.89386368,39261497
02-04-2015,26.96845818,26.96845818,26.61926651,26.70318604,26.5453968,34327989
06-04-2015,26.53813934,26.84679222,26.40600204,26.76476669,26.60661316,26488525
07-04-2015,26.83033752,27.06020546,26.72662163,26.77748108,26.61925125,26057345
08-04-2015,26.84529686,27.11804771,26.84529686,27.00635338,26.84677124,23570536
09-04-2015,26.97743225,27.0233078,26.70119286,26.96496773,26.80563164,31157308
10-04-2015,27.04026031,27.04026031,26.7919426,26.9265728,26.76746368,28189181
13-04-2015,26.84679222,27.12851906,26.7919426,26.88468742,26.72582626,32906096
14-04-2015,26.73908806,26.80490685,26.33230591,26.44688988,26.29061317,52082601
15-04-2015,26.36262131,26.66329575,26.08937263,26.5535965,26.39668846,46376979
16-04-2015,26.42245674,26.70617867,26.40799713,26.61692238,26.45964241,25997180
17-04-2015,26.36062622,26.41946411,25.97917366,26.13075829,25.97635078,43037837
20-04-2015,26.20804596,26.73110962,26.15319633,26.69570732,26.53796196,33585958
21-04-2015,26.80191422,26.89565849,26.61068916,26.62540054,26.46807098,36895018
22-04-2015,26.64684105,26.97992706,26.51470375,26.89441109,26.73549271,31871263
23-04-2015,26.9759388,27.47257423,26.93754387,27.27511597,27.11394691,83697161
24-04-2015,28.22750092,28.47881126,27.78621292,28.17564392,28.00915146,98650102
27-04-2015,28.16950035,28.29750061,27.65999985,27.76849937,27.60441399,47960000
28-04-2015,27.73200035,27.8010006,27.5182991,27.68400002,27.52041626,29820000
29-04-2015,27.52350044,27.68400002,27.34524918,27.45400047,27.29177284,33976000
30-04-2015,27.39349937,27.42950058,26.75250053,26.86700058,26.70824242,41644000
01-05-2015,26.92149925,26.97699928,26.60499954,26.89500046,26.73607635,35364000
04-05-2015,26.92650032,27.20350075,26.75300026,27.03899956,26.87922668,26160000
05-05-2015,26.91049957,26.98699951,26.51955032,26.54000092,26.3831749,27662000
06-05-2015,26.56200027,26.61899948,26.05425072,26.21100044,26.05611992,31340000
07-05-2015,26.19949913,26.67300034,26.08749962,26.53499985,26.37820435,30926000
08-05-2015,26.83250046,27.05750084,26.25,26.9109993,26.75198174,30552000
11-05-2015,26.9185009,27.09900093,26.77000046,26.78499985,26.62672806,18106000
12-05-2015,26.57999992,26.66044998,26.26300049,26.45199966,26.29569435,32684000
13-05-2015,26.52799988,26.71610069,26.4327507,26.4810009,26.32452393,25046000
14-05-2015,26.68849945,26.95000076,26.62050056,26.92000008,26.76093102,28078000
15-05-2015,26.95899963,26.96369934,26.5189991,26.69249916,26.53477287,39426000
18-05-2015,26.60050011,26.74099922,26.44249916,26.61499977,26.45773315,40068000
19-05-2015,26.6989994,27.03300095,26.65200043,26.86800003,26.70923424,39338000
20-05-2015,26.92449951,27.14599991,26.64859962,26.96349907,26.80417252,28616000
21-05-2015,26.89749908,27.19199944,26.79899979,27.12549973,26.96521378,29254000
22-05-2015,27.00749969,27.20949936,26.97550011,27.00550079,26.84592628,23524000
26-05-2015,26.90600014,26.95000076,26.49399948,26.61599922,26.45872307,48130000
27-05-2015,26.63999939,27.02750015,26.58550072,26.98950005,26.830019,30500000
28-05-2015,26.90049934,27.03050041,26.8125,26.98900032,26.82952118,20596000
29-05-2015,26.86849976,26.93149948,26.57250023,26.60549927,26.44828796,51948000
01-06-2015,26.83950043,26.83950043,26.48800087,26.69949913,26.54173088,38086000
02-06-2015,26.64649963,27.14999962,26.56649971,26.95899963,26.79969978,38780000
03-06-2015,26.99550056,27.17499924,26.85549927,27.01549911,26.85586357,34340000
04-06-2015,26.88800049,27.02949905,26.7159996,26.83499908,26.67642975,26966000
05-06-2015,26.81749916,26.86000061,26.62599945,26.66650009,26.50892639,27764000
08-06-2015,26.66550064,26.70599937,26.31200027,26.34149933,26.18584824,30412000
09-06-2015,26.37800026,26.45999908,26.15049934,26.33449936,26.17888832,29106000
10-06-2015,26.46800041,26.91799927,26.46750069,26.83449936,26.67593384,36300000
11-06-2015,26.92124939,26.9489994,26.65099907,26.73049927,26.57254791,24350000
12-06-2015,26.57999992,26.65600014,26.50799942,26.61650085,26.4592247,19116000
15-06-2015,26.39999962,26.41500092,26.20000076,26.36000061,26.20423889,32654000
16-06-2015,26.42000008,26.48200035,26.27799988,26.40749931,26.25145531,21436000
17-06-2015,26.46850014,26.54899979,26.25499916,26.46299934,26.30662727,25884000
18-06-2015,26.54999924,26.90749931,26.53949928,26.83650017,26.6779213,36662000
19-06-2015,26.86050034,26.91250038,26.65049934,26.83449936,26.67593384,37870000
22-06-2015,26.97949982,27.18700027,26.87649918,26.90950012,26.7504921,25006000
23-06-2015,26.98200035,27.07494926,26.76250076,27.02400017,26.86431503,23950000
24-06-2015,27,27,26.78300095,26.8920002,26.73309326,25732000
25-06-2015,26.94350052,27.04500008,26.7614994,26.7614994,26.60336494,26714000
26-06-2015,26.86300087,26.88800049,26.56749916,26.58449936,26.42741203,42182000
29-06-2015,26.25049973,26.43050003,26.02700043,26.07600021,25.92191696,38756000
30-06-2015,26.3010006,26.3125,26.02499962,26.02549934,25.87171364,44344000
01-07-2015,26.23649979,26.28450012,25.91150093,26.09199905,25.93782234,39220000
02-07-2015,26.05400085,26.23250008,26.05400085,26.17000008,26.01536179,24718000
06-07-2015,25.97500038,26.26250076,25.95000076,26.14299965,25.98852158,25610000
07-07-2015,26.15649986,26.30900002,25.75900078,26.25099945,26.09588051,31944000
08-07-2015,26.05249977,26.13669968,25.80550003,25.84149933,25.68880081,25934000
09-07-2015,26.15600014,26.18849945,26.01749992,26.0340004,25.8801651,36846000
10-07-2015,26.31450081,26.62800026,26.27750015,26.50650024,26.34987068,39134000
13-07-2015,26.6439991,27.35549927,26.62000084,27.32749939,27.16601944,44130000
14-07-2015,27.33799934,28.29244995,27.33550072,28.05500031,27.8892231,64882000
15-07-2015,28.00650024,28.32514954,27.83950043,28.01099968,27.84548378,35692000
16-07-2015,28.25600052,29.0340004,28.25,28.99250031,28.82118225,95366000
17-07-2015,32.45000076,33.72340012,32.25,33.64649963,33.44768143,223298000
20-07-2015,32.9620018,33.44400024,32.65050125,33.15100098,32.95511246,117218000
21-07-2015,32.76050186,33.65000153,32.71500015,33.11500168,32.91932297,67544000
22-07-2015,33.04449844,33.93199921,32.95000076,33.10499954,32.90938187,78586000
23-07-2015,33.06349945,33.18149948,32.04999924,32.2140007,32.02364731,60582000
24-07-2015,32.34999847,32.40850067,31.12599945,31.1779995,30.99376678,72514000
27-07-2015,31.04999924,31.71500015,31.02499962,31.36300087,31.17767715,53508000
28-07-2015,31.64150047,31.64150047,31.16550064,31.39999962,31.21445847,34546000
29-07-2015,31.44000053,31.66799927,31.13249969,31.5965004,31.40979385,31502000
30-07-2015,31.5,31.76099968,31.10250092,31.62949944,31.44260025,29484000
31-07-2015,31.56900024,31.64550018,31.27499962,31.28050041,31.09566307,34122000
03-08-2015,31.2670002,31.65279961,31.2670002,31.56049919,31.37400818,26090000
04-08-2015,31.42099953,31.7404995,31.3579998,31.46249962,31.27658653,29818000
05-08-2015,31.71649933,32.39300156,31.65800095,32.18899918,31.99879646,46686000
06-08-2015,32.25,32.26895142,31.61249924,32.13399887,31.9441185,31452000
07-08-2015,32.01150131,32.13399887,31.48550034,31.76499939,31.57729912,28078000
10-08-2015,31.97400093,32.17200089,31.56245041,31.68650055,31.49926186,36184000
11-08-2015,33.45999908,33.74499893,32.71350098,33.03900146,32.84377289,100584000
12-08-2015,33.15399933,33.25,32.61449814,32.97800064,32.78313065,58734000
13-08-2015,32.96609879,33.22499847,32.58304977,32.82249832,32.62854767,36214000
14-08-2015,32.75049973,32.99274826,32.63299942,32.85599899,32.66185379,21442000
17-08-2015,32.84000015,33.06900024,32.56200027,33.04349899,32.84824753,21034000
18-08-2015,33.09500122,33.20000076,32.67300034,32.80649948,32.6126442,29122000
19-08-2015,32.83000183,33.34999847,32.70949936,33.04499817,32.84973526,42682000
20-08-2015,32.77299881,33.1495018,32.14500046,32.34149933,32.15039063,57106000
21-08-2015,31.98900032,32.00249863,30.61650085,30.62400055,30.44304466,85304000
24-08-2015,28.64999962,29.96649933,28.25250053,29.48049927,29.30629921,115406000
25-08-2015,30.74550056,30.87249947,29.05550003,29.10300064,28.93103027,70760000
26-08-2015,30.51749992,31.58550072,29.95249939,31.43099976,31.24527168,84718000
27-08-2015,31.96999931,32.17950058,31.10000038,31.88050079,31.6921196,69826000
28-08-2015,31.64100075,31.84399986,31.22800064,31.5189991,31.33275414,39574000
31-08-2015,31.37700081,31.79000092,30.88400078,30.91250038,30.72983742,43534000
01-09-2015,30.11800003,30.64299965,29.70499992,29.88949966,29.71288109,74042000
02-09-2015,30.27949905,30.71699905,29.98550034,30.71699905,30.53549385,51512000
03-09-2015,30.85000038,30.98550034,30.14105034,30.3125,30.1333828,35192000
04-09-2015,30,30.17350006,29.76250076,30.03499985,29.85752296,41780000
08-09-2015,30.62450027,30.81550026,30.20599937,30.7329998,30.55139732,45590000
09-09-2015,31.06100082,31.32600021,30.47999954,30.63599968,30.45496941,34042000
10-09-2015,30.65500069,31.20800018,30.57150078,31.06749916,30.88391876,38106000
11-09-2015,30.98749924,31.28899956,30.87100029,31.28849983,31.10361671,27470000
14-09-2015,31.28499985,31.29299927,30.9715004,31.16200066,30.9778614,34046000
15-09-2015,31.33499908,31.93499947,31.18899918,31.75699997,31.56934738,41688000
16-09-2015,31.77350044,31.89749908,31.61599922,31.79899979,31.61109924,25730000
17-09-2015,31.88949966,32.54499817,31.75099945,32.14500046,31.95505142,45494000
18-09-2015,31.83950043,32,31.35099983,31.46249962,31.27658653,102668000
21-09-2015,31.71999931,31.82449913,31.29700089,31.77199936,31.58425713,35770000
22-09-2015,31.35000038,31.37750053,30.77149963,31.1345005,30.95052528,51258000
23-09-2015,31.10250092,31.44650078,31,31.11800003,30.93412209,29418000
24-09-2015,30.83200073,31.36599922,30.62000084,31.29000092,31.10510826,44802000
25-09-2015,31.4885006,31.4885006,30.54999924,30.5984993,30.41769218,43480000
28-09-2015,30.5170002,30.7302494,29.46899986,29.74449921,29.56873894,62554000
29-09-2015,29.86400032,30.25,29.51099968,29.74850082,29.57271385,46190000
30-09-2015,30.16399956,30.43799973,30.03650093,30.42099953,30.24124146,48268000
01-10-2015,30.4185009,30.60449982,29.99250031,30.56450081,30.38389587,37352000
02-10-2015,30.36000061,31.36700058,30.15649986,31.34550095,31.16028023,53696000
05-10-2015,31.60000038,32.15050125,31.35000038,32.07350159,31.88397789,36072000
06-10-2015,31.94199944,32.46250153,31.82649994,32.27199936,32.08130264,43326000
07-10-2015,32.4620018,32.53044891,31.60750008,32.11800003,31.92821503,41854000
08-10-2015,32.06800079,32.22249985,31.27799988,31.95800018,31.76915932,43642000
09-10-2015,32,32.29949951,31.76589966,32.18050003,31.99034119,32974000
12-10-2015,32.10449982,32.42499924,31.95050049,32.33349991,32.1424408,25504000
13-10-2015,32.15750122,32.8905983,32.15750122,32.61500168,32.42227936,36154000
14-10-2015,32.66049957,32.9695015,32.44250107,32.55799866,32.36560822,28310000
15-10-2015,32.73300171,33.15650177,32.72299957,33.0870018,32.89149094,37714000
16-10-2015,33.20550156,33.24850082,32.86000061,33.11000061,32.91435242,32222000
19-10-2015,33.05899811,33.3409996,32.97900009,33.30500031,33.10820007,29546000
20-10-2015,33.20199966,33.23600006,32.20975113,32.51399994,32.3218689,49964000
21-10-2015,32.70750046,32.79349899,32.08649826,32.13050079,31.9406395,35822000
22-10-2015,32.33499908,32.88999939,32.20050049,32.58950043,32.39692688,81420000
23-10-2015,36.375,36.5,35.07500076,35.09999847,34.89258957,133078000
26-10-2015,35.07749939,35.95750046,35.06299973,35.63899994,35.42840958,54332000
27-10-2015,35.36899948,35.68099976,35.22750092,35.42449951,35.21517181,44916000
28-10-2015,35.36650085,35.64899826,35.15399933,35.64749908,35.43685913,43578000
29-10-2015,35.52500153,35.9129982,35.50049973,35.84600067,35.63418579,29120000
30-10-2015,35.78649902,35.90000153,35.50249863,35.54050064,35.33049393,38176000
02-11-2015,35.5530014,36.08100128,35.29249954,36.05550003,35.84244537,37726000
03-11-2015,35.94300079,36.23249817,35.73600006,36.10800171,35.89463806,31308000
04-11-2015,36.09999847,36.65499878,36.09500122,36.4054985,36.1903801,34134000
05-11-2015,36.4734993,36.97399902,36.4734993,36.5625,36.34645462,37232000
06-11-2015,36.57500076,36.77050018,36.3504982,36.68799973,36.47121048,30232000
09-11-2015,36.50999832,36.73550034,35.9715004,36.24449921,36.03032684,41396000
10-11-2015,36.22000122,36.52949905,35.92499924,36.41600037,36.20081329,32160000
11-11-2015,36.6230011,37.04999924,36.51150131,36.77000046,36.55272293,27328000
12-11-2015,36.54999924,36.88999939,36.43225098,36.56150055,36.34545517,36744000
13-11-2015,36.45849991,36.55749893,35.83649826,35.84999847,35.63816071,41510000
16-11-2015,35.77999878,36.47449875,35.56650162,36.44800186,36.23262787,38118000
17-11-2015,36.46450043,36.59225082,36.15134811,36.26499939,36.05070877,30218000
18-11-2015,36.37900162,37.07049942,36.34999847,37,36.78136444,33686000
19-11-2015,36.93700027,37.09999847,36.87149811,36.92050171,36.70233536,26542000
20-11-2015,37.32649994,37.89599991,37.15000153,37.83000183,37.60646057,44246000
23-11-2015,37.87250137,38.13539886,37.5909996,37.79899979,37.57564163,28290000
24-11-2015,37.59999847,37.76395035,36.88150024,37.41400146,37.1929245,46662000
25-11-2015,37.4070015,37.59999847,37.3030014,37.40750122,37.1864624,22442000
27-11-2015,37.42300034,37.67050171,37.37450027,37.51300049,37.29133606,16770000
30-11-2015,37.44049835,37.74649811,37.06349945,37.13000107,36.91059494,41952000
01-12-2015,37.35549927,38.44749832,37.33499908,38.35200119,38.12538147,42692000
02-12-2015,38.44499969,38.79774857,37.94800186,38.11899948,37.89374924,44608000
03-12-2015,38.30049896,38.44974899,37.28150177,37.6269989,37.40465927,51812000
04-12-2015,37.65499878,38.42449951,37.5,38.34049988,38.11394501,55146000
07-12-2015,38.38850021,38.43650055,37.75450134,38.16249847,37.93699646,36246000
08-12-2015,37.89450073,38.24000168,37.70999908,38.11849976,37.89325333,36590000
09-12-2015,37.95849991,38.21149826,36.85005188,37.58050156,37.35843658,54000000
10-12-2015,37.64250183,37.79249954,37.19150162,37.47299957,37.25156784,39768000
11-12-2015,37.05799866,37.28549957,36.83750153,36.94350052,36.72520065,44488000
14-12-2015,37.08950043,37.43650055,36.20849991,37.38850021,37.16756439,48250000
15-12-2015,37.65000153,37.90399933,37.15050125,37.16999817,36.95035934,53324000
16-12-2015,37.5,38.02949905,36.97174835,37.90449905,37.68052292,39866000
17-12-2015,38.12099838,38.13399887,37.45000076,37.4715004,37.25008392,31068000
18-12-2015,37.32550049,37.70650101,36.90750122,36.96549988,36.7470665,62974000
21-12-2015,37.30649948,37.5,37,37.38850021,37.16756439,30514000
22-12-2015,37.58250046,37.74250031,37.2765007,37.5,37.27840805,27308000
23-12-2015,37.67350006,37.71049881,37.20000076,37.51549911,37.29381943,31318000
24-12-2015,37.47750092,37.56750107,37.33100128,37.41999817,37.19888306,10544000
28-12-2015,37.64599991,38.1495018,37.47600174,38.12549973,37.90021133,30306000
29-12-2015,38.33449936,38.99900055,38.32149887,38.83000183,38.60055161,35300000
30-12-2015,38.83000183,38.88000107,38.34500122,38.54999924,38.3222084,25866000
31-12-2015,38.47499847,38.47499847,37.91699982,37.94400024,37.71978378,30018000
04-01-2016,37.15000153,37.20299911,36.56290054,37.09199905,36.87282181,65456000
05-01-2016,37.32249832,37.59999847,36.93199921,37.12900162,36.90960693,39014000
06-01-2016,36.5,37.35900116,36.44599915,37.18099976,36.96129608,38940000
07-01-2016,36.51549911,36.92499924,35.95299911,36.31949997,36.1048851,59274000
08-01-2016,36.57249832,36.66149902,35.65000153,35.7234993,35.51240921,49018000
11-01-2016,35.83050156,35.94274902,35.17699814,35.80149841,35.58995056,41812000
12-01-2016,36.08399963,36.4375,35.86584854,36.30350113,36.08898544,40490000
13-01-2016,36.54249954,36.73699951,34.93050003,35.02799988,34.82101822,50034000
14-01-2016,35.26900101,36.09624863,34.45500183,35.73600006,35.52483368,44516000
15-01-2016,34.61449814,35.3370018,34.26850128,34.72249985,34.51732635,72162000
19-01-2016,35.16500092,35.49900055,34.67050171,35.08950043,34.88216019,45362000
20-01-2016,34.43050003,35.34249878,33.6629982,34.92250061,34.71613693,68900000
21-01-2016,35.10900116,35.95949936,34.72299957,35.32949829,35.12073135,48244000
22-01-2016,36.18000031,36.40650177,36.00605011,36.26250076,36.0482254,40236000
25-01-2016,36.17900085,36.48400116,35.50049973,35.58349991,35.37323761,34234000
26-01-2016,35.69250107,35.91400146,35.32400131,35.65200043,35.44133377,26634000
27-01-2016,35.68349838,35.91175079,34.7195015,34.99950027,34.79268646,43884000
28-01-2016,36.11100006,36.68450165,35.61750031,36.54800034,36.33203888,53528000
29-01-2016,36.57649994,37.24950027,36.34000015,37.14749908,36.92799377,69486000
01-02-2016,37.52299881,37.89300156,37.16350174,37.59999847,37.37782288,102784000
02-02-2016,39.22499847,39.49349976,38.23249817,38.23249817,38.00658417,126962000
03-02-2016,38.51100159,38.72499847,36.02500153,36.34749985,36.13272476,123420000
04-02-2016,36.14049911,36.34999847,35.0929985,35.40050125,35.19131851,103374000
05-02-2016,35.19350052,35.19950104,34.00749969,34.17850113,33.97653198,102114000
08-02-2016,33.39250183,34.20149994,33.15299988,34.13700104,33.93528748,84948000
09-02-2016,33.61600113,34.99499893,33.43849945,33.9054985,33.70514679,72178000
10-02-2016,34.3429985,35.06549835,34.10649872,34.20600128,34.00387573,52760000
11-02-2016,33.75,34.46749878,33.44340134,34.1554985,33.9536705,60480000
12-02-2016,34.51300049,34.6875,33.93000031,34.11999893,33.91838837,42828000
16-02-2016,34.64899826,34.90000153,34.25249863,34.54999924,34.34584427,50400000
17-02-2016,34.90449905,35.48749924,34.56900024,35.41999817,35.21069717,49852000
18-02-2016,35.5,35.61750031,34.80149841,34.86750031,34.66147232,37664000
19-02-2016,34.75149918,35.15404892,34.70249939,35.04550171,34.83842087,31786000
22-02-2016,35.37250137,35.66199875,35.12549973,35.32300186,35.11427307,38996000
23-02-2016,35.07249832,35.41999817,34.67900085,34.79249954,34.58691025,40186000
24-02-2016,34.44599915,35,34.03900146,34.97800064,34.77131653,39272000
25-02-2016,35.00049973,35.29899979,34.5292511,35.28749847,35.07898712,32844000
26-02-2016,35.42900085,35.67150116,35.04299927,35.25350189,35.0451889,44870000
29-02-2016,35.01599884,35.54449844,34.88399887,34.88850021,34.68233871,49622000
01-03-2016,35.18099976,35.94049835,34.98849869,35.94049835,35.72812653,43028000
02-03-2016,35.95000076,36,35.59999847,35.94250107,35.73011398,32580000
03-03-2016,35.93399811,35.97249985,35.30099869,35.62099838,35.41051483,39160000
04-03-2016,35.74950027,35.82450104,35.30099869,35.54449844,35.33446121,39442000
07-03-2016,35.34500122,35.40454865,34.34500122,34.75799942,34.5526123,59702000
08-03-2016,34.42950058,35.1894989,34.26699829,34.69850159,34.49346924,41526000
09-03-2016,34.92350006,35.2840004,34.70000076,35.26200104,35.05363083,28430000
10-03-2016,35.40599823,35.8219986,35.16799927,35.64099884,35.43039703,56670000
11-03-2016,36,36.34600067,35.85625076,36.3409996,36.12626266,39416000
14-03-2016,36.34049988,36.77500153,36.25749969,36.5245018,36.30867767,34366000
15-03-2016,36.34600067,36.61449814,36.23849869,36.41650009,36.20131302,34420000
16-03-2016,36.31850052,36.87350082,36.2254982,36.80450058,36.58702087,32488000
17-03-2016,36.82249832,37.1534996,36.79999924,36.88899994,36.67102051,37216000
18-03-2016,37.0929985,37.09999847,36.59149933,36.88000107,36.66207504,59614000
21-03-2016,36.82500076,37.125,36.67580032,37.10449982,36.88525009,36730000
22-03-2016,36.8730011,37.25,36.8730011,37.03749847,36.81864548,25394000
23-03-2016,37.11800003,37.2859993,36.80749893,36.90299988,36.68494415,28642000
24-03-2016,36.6004982,36.88734818,36.54999924,36.76499939,36.5477562,31898000
28-03-2016,36.83950043,36.94950104,36.625,36.67649841,36.45977783,26026000
29-03-2016,36.72949982,37.36249924,36.43799973,37.23849869,37.01845551,38076000
30-03-2016,37.50500107,37.89400101,37.43700027,37.5265007,37.30475616,35648000
31-03-2016,37.46250153,37.54249954,37.04700089,37.24750137,37.02740479,34376000
01-04-2016,36.93000031,37.51699829,36.84999847,37.49549866,37.27393723,31534000
04-04-2016,37.50299835,37.63999939,37.12149811,37.26449966,37.04430008,22684000
05-04-2016,36.90000153,37.13999939,36.76850128,36.88999939,36.67201614,22646000
06-04-2016,36.78850174,37.31200027,36.77799988,37.28450012,37.06418228,21074000
07-04-2016,37.26850128,37.34999847,36.81399918,37.01399994,36.79528427,29064000
08-04-2016,37.19850159,37.27249908,36.77750015,36.95750046,36.73911667,25816000
11-04-2016,37.15100098,37.25,36.80250168,36.80500031,36.5875206,24402000
12-04-2016,36.90000153,37.19150162,36.55049896,37.15449905,36.9349556,27060000
13-04-2016,37.45800018,37.71900177,37.21305084,37.58599854,37.36390305,34142000
14-04-2016,37.70050049,37.8655014,37.63525009,37.65999985,37.43746948,22706000
15-04-2016,37.69900131,38.04999924,37.63470078,37.95000076,37.72574997,36186000
18-04-2016,38.02299881,38.40250015,37.86500168,38.33050156,38.10400391,31176000
19-04-2016,38.4754982,38.49499893,37.46649933,37.69649887,37.47374725,40610000
20-04-2016,37.90000153,37.90660095,37.50049973,37.63349915,37.41112137,30584000
21-04-2016,37.76900101,38.02249908,37.47750092,37.95700073,37.73270798,61210000
22-04-2016,36.31499863,36.80599976,35.68050003,35.93849945,35.72613525,119038000
25-04-2016,35.80500031,36.19649887,35.77949905,36.15750122,35.94384384,39184000
26-04-2016,36.27099991,36.28829956,35.15129852,35.4070015,35.19778061,54892000
27-04-2016,35.36449814,35.44900131,34.6182518,35.29199982,35.08345795,61972000
28-04-2016,35.4129982,35.70849991,34.47750092,34.55099869,34.34683609,57346000
29-04-2016,34.53499985,34.88100052,34.45000076,34.65050125,34.44575119,49754000
02-05-2016,34.88150024,35.0320015,34.54999924,34.91049957,34.70421219,32906000
03-05-2016,34.84349823,34.89199829,34.59999847,34.61800003,34.4134407,30876000
04-05-2016,34.5245018,34.98749924,34.45050049,34.78499985,34.57945633,33870000
05-05-2016,34.88499832,35.11600113,34.7859993,35.07149887,34.86425781,33670000
06-05-2016,34.91899872,35.5929985,34.90534973,35.55599976,35.34589767,36586000
09-05-2016,35.59999847,35.9355011,35.5,35.64500046,35.43437576,30206000
10-05-2016,35.83750153,36.17499924,35.7859993,36.1590004,35.9453392,31392000
11-05-2016,36.17050171,36.22399902,35.63999939,35.76449966,35.55316544,33842000
12-05-2016,35.85300064,35.96250153,35.45000076,35.66550064,35.45475388,27214000
13-05-2016,35.5965004,35.83309937,35.46300125,35.54150009,35.33147812,26290000
16-05-2016,35.45650101,35.92399979,35.28250122,35.82450104,35.61281204,26342000
17-05-2016,35.79949951,36.07600021,35.20550156,35.31150055,35.10284424,40024000
18-05-2016,35.18349838,35.58000183,35.03150177,35.33150101,35.12273026,35336000
19-05-2016,35.11800003,35.29999924,34.84000015,35.01599884,34.80908966,33404000
20-05-2016,35.08100128,35.72900009,35.02600098,35.48699951,35.27730942,36568000
23-05-2016,35.32649994,35.57389832,35.20899963,35.2120018,35.00393295,26614000
24-05-2016,35.3429985,36.04850006,35.3429985,36.00450134,35.79175568,38590000
25-05-2016,36.0379982,36.37549973,35.98524857,36.26350021,36.04922104,32584000
26-05-2016,36.14350128,36.41650009,36.01399994,36.20600128,35.9920578,31526000
27-05-2016,36.20050049,36.69680023,36.20000076,36.63299942,36.41653824,39500000
31-05-2016,36.5870018,36.98649979,36.56299973,36.7859993,36.56863022,42590000
01-06-2016,36.72650146,36.86050034,36.53300095,36.70750046,36.49059677,25072000
02-06-2016,36.625,36.65100098,36.20849991,36.52000046,36.30419922,26836000
03-06-2016,36.46350098,36.47449875,36.02799988,36.11700058,35.90357971,24526000
06-06-2016,36.24549866,36.24549866,35.73049927,35.82749939,35.61579132,31306000
07-06-2016,35.99200058,36.09899902,35.82749939,35.83250046,35.62076569,26724000
08-06-2016,36.19800186,36.42850113,36.02899933,36.41400146,36.19882965,31674000
09-06-2016,36.14350128,36.47700119,36.1167984,36.42900085,36.2137413,19778000
10-06-2016,35.9734993,36.29449844,35.82149887,35.97050095,35.75795364,24328000
13-06-2016,35.82550049,36.27199936,35.82550049,35.91799927,35.70575714,25178000
14-06-2016,35.82400131,36.12350082,35.65599823,35.91350174,35.70128632,26122000
15-06-2016,35.95000076,36.14899826,35.8655014,35.94599915,35.73359299,24290000
16-06-2016,35.74549866,35.83250046,35.1629982,35.51800156,35.30812073,39650000
17-06-2016,35.43249893,35.44100189,34.42259979,34.58599854,34.38162613,68048000
20-06-2016,34.93849945,35.12400055,34.67050171,34.6855011,34.48054886,41650000
21-06-2016,34.91999817,35.13850021,34.6004982,34.79700089,34.59138489,29312000
22-06-2016,34.95299911,35.04299927,34.65409851,34.8730011,34.66693497,23686000
23-06-2016,34.87250137,35.09749985,34.34999847,35.09349823,34.88612747,43428000
24-06-2016,33.75849915,34.47000122,33.67250061,33.76100159,33.56150818,88980000
27-06-2016,33.54999924,33.61500168,33.16419983,33.4129982,33.21556091,52580000
28-06-2016,33.94850159,34.01649857,33.65000153,34.0019989,33.80108261,43476000
29-06-2016,34.15000153,34.37144852,34.07049942,34.20550156,34.00337601,38652000
30-06-2016,34.27349854,34.61600113,34.18249893,34.60499954,34.40052032,31954000
01-07-2016,34.61000061,35.03250122,34.60649872,34.96049881,34.75391388,26894000
05-07-2016,34.8030014,34.84700012,34.44400024,34.74750137,34.54217529,29252000
06-07-2016,34.49900055,35.08399963,34.45449829,34.88850021,34.68233871,28238000
07-07-2016,34.90399933,34.90999985,34.41075134,34.76800156,34.56255341,26084000
08-07-2016,34.97499847,35.28549957,34.82175064,35.28150177,35.07302094,31504000
11-07-2016,35.40250015,35.82550049,35.36199951,35.75450134,35.54322433,22236000
12-07-2016,35.95600128,36.14699936,35.79550171,36.0320015,35.81908417,26738000
13-07-2016,36.18099976,36.20000076,35.84249878,35.84899902,35.63716888,18718000
14-07-2016,36.07899857,36.11050034,35.9015007,36.04750061,35.83449554,19004000
15-07-2016,36.28649902,36.28699875,35.95275116,35.99250031,35.77981567,25586000
18-07-2016,36.13550186,36.80649948,36.05950165,36.68899918,36.47219849,25910000
19-07-2016,36.49449921,36.84949875,36.45000076,36.84799957,36.63026428,24550000
20-07-2016,36.86650085,37.10649872,36.85499954,37.05950165,36.84051895,25794000
21-07-2016,37.01800156,37.08449936,36.79154968,36.93149948,36.71326828,20526000
22-07-2016,37.0929985,37.16199875,36.82799911,37.13700104,36.91755676,25196000
25-07-2016,37.03350067,37.13050079,36.875,36.98849869,36.76993179,20648000
26-07-2016,36.95199966,37.08449936,36.71350098,36.92100143,36.70283127,23734000
27-07-2016,36.91400146,37.22299957,36.84999847,37.08850098,36.86934662,30250000
28-07-2016,37.35200119,37.43249893,36.96500015,37.29550171,37.07511902,70604000
29-07-2016,38.63550186,38.92750168,38.33850098,38.4394989,38.21236038,76830000
01-08-2016,38.05450058,39.02149963,38.05450058,38.64400101,38.41564941,54010000
02-08-2016,38.43450165,38.79199982,38.39250183,38.55350113,38.32568359,35690000
03-08-2016,38.35900116,38.66049957,38.3409996,38.6590004,38.43056488,25748000
04-08-2016,38.61100006,38.70349884,38.43975067,38.58050156,38.35252762,22806000
05-08-2016,38.68899918,39.15200043,38.61700058,39.11100006,38.87989044,36024000
08-08-2016,39.09999847,39.13150024,38.90454865,39.08800125,38.85702515,22158000
09-08-2016,39.05500031,39.4469986,39.0284996,39.21300125,38.98128891,26378000
10-08-2016,39.1875,39.34059906,39.13890076,39.23400116,39.00216675,15728000
11-08-2016,39.25,39.48749924,39.14849854,39.24250031,39.01061249,19502000
12-08-2016,39.07500076,39.16975021,39.02000046,39.1609993,38.92959213,14810000
15-08-2016,39.1875,39.37450027,39.00550079,39.12200165,38.89083099,18764000
16-08-2016,39.01499939,39.04899979,38.67219925,38.85699844,38.62739182,20560000
17-08-2016,38.86600113,39.04050064,38.67649841,38.99549866,38.76507187,18484000
18-08-2016,39.00049973,39.14300156,38.84999847,38.875,38.64528656,14388000
19-08-2016,38.75,38.85499954,38.65650177,38.77099991,38.54190063,17230000
22-08-2016,38.66350174,38.72700119,38.50249863,38.60749817,38.37936401,19028000
23-08-2016,38.77399826,38.8219986,38.58924866,38.60400009,38.37588882,18564000
24-08-2016,38.52899933,38.72499847,38.35350037,38.48199844,38.25460434,21440000
25-08-2016,38.34999847,38.5945015,38.15924835,38.47050095,38.24317932,18538000
26-08-2016,38.45000076,38.80400085,38.29249954,38.47700119,38.24964523,23334000
29-08-2016,38.43700027,38.74950027,38.33074951,38.60749817,38.37936401,16952000
30-08-2016,38.46649933,38.72330093,38.34199905,38.45449829,38.22727203,22600000
31-08-2016,38.3504982,38.45449829,38.26900101,38.35250092,38.12587738,24972000
01-09-2016,38.46250153,38.55099869,38.21500015,38.43899918,38.21186447,18502000
02-09-2016,38.65050125,38.69599915,38.42050171,38.57300186,38.34506989,21454000
06-09-2016,38.67250061,39.09999847,38.54999924,39.00400162,38.77352524,28856000
07-09-2016,39,39.13650131,38.81000137,39.01750183,38.78694534,17874000
08-09-2016,38.92950058,39.01750183,38.67900085,38.76599884,38.53693008,25406000
09-09-2016,38.50500107,38.66225052,37.98300171,37.98300171,37.758564,37710000
12-09-2016,37.75650024,38.51449966,37.70000076,38.45100021,38.22379303,26220000
13-09-2016,38.22399902,38.31100082,37.79000092,37.98450089,37.76004791,27900000
14-09-2016,37.98049927,38.38399887,37.95550156,38.12450027,37.89922333,21748000
15-09-2016,38.14450073,38.68999863,37.9980011,38.58800125,38.35998917,26102000
16-09-2016,38.48749924,38.48749924,38.23300171,38.44400024,38.21683502,40986000
19-09-2016,38.62099838,38.70000076,38.22204971,38.28499985,38.05877304,23456000
20-09-2016,38.45000076,38.66650009,38.42649841,38.57049942,38.34258652,19572000
21-09-2016,38.63299942,38.85800171,38.41505051,38.81100082,38.58166504,23356000
22-09-2016,39,39.49250031,38.92200089,39.36050034,39.12791824,29724000
23-09-2016,39.32949829,39.44649887,39.20750046,39.34500122,39.11251068,28238000
26-09-2016,39.13700104,39.13700104,38.6534996,38.71049881,38.4817543,30664000
27-09-2016,38.77500153,39.29949951,38.7154007,39.15050125,38.91916275,23064000
28-09-2016,38.89250183,39.09049988,38.74850082,39.07799911,38.84708405,22196000
29-09-2016,39.0719986,39.29000092,38.71160126,38.75049973,38.52152252,26294000
30-09-2016,38.81650162,39.04700089,38.70449829,38.86449814,38.63484955,31706000
03-10-2016,38.71250153,38.80324936,38.47499847,38.62799835,38.39974594,25576000
04-10-2016,38.80149841,38.9355011,38.64450073,38.82149887,38.59209824,24028000
05-10-2016,38.96549988,39.10350037,38.78250122,38.82350159,38.59409714,29224000
06-10-2016,38.95000076,39.02399826,38.77700043,38.8429985,38.61347198,21414000
07-10-2016,38.98300171,38.98300171,38.53749847,38.75400162,38.52500153,18664000
10-10-2016,38.88550186,39.46900177,38.79349899,39.29700089,39.06479263,23498000
11-10-2016,39.33300018,39.61399841,39.02899933,39.1534996,38.92214584,27450000
12-10-2016,39.18799973,39.40650177,39.10300064,39.30699921,39.07472992,18748000
13-10-2016,39.06100082,39.06100082,38.65000153,38.90950012,38.67958069,27306000
14-10-2016,39.08250046,39.19749832,38.79999924,38.92649841,38.6964798,17050000
17-10-2016,38.99000168,39.29249954,38.875,38.9980011,38.76756287,21860000
18-10-2016,39.39250183,40.08050156,39.27825165,39.76300049,39.52803802,41138000
19-10-2016,39.91199875,40.22999954,39.9015007,40.07500076,39.83819962,35336000
20-10-2016,40.16500092,40.19850159,39.80149841,39.8484993,39.61303329,35150000
21-10-2016,39.75,39.97499847,39.70000076,39.96849823,39.73232269,25324000
24-10-2016,40.24499893,40.75899887,40.24100113,40.6554985,40.41526413,33950000
25-10-2016,40.83399963,40.83399963,40.25699997,40.38349915,40.14487457,31528000
26-10-2016,40.31700134,40.34899902,39.81600189,39.95349884,39.71741486,32954000
27-10-2016,40.04999924,40.17449951,39.57500076,39.76750183,39.53251266,54984000
28-10-2016,40.41749954,40.7745018,39.67950058,39.76850128,39.5335083,85398000
31-10-2016,39.77349854,39.8429985,39.20000076,39.22700119,38.99521255,48546000
01-11-2016,39.14450073,39.47449875,38.77700043,39.18050003,38.94898605,48128000
02-11-2016,38.90999985,39.08250046,38.17250061,38.43500137,38.20788574,37448000
03-11-2016,38.36249924,38.49750137,37.95149994,38.10649872,37.88132477,38864000
04-11-2016,37.53300095,38.51800156,37.52804947,38.10100174,37.87586212,42696000
07-11-2016,38.72499847,39.2594986,38.62749863,39.12599945,38.89480209,31702000
08-11-2016,39.16999817,39.78165054,39.0094986,39.52550125,39.29194641,27338000
09-11-2016,38.99700165,39.56135178,38.58349991,39.26549911,39.03347397,52142000
10-11-2016,39.55849838,39.55849838,37.60900116,38.12799835,37.90269852,94904000
11-11-2016,37.82699966,38.03900146,37.51900101,37.70100021,37.47822571,48636000
14-11-2016,37.77999878,37.89250183,36.3769989,36.80400085,36.58652496,73088000
15-11-2016,37.3484993,38.22079849,37.3484993,37.92449951,37.70040131,47680000
16-11-2016,37.75999832,38.31800079,37.52550125,38.22399902,37.9981308,29452000
17-11-2016,38.34600067,38.63499832,38.21149826,38.56150055,38.33364487,26080000
18-11-2016,38.56850052,38.75,38,38.02700043,37.8022995,30942000
21-11-2016,38.13050079,38.48500061,38.02999878,38.45999908,38.23274231,26612000
22-11-2016,38.63150024,38.84799957,38.34999847,38.41350174,38.18651962,31862000
23-11-2016,38.38650131,38.41415024,37.76250076,38.04949951,37.82466507,29568000
25-11-2016,38.21300125,38.25,38.02600098,38.08399963,37.85896301,11748000
28-11-2016,38,38.97650146,37.99000168,38.41199875,38.18502045,43764000
29-11-2016,38.57649994,38.92499924,38.41199875,38.54199982,38.31425095,32332000
30-11-2016,38.50350189,38.6495018,37.74150085,37.90200043,37.67804337,47858000
01-12-2016,37.87200165,37.99250031,36.85124969,37.39599991,37.17502594,60358000
02-12-2016,37.22949982,37.70000076,37.15499878,37.52500153,37.30326462,29050000
05-12-2016,37.88550186,38.19499969,37.64500046,38.12599945,37.90071106,27884000
06-12-2016,38.23649979,38.44150162,37.86700058,37.95550156,37.73122406,33814000
07-12-2016,38.04999924,38.56800079,37.79000092,38.55950165,38.33164978,35220000
08-12-2016,38.62400055,38.9090004,38.36149979,38.82099915,38.59160233,29762000
09-12-2016,39,39.4715004,38.9510498,39.46450043,39.23130417,36438000
12-12-2016,39.2519989,39.5625,39.21775055,39.46350098,39.23030853,42082000
13-12-2016,39.69499969,40.21900177,39.66699982,39.80500031,39.5697937,42904000
14-12-2016,39.86999893,40.20000076,39.70050049,39.85350037,39.61800766,34084000
15-12-2016,39.86700058,40.15000153,39.64599991,39.89250183,39.65677643,32530000
16-12-2016,40.02000046,40.0428009,39.51449966,39.54000092,39.30635834,48876000
19-12-2016,39.51100159,39.88299942,39.31349945,39.70999908,39.47534943,24642000
20-12-2016,39.83800125,39.93249893,39.66350174,39.82099915,39.58569336,19020000
21-12-2016,39.79199982,39.83380127,39.35499954,39.72800064,39.49324799,24226000
22-12-2016,39.61800003,39.66600037,39.42900085,39.56299973,39.32922363,19444000
23-12-2016,39.54499817,39.63700104,39.36399841,39.49549866,39.26211548,12468000
27-12-2016,39.5340004,39.89300156,39.38285065,39.57749939,39.34363556,15782000
28-12-2016,39.68500137,39.71149826,39.15999985,39.25249863,39.02055359,23076000
29-12-2016,39.16650009,39.29650116,38.94599915,39.13949966,38.90822601,14886000
30-12-2016,39.13750076,39.13899994,38.52050018,38.5909996,38.36296844,35400000
03-01-2017,38.94049835,39.48149872,38.79000092,39.30699921,39.07472992,33146000
04-01-2017,39.41799927,39.56700134,39.15800095,39.34500122,39.11251068,21460000
05-01-2017,39.30400085,39.72399902,39.25099945,39.70100021,39.46640396,26704000
06-01-2017,39.76300049,40.39500046,39.61019897,40.30749893,40.06932068,32804000
09-01-2017,40.31999969,40.49829865,40.14149857,40.33250046,40.09417343,25492000
10-01-2017,40.39300156,40.45650101,40.17549896,40.23949814,40.00172424,23536000
11-01-2017,40.25,40.40750122,40.06850052,40.39550018,40.15679932,21318000
12-01-2017,40.35699844,40.36949921,39.95849991,40.31800079,40.07976151,27062000
13-01-2017,40.37400055,40.56119919,40.33449936,40.39400101,40.15531158,21984000
17-01-2017,40.35400009,40.35699844,40.01850128,40.23049927,39.99277878,27242000
18-01-2017,40.29050064,40.31024933,40.04949951,40.30350113,40.06534958,25888000
19-01-2017,40.25600052,40.47399902,40.09000015,40.10874939,39.87174606,18386000
20-01-2017,40.34550095,40.34550095,40.08449936,40.25099945,40.01315308,33400000
23-01-2017,40.36249924,41.04349899,40.18700027,40.96549988,40.72343063,39272000
24-01-2017,41.11500168,41.29499817,40.89104843,41.19350052,40.95008469,29480000
25-01-2017,41.48099899,41.78850174,41.25299835,41.78350067,41.53660202,29890000
26-01-2017,41.89049911,41.90000153,41.3504982,41.60749817,41.3616333,59478000
27-01-2017,41.73550034,42.09749985,41.02199936,41.16550064,40.92225266,59316000
30-01-2017,40.73300171,40.79199982,39.99000168,40.11600113,39.87895966,64932000
31-01-2017,39.8429985,40.0625,39.52600098,39.83950043,39.60409164,43212000
01-02-2017,39.98400116,40.05950165,39.55950165,39.78475189,39.54966354,40594000
02-02-2017,39.68999863,40.13499832,39.59999847,39.92649841,39.69057083,30642000
03-02-2017,40.1495018,40.29999924,40.01850128,40.07450104,39.83769989,29268000
06-02-2017,39.98500061,40.08349991,39.76250076,40.06700134,39.83024216,23690000
07-02-2017,40.19950104,40.52500153,40.0890007,40.3484993,40.11008072,24824000
08-02-2017,40.34999847,40.59199905,40.15950012,40.41899872,40.18015671,23106000
09-02-2017,40.4754982,40.53300095,40.22700119,40.47800064,40.23881531,19794000
10-02-2017,40.58499908,40.76250076,40.48899841,40.68349838,40.44309616,22700000
13-02-2017,40.79999924,41.04795074,40.7745018,40.9620018,40.71995163,24266000
14-02-2017,40.95000076,41.15000153,40.79999924,41.02249908,40.78009415,21094000
15-02-2017,40.9679985,41.15000153,40.92350006,40.94900131,40.70703506,26272000
16-02-2017,40.99649811,41.22000122,40.94900131,41.20800018,40.96450043,25752000
17-02-2017,41.15100098,41.4034996,41.08274841,41.4034996,41.15884399,32220000
21-02-2017,41.43299866,41.67250061,41.41749954,41.58300018,41.3372879,25246000
22-02-2017,41.43299866,41.66249847,41.43199921,41.5379982,41.29254913,19658000
23-02-2017,41.50600052,41.6230011,41.14400101,41.56650162,41.32088089,29456000
24-02-2017,41.38650131,41.45000076,41.20999908,41.43199921,41.18717957,27844000
27-02-2017,41.22750092,41.52500153,41.20000076,41.4640007,41.21899033,22030000
28-02-2017,41.2804985,41.42699814,41.00999832,41.16049957,40.91727829,45216000
01-03-2017,41.44250107,41.81275177,41.36299896,41.76200104,41.51522827,29930000
02-03-2017,41.69250107,41.7254982,41.48199844,41.53150177,41.28609085,18850000
03-03-2017,41.52799988,41.56800079,41.28755188,41.45399857,41.20904541,17928000
06-03-2017,41.34749985,41.44400024,41.11999893,41.38899994,41.14442825,22180000
07-03-2017,41.36999893,41.67050171,41.32600021,41.59550095,41.34971237,20752000
08-03-2017,41.67549896,41.90750122,41.58950043,41.76850128,41.52169037,19796000
09-03-2017,41.79999924,42.09999847,41.71049881,41.93399811,41.68621063,25230000
10-03-2017,42.16400146,42.24549866,41.97499847,42.16249847,41.91335678,34080000
13-03-2017,42.20000076,42.43424988,42.16249847,42.27700043,42.02718353,24472000
14-03-2017,42.18199921,42.36199951,42.04000092,42.28099823,42.03115463,15598000
15-03-2017,42.37950134,42.43149948,42.03850174,42.36000061,42.10969925,27630000
16-03-2017,42.45149994,42.54249954,42.30649948,42.43899918,42.18822479,19552000
17-03-2017,42.58050156,42.66999817,42.35549927,42.60599899,42.35424042,34246000
20-03-2017,42.50049973,42.51100159,42.25749969,42.41999817,42.16934204,24630000
21-03-2017,42.56999969,42.67499924,41.45100021,41.52299881,41.27763748,49270000
22-03-2017,41.59550095,41.77750015,41.35900116,41.47949982,41.23439407,28030000
23-03-2017,41.04999924,41.12850189,40.61285019,40.87900162,40.63744736,69742000
24-03-2017,41.00400162,41.0965004,40.44449997,40.7215004,40.48087692,39620000
27-03-2017,40.34749985,41.08150101,40.16849899,40.9754982,40.73337173,37886000
28-03-2017,41.02050018,41.29949951,40.70135117,41.04600143,40.80345917,32410000
29-03-2017,41.25,41.63824844,41.11899948,41.57049942,41.3248558,35726000
30-03-2017,41.67499924,41.68399811,41.45000076,41.57500076,41.32933426,21106000
31-03-2017,41.44850159,41.58200073,41.36949921,41.47800064,41.23290634,28038000
03-04-2017,41.46099854,42.04249954,41.46099854,41.92750168,41.67974854,33430000
04-04-2017,41.56800079,41.75899887,41.4518013,41.72850037,41.48192215,20908000
05-04-2017,41.77550125,42.12250137,41.5359993,41.57049942,41.3248558,31106000
06-04-2017,41.61999893,41.81949997,41.32300186,41.39400101,41.14940643,25088000
07-04-2017,41.39799881,41.42425156,41.02565002,41.23350143,40.98985291,21146000
10-04-2017,41.26950073,41.46749878,41.18849945,41.23649979,40.992836,19578000
11-04-2017,41.23550034,41.37134933,40.85100174,41.16749954,40.92424011,21594000
12-04-2017,41.0965004,41.33300018,41.05099869,41.2159996,40.97245789,18010000
13-04-2017,41.10699844,41.31900024,41.0719986,41.1780014,40.93468094,22448000
17-04-2017,41.25049973,41.88750076,41.2234993,41.85850143,41.61116028,17900000
18-04-2017,41.71099854,41.94649887,41.63550186,41.8409996,41.59376144,16734000
19-04-2017,41.98949814,42.11100006,41.8144989,41.91049957,41.66284561,19084000
20-04-2017,42.0719986,42.25999832,41.9659996,42.08250046,41.8338356,19180000
21-04-2017,42.14400101,42.19400024,42.02999878,42.15950012,41.9103775,26472000
24-04-2017,42.56000137,43.17250061,42.49300003,43.13800049,42.8830986,27450000
25-04-2017,43.25,43.75,43.14049911,43.61500168,43.35728455,33440000
26-04-2017,43.71149826,43.80250168,43.38740158,43.58649826,43.32894516,24744000
27-04-2017,43.68000031,43.77000046,43.51900101,43.71250153,43.45420837,40536000
28-04-2017,45.53300095,45.84249878,45.28850174,45.29800034,45.03033447,65526000
01-05-2017,45.09700012,45.7840004,45.07249832,45.62850189,45.35887909,42320000
02-05-2017,45.48099899,46.03850174,45.47264862,45.8219986,45.55123901,31744000
03-05-2017,45.74300003,46.40499878,45.62715149,46.35200119,46.07810211,29990000
04-05-2017,46.30350113,46.79650116,46.22949982,46.58300018,46.30773926,28442000
05-05-2017,46.67699814,46.74499893,46.25999832,46.35649872,46.08258057,38226000
08-05-2017,46.30599976,46.84624863,46.26300049,46.71500015,46.43895721,26596000
09-05-2017,46.84749985,46.875,46.47650146,46.60850143,46.33309174,31636000
10-05-2017,46.59899902,46.59999847,46.25799942,46.43899918,46.16458893,23478000
11-05-2017,46.26599884,46.62649918,46.1515007,46.52999878,46.25505066,16700000
12-05-2017,46.57649994,46.67200089,46.39250183,46.61100006,46.3355751,21012000
15-05-2017,46.64749908,46.91249847,46.46699905,46.85400009,46.57713699,22162000
16-05-2017,47,47.1554985,46.87900162,47.15000153,46.87138748,19390000
17-05-2017,46.78350067,46.9666481,45.9070015,45.98099899,45.70929718,47242000
18-05-2017,46.04999924,46.65850067,45.9375,46.51200104,46.23715973,31938000
19-05-2017,46.57350159,46.88774872,46.54999924,46.70050049,46.42454147,27860000
22-05-2017,46.75,47.09415054,46.75,47.0929985,46.81472397,22408000
23-05-2017,47.39599991,47.573349,47.12874985,47.44100189,47.16066742,25416000
24-05-2017,47.64899826,47.75450134,47.47499847,47.7480011,47.46585846,20496000
25-05-2017,47.86650085,48.63145065,47.77349854,48.47700119,48.19054794,33210000
26-05-2017,48.48500061,48.74900055,48.25149918,48.57350159,48.28647995,25040000
30-05-2017,48.51549911,48.81000137,48.47449875,48.79399872,48.50567245,29334000
31-05-2017,48.75099945,48.96350098,48.00899887,48.24300003,47.9579277,48962000
01-06-2017,48.44749832,48.57500076,48.00049973,48.34749985,48.06180954,28210000
02-06-2017,48.47299957,48.79399872,48.29999924,48.77999878,48.49175644,35020000
05-06-2017,48.82749939,49.34550095,48.75500107,49.18399811,48.89336777,25042000
06-06-2017,49.15800095,49.41249847,48.75699997,48.82849884,48.5399704,36292000
07-06-2017,49,49.19900131,48.79700089,49.04700089,48.75717926,29078000
08-06-2017,49.11750031,49.22850037,48.86000061,49.17050171,48.87995148,29638000
09-06-2017,49.22499847,49.22499847,46.78150177,47.49150085,47.21087646,66188000
12-06-2017,46.97800064,47.46775055,45.76165009,47.14500046,46.86642075,75270000
13-06-2017,47.59550095,47.99900055,47.20449829,47.66999817,47.38831329,40266000
14-06-2017,47.99599838,48.05749893,47.11249924,47.5379982,47.25709915,29794000
15-06-2017,46.69850159,47.16695023,46.22200012,47.1155014,46.83709335,42662000
16-06-2017,47,47.10200119,46.57975006,46.98899841,46.71134186,61894000
19-06-2017,47.4980011,47.99950027,47.45249939,47.86849976,47.58564377,30666000
20-06-2017,47.87599945,48.08100128,47.50049973,47.53150177,47.25063705,22520000
21-06-2017,47.68199921,48.00500107,47.5379982,47.97249985,47.68902588,24044000
22-06-2017,47.93500137,48.0359993,47.72750092,47.85449982,47.57172394,18828000
23-06-2017,47.84149933,48.29999924,47.70999908,48.27949905,47.99421692,30558000
26-06-2017,48.49499893,48.66550064,47.53950119,47.61349869,47.33214569,31968000
27-06-2017,47.1230011,47.41450119,46.34249878,46.36650085,46.09252167,51598000
28-06-2017,46.45000076,47.13750076,45.79999924,47.0245018,46.74663544,54428000
29-06-2017,46.49599838,46.56299973,45.53099823,45.88949966,45.61833954,65984000
30-06-2017,46.30250168,46.30250168,45.41550064,45.43650055,45.16801071,41804000
03-07-2017,45.60900116,45.6969986,44.73949814,44.93500137,44.66947556,34196000
05-07-2017,45.08800125,45.7254982,44.92499924,45.58549881,45.31613159,36278000
06-07-2017,45.20600128,45.74720001,44.98500061,45.33449936,45.06661224,28490000
07-07-2017,45.44250107,46.07699966,45.44250107,45.92950058,45.65810394,32756000
10-07-2017,46.08850098,46.51900101,45.97949982,46.43999863,46.16558075,23856000
11-07-2017,46.47700119,46.57149887,46.09999847,46.50450134,46.22970581,22264000
12-07-2017,46.93399811,47.31499863,46.7234993,47.19150162,46.91264725,30642000
13-07-2017,47.3144989,47.72249985,47.15050125,47.35800171,47.07816315,25894000
14-07-2017,47.59999847,47.84550095,47.40024948,47.79949951,47.5170517,21076000
17-07-2017,47.84999847,48.03699875,47.46205139,47.67100143,47.38930893,23310000
18-07-2017,47.65000153,48.40200043,47.52999878,48.27000046,47.98477173,23080000
19-07-2017,48.39199829,48.65200043,48.20149994,48.54449844,48.25764465,24490000
20-07-2017,48.75,48.79499817,48.07550049,48.40750122,48.12145996,32490000
21-07-2017,48.11249924,48.66149902,48.00749969,48.64599991,48.3585434,34220000
24-07-2017,48.61100006,49.31000137,48.53850174,49.01699829,48.72735596,64966000
25-07-2017,47.69049835,47.98500061,47.27000046,47.53499985,47.25411606,93220000
26-07-2017,47.73400116,47.75,47.11394882,47.38999939,47.10997391,41766000
27-07-2017,47.5890007,47.5890007,46,46.70449829,46.42851639,64260000
28-07-2017,46.47000122,47.19150162,46.375,47.07649994,46.79832458,36928000
31-07-2017,47.0945015,47.17950058,46.30199814,46.52500153,46.25008774,39402000
01-08-2017,46.61899948,46.87234879,46.46300125,46.54150009,46.26648712,25554000
02-08-2017,46.43050003,46.63000107,45.83399963,46.51950073,46.24460983,36488000
03-08-2017,46.51699829,46.61199951,46.11199951,46.18249893,45.90960693,24050000
04-08-2017,46.33750153,46.51535034,46.1515007,46.39799881,46.1238327,21646000
07-08-2017,46.45299911,46.58499908,46.32500076,46.4679985,46.19342041,20644000
08-08-2017,46.35449982,46.79069901,46.2804985,46.33950043,46.06567764,21232000
09-08-2017,46.0304985,46.29899979,45.86249924,46.14500046,45.87232971,23842000
10-08-2017,45.87749863,45.96300125,45.30649948,45.36199951,45.09395599,36480000
11-08-2017,45.39849854,45.88899994,45.27899933,45.7195015,45.44934082,24136000
14-08-2017,46.12649918,46.23339844,45.90950012,46.13349915,45.86089325,21290000
15-08-2017,46.21149826,46.32749939,45.99100113,46.11100006,45.83853149,17668000
16-08-2017,46.26449966,46.63499832,46.17224884,46.34799957,46.07412338,20134000
17-08-2017,46.28900146,46.3429985,45.54899979,45.54899979,45.27985382,25544000
18-08-2017,45.51549911,45.76374817,45.35770035,45.53350067,45.26444244,26854000
21-08-2017,45.5,45.65000153,45.16999817,45.33300018,45.06512833,18868000
22-08-2017,45.63600159,46.29299927,45.57374954,46.23450089,45.9612999,23334000
23-08-2017,46.0965004,46.49649811,45.9679985,46.34999847,46.07611847,21804000
24-08-2017,46.43299866,46.54199982,45.77500153,46.06399918,45.79180908,25406000
25-08-2017,46.17449951,46.27774811,45.77500153,45.79449844,45.52389908,21068000
28-08-2017,45.79999924,45.96224976,45.59349823,45.69049835,45.42051315,21730000
29-08-2017,45.25500107,46.16650009,45.25,46.0644989,45.79230499,23712000
30-08-2017,46.00249863,46.54095078,45.98249817,46.47850037,46.20385742,26024000
31-08-2017,46.58800125,47.09899902,46.58800125,46.96649933,46.68897629,31652000
01-09-2017,47.05649948,47.12400055,46.75749969,46.86700058,46.59006119,18948000
05-09-2017,46.65399933,46.84999847,46.09799957,46.42250061,46.14818954,26528000
06-09-2017,46.50749969,46.54574966,45.96350098,46.39049911,46.11637878,30554000
07-09-2017,46.58649826,46.82049942,46.18099976,46.79750061,46.52097702,24254000
08-09-2017,46.82450104,46.84949875,46.24399948,46.32500076,46.0512619,20230000
11-09-2017,46.71250153,46.91899872,46.34600067,46.45399857,46.17950058,25340000
12-09-2017,46.62950134,46.67399979,46.19305038,46.60350037,46.32812119,22688000
13-09-2017,46.53300095,46.86249924,46.49300003,46.75450134,46.47822571,22052000
14-09-2017,46.5625,46.63850021,46.20000076,46.25550079,45.98217773,27952000
15-09-2017,46.23300171,46.32450104,45.81800079,46.01449966,45.74259567,50108000
18-09-2017,46.00049973,46.10400009,45.52999878,45.75,45.47966003,26138000
19-09-2017,45.87099838,46.12099838,45.62749863,46.09049988,45.81814957,18734000
20-09-2017,46.14899826,46.69400024,46.09999847,46.57899857,46.30376434,33396000
21-09-2017,46.65000153,46.82649994,46.19150162,46.62250137,46.34700775,25812000
22-09-2017,46.38750076,46.73649979,46.32400131,46.42649841,46.15216064,21054000
25-09-2017,46.27249908,46.31999969,45.48500061,46.04850006,45.77639771,37136000
26-09-2017,46.18600082,46.54100037,46.05699921,46.24300003,45.96974945,33338000
27-09-2017,46.38700104,47.49499893,46.38700104,47.22449875,46.94544983,44788000
28-09-2017,47.06800079,47.53450012,47.02750015,47.47499847,47.19446564,20406000
29-09-2017,47.59999847,47.98929977,47.57550049,47.95550156,47.67213058,31620000
02-10-2017,47.99900055,48.1269989,47.39199829,47.66350174,47.38185501,25668000
03-10-2017,47.70000076,47.90000153,47.45700073,47.88949966,47.60651779,17766000
04-10-2017,47.84999847,48.01950073,47.53450012,47.58399963,47.30282211,19048000
05-10-2017,47.7745018,48.54550171,47.75899887,48.4980011,48.21142197,24276000
06-10-2017,48.33499908,48.97299957,48.16799927,48.94449997,48.65528488,23478000
09-10-2017,49,49.27125168,48.80550003,48.84999847,48.56134415,17828000
10-10-2017,49,49.07849884,48.30400085,48.63000107,48.34264374,19368000
11-10-2017,48.68600082,49.53549957,48.61249924,49.46250153,49.17022705,33866000
12-10-2017,49.37250137,49.70600128,49.25,49.39149857,49.09964752,25248000
13-10-2017,49.59999847,49.86050034,49.45000076,49.48400116,49.19159317,23396000
16-10-2017,49.60499954,49.69535065,49.20000076,49.59999847,49.30691147,18210000
17-10-2017,49.51449966,49.8219986,49.42950058,49.60900116,49.31585693,25804000
18-10-2017,49.58850098,49.83599854,49.34875107,49.64049911,49.34717178,21152000
19-10-2017,49.29999924,49.44400024,48.91949844,49.22249985,48.93164444,26272000
20-10-2017,49.47200012,49.54999924,49.22900009,49.40999985,49.11803436,23664000
23-10-2017,49.47600174,49.47600174,48.30599976,48.42250061,48.13637161,29568000
24-10-2017,48.5,48.61149979,48.04999924,48.52700043,48.24025345,24244000
25-10-2017,48.41849899,48.80450058,48.02600098,48.66650009,48.37892532,24226000
26-10-2017,49,49.38000107,48.61000061,48.62799835,48.3406601,40842000
27-10-2017,50.45949936,52.41949844,50.40999985,50.96350098,50.66235733,103354000
30-10-2017,50.70000076,51.24850082,50.375,50.85549927,50.55499649,41702000
31-10-2017,50.76100159,51.20000076,50.52099991,50.83200073,50.53163147,26614000
01-11-2017,50.86050034,51.48350143,50.84749985,51.27500153,50.9720192,27468000
02-11-2017,51.08800125,51.40449905,50.65050125,51.27899933,50.97599411,20980000
03-11-2017,51.10549927,51.63249969,51.01549911,51.62400055,51.31895065,21528000
06-11-2017,51.44950104,51.74349976,51.25,51.29499817,50.99189758,22504000
07-11-2017,51.36349869,51.69850159,51.25650024,51.66650009,51.36120224,22246000
08-11-2017,51.52600098,52.17610168,51.42250061,51.99250031,51.68527985,21774000
09-11-2017,51.69950104,51.69950104,50.98329926,51.56299973,51.25830841,24904000
10-11-2017,51.32300186,51.5379982,51.26399994,51.4034996,51.09975433,14400000
13-11-2017,51.17100143,51.57899857,51.12850189,51.28749847,50.98443604,17716000
14-11-2017,51.12950134,51.34049988,50.70750046,51.29999924,50.99686813,19184000
15-11-2017,50.96049881,51.20449829,50.77099991,51.04550171,50.7438736,17080000
16-11-2017,51.12599945,51.79600143,51.12599945,51.625,51.31994629,22594000
17-11-2017,51.70050049,51.72100067,50.88750076,50.95449829,50.65340805,27942000
20-11-2017,51.01300049,51.13050079,50.875,50.91899872,50.61811829,19070000
21-11-2017,51.16550064,51.75550079,51.13275146,51.72449875,51.41885376,21940000
22-11-2017,51.75,51.98529816,51.57149887,51.79800034,51.49192429,14926000
24-11-2017,51.79349899,52.15890121,51.75,52.0304985,51.72305298,10740000
27-11-2017,52,52.77299881,51.92200089,52.71049881,52.39902878,26158000
28-11-2017,52.75450134,53.11875153,52,52.37049866,52.06103516,28488000
29-11-2017,52.13399887,52.20399857,50.78250122,51.08300018,50.78115082,49188000
30-11-2017,51.11849976,51.42449951,50.75,51.07049942,50.76872253,34480000
01-12-2017,50.79000092,51.12450027,50.10100174,50.50849915,50.21004486,38192000
04-12-2017,50.63299942,50.80500031,49.7784996,49.93399811,49.63893509,38128000
05-12-2017,49.79700089,51.0304985,49.41400146,50.25749969,49.96052551,41346000
06-12-2017,50.07500076,51.24850082,50.05699921,50.91899872,50.61811829,25440000
07-12-2017,51.02149963,51.7120018,50.90354919,51.54650116,51.24190903,29164000
08-12-2017,51.87450027,52.10250092,51.62609863,51.85250092,51.54610062,25816000
11-12-2017,51.77500153,52.18999863,51.60250092,52.05500031,51.74740219,23856000
12-12-2017,51.98149872,52.51549911,51.68450165,52.02399826,51.71658707,25590000
13-12-2017,52.30599976,52.33324814,51.91899872,52.0304985,51.72305298,25654000
14-12-2017,52.25,52.92499924,52.1554985,52.45750046,52.1475296,31174000
15-12-2017,52.73049927,53.38100052,52.47499847,53.20949936,52.89508438,65518000
18-12-2017,53.30400085,53.92449951,53.09999847,53.85699844,53.53875732,31092000
19-12-2017,53.75999832,53.84199905,53.17750168,53.5340004,53.21766663,26774000
20-12-2017,53.5890007,53.66899872,53.07600021,53.24750137,52.93286514,25372000
21-12-2017,53.24750137,53.46649933,53.08969879,53.18149948,52.86724472,19914000
22-12-2017,53.05550003,53.20999908,52.97200012,53.00600052,52.69278717,15102000
26-12-2017,52.9034996,53.00600052,52.50999832,52.8370018,52.5247879,15212000
27-12-2017,52.86949921,52.91849899,52.40250015,52.46849823,52.15845871,25438000
28-12-2017,52.58000183,52.73749924,52.23849869,52.4070015,52.09732819,16742000
29-12-2017,52.33599854,52.48500061,52.24499893,52.31999969,52.01083755,17750000
02-01-2018,52.41699982,53.34700012,52.26150131,53.25,52.9353447,24752000
03-01-2018,53.21549988,54.3144989,53.16049957,54.12400055,53.80418015,28604000
04-01-2018,54.40000153,54.67850113,54.20009995,54.31999969,53.99901962,20092000
05-01-2018,54.70000076,55.21250153,54.59999847,55.11149979,54.78584671,25582000
08-01-2018,55.11149979,55.56349945,55.08100128,55.34700012,55.01995468,20952000
09-01-2018,55.47000122,55.5284996,55.06155014,55.31299973,54.98615646,18050000
10-01-2018,54.85499954,55.22999954,54.80550003,55.13050079,54.80472946,20856000
11-01-2018,55.31499863,55.32624817,54.97949982,55.27600098,54.94937515,19566000
12-01-2018,55.12049866,56.21450043,55.05749893,56.11299896,55.78142548,34410000
16-01-2018,56.62549973,56.99549866,55.89160156,56.08800125,55.75657654,31506000
17-01-2018,56.31100082,56.63000107,55.8504982,56.59899902,56.26455307,24052000
18-01-2018,56.57049942,56.62549973,55.875,56.48949814,56.15570068,23964000
19-01-2018,56.59149933,56.89300156,56.41500092,56.87549973,56.53941727,35564000
22-01-2018,56.87450027,57.99399948,56.75550079,57.79050064,57.44901657,32360000
23-01-2018,57.99250031,58.58134842,57.9375,58.49850082,58.15282822,26662000
24-01-2018,58.86650085,58.99300003,58.05250168,58.2120018,57.86802673,28332000
25-01-2018,58.62649918,58.79700089,58.13800049,58.51850128,58.17271042,29610000
26-01-2018,58.75400162,58.79199982,57.9054985,58.79199982,58.44459915,40376000
29-01-2018,58.82400131,59.3445015,58.59899902,58.77899933,58.43167114,27578000
30-01-2018,58.39149857,58.82600021,58.17599869,58.18450165,57.84068298,31126000
31-01-2018,58.5284996,58.65000153,57.95650101,58.49700165,58.1513443,30774000
01-02-2018,58.13050079,58.70000076,57.87599945,58.38499832,58.04000092,48242000
02-02-2018,56.09999847,56.1534996,55.36389923,55.59500122,55.26649094,97158000
05-02-2018,54.52999878,55.5,52.60150146,52.79000092,52.47806549,75966000
06-02-2018,51.35900116,54.08549881,51.15684891,54.02999878,53.71073151,68960000
07-02-2018,54.07699966,54.0890007,52.4129982,52.42900085,52.11919785,47384000
08-02-2018,52.77050018,52.93099976,50.03300095,50.07600021,49.78009415,57182000
09-02-2018,50.86249924,52.19850159,49.62799835,51.88899994,51.58238602,70118000
12-02-2018,52.40000153,53.07500076,52.04639816,52.59700012,52.28620529,41154000
13-02-2018,52.25,52.91849899,52.20434952,52.60499954,52.29415894,25302000
14-02-2018,52.44749832,53.58599854,52.33750153,53.48500061,53.16895676,31116000
15-02-2018,53.95349884,54.57395172,53.21699905,54.47600174,54.15410233,36868000
16-02-2018,54.42050171,55.23350143,54.41564941,54.74000168,54.41654205,33590000
20-02-2018,54.5284996,55.69749832,54.42599869,55.1230011,54.79727554,28462000
21-02-2018,55.32350159,56.69850159,55.31650162,55.56700134,55.23865128,30258000
22-02-2018,55.80950165,56.14099884,55.12950134,55.33150101,55.0045433,26344000
23-02-2018,55.63199997,56.36399841,55.2356987,56.33950043,56.0065918,25220000
26-02-2018,56.38999939,57.19800186,56.33475113,57.1875,56.84957504,31182000
27-02-2018,57.06200027,57.20199966,55.90000153,55.91450119,55.58410263,35482000
28-02-2018,56.1515007,56.37649918,55.16199875,55.23649979,54.91010666,37652000
01-03-2018,55.39350128,55.50600052,53.35005188,53.47600174,53.16001129,50318000
02-03-2018,52.65399933,54.09994888,52.40575027,53.94599915,53.62722778,45432000
05-03-2018,53.75699997,54.85499954,53.45000076,54.54650116,54.22418213,24044000
06-03-2018,54.96099854,55.09249878,54.48875046,54.75299835,54.42945862,30656000
07-03-2018,54.45949936,55.61100006,54.27410126,55.48199844,55.15415192,25850000
08-03-2018,55.76599884,56.38000107,55.63999939,56.29999924,55.96731949,27102000
09-03-2018,56.79999924,58.04000092,56.62305069,58.0019989,57.65926361,42560000
12-03-2018,58.19250107,58.85250092,57.87099838,58.22499847,57.8809433,43446000
13-03-2018,58.5,58.83800125,56.66650009,56.90850067,56.57222366,38144000
14-03-2018,57.26050186,57.92950058,57.0719986,57.47449875,57.13488007,25828000
15-03-2018,57.4980011,58.05400085,56.72700119,57.47900009,57.13935471,27908000
16-03-2018,57.70700073,57.79399872,56.59799957,56.78649902,56.45094681,61840000
19-03-2018,56.00049973,56.09949875,54.45050049,54.99100113,54.66605377,56118000
20-03-2018,54.95000076,55.25999832,54.17300034,54.88550186,54.56118774,36638000
21-03-2018,54.63700104,55.31499863,54.25749969,54.54399872,54.22169113,37578000
22-03-2018,54.09400177,54.14500046,52.29550171,52.45399857,52.14404678,53340000
23-03-2018,52.35150146,53.16799927,51.06100082,51.07849884,50.77667236,43134000
26-03-2018,52.29999924,52.78150177,50.41999817,52.66049957,52.34932709,53302000
27-03-2018,53.15000153,53.24195099,49.84600067,50.25500107,49.95804596,61906000
28-03-2018,49.90000153,51.21149826,49.0320015,50.22800064,49.93119812,67386000
29-03-2018,50.58150101,52.15000153,50.14500046,51.58950043,51.28465652,54536000
02-04-2018,51.14099884,51.74000168,49.51850128,50.32350159,50.02613831,53608000
03-04-2018,50.69549942,51.04949951,49.70349884,50.67050171,50.37108994,45502000
04-04-2018,49.67050171,51.43590164,49.65000153,51.25699997,50.95411682,49694000
05-04-2018,52.06650162,52.13949966,51.00654984,51.39049911,51.08683014,27260000
06-04-2018,51,51.57099915,50.1515007,50.35200119,50.05446625,34928000
09-04-2018,50.84000015,51.97999954,50.70399857,50.77249908,50.47248459,35032000
10-04-2018,51.3219986,51.81399918,50.56700134,51.58200073,51.27720261,39490000
11-04-2018,51.3995018,51.56819916,50.79349899,50.99850082,50.69715118,29678000
12-04-2018,51.2519989,52.03450012,51.07175064,51.62549973,51.3204422,27140000
13-04-2018,52.04399872,52.32099915,51.14899826,51.46350098,51.15940094,24460000
16-04-2018,51.84999847,52.16199875,51.3370018,51.89899826,51.5923233,24224000
17-04-2018,52.56850052,53.89400101,52.4129982,53.70800018,53.39064026,46406000
18-04-2018,53.87149811,53.87149811,53.31124878,53.60400009,53.28725433,26882000
19-04-2018,53.47000122,54.70824814,53.4090004,54.38499832,54.06363678,34954000
20-04-2018,54.09999847,54.61750031,53.47850037,53.64799881,53.33099365,37794000
23-04-2018,53.89300156,54.13600159,53.03499985,53.37250137,53.05712509,46826000
24-04-2018,52.59999847,52.84999847,50.52949905,50.99900055,50.69765091,95206000
25-04-2018,51.27600098,51.62450027,50.76549911,51.05899811,50.75728989,47822000
26-04-2018,51.4754982,52.39899826,50.90950012,52.0019989,51.69471741,41590000
27-04-2018,52.29999924,52.47499847,51.27949905,51.50249863,51.19816589,32396000
30-04-2018,51.50049973,51.84999847,50.84249878,50.86650085,50.5659256,33426000
01-05-2018,50.68299866,51.92350006,50.41049957,51.8655014,51.55902481,28558000
02-05-2018,51.40499878,52.01945114,51.14350128,51.21900177,50.9163475,32062000
03-05-2018,50.95000076,51.48374939,50.3144989,51.18600082,50.88354111,36302000
04-05-2018,50.84500122,52.42549896,50.84500122,52.41049957,52.10080338,38774000
07-05-2018,52.46149826,53.08399963,52.35499954,52.73949814,52.42786026,29322000
08-05-2018,52.92699814,53.02750015,52.35725021,52.69549942,52.38412476,24354000
09-05-2018,52.90499878,54.27199936,52.81824875,54.13800049,53.81809998,40656000
10-05-2018,54.30149841,55.02199936,54.2820015,54.87850189,54.55422592,28860000
11-05-2018,54.68000031,55.06650162,54.54550171,54.9129982,54.58851624,25074000
14-05-2018,55,55.53749847,54.95550156,55.00999832,54.68494415,30362000
15-05-2018,54.5,54.50249863,53.67350006,53.96149826,53.64263916,29898000
16-05-2018,53.8655014,54.46350098,53.81299973,54.08850098,53.76889038,21946000
17-05-2018,53.99449921,54.34349823,53.67499924,53.92950058,53.6108284,20876000
18-05-2018,53.0929985,53.49700165,53.0340004,53.31800079,53.00294495,31304000
21-05-2018,53.70299911,54.40000153,53.68249893,53.97900009,53.66003799,20464000
22-05-2018,54.1780014,54.32949829,53.33449936,53.48649979,53.1704483,21800000
23-05-2018,53.25650024,54.03900146,53.08549881,53.98450089,53.66550446,21214000
24-05-2018,53.95000076,54.02349854,53.30749893,53.9620018,53.64313889,15336000
25-05-2018,53.95100021,54.12799835,53.68875122,53.78300095,53.46519089,17988000
29-05-2018,53.24449921,53.66849899,52.76100159,53.01599884,52.70272446,37302000
30-05-2018,53.1515007,53.46049881,52.84149933,53.38999939,53.0745163,22770000
31-05-2018,53.37799835,54.85950089,53.37799835,54.24950027,53.92894363,61766000
01-06-2018,54.96749878,56,54.92499924,55.97499847,55.64424133,48432000
04-06-2018,56.11650085,57.0945015,56.10025024,56.96450043,56.62789536,37792000
05-06-2018,57.04949951,57.28689957,56.65950012,56.98300171,56.64628601,33560000
06-06-2018,57.10850143,57.15000153,56.28715134,56.84400177,56.50811386,33964000
07-06-2018,56.56600189,56.79100037,55.82600021,56.19300079,55.86095428,30400000
08-06-2018,55.9090004,56.33349991,55.60749817,56.04349899,55.71233749,25816000
11-06-2018,55.93000031,56.86299896,55.93000031,56.49950027,56.16564178,21586000
12-06-2018,56.55350113,56.98949814,56.53675079,56.9659996,56.6293869,18240000
13-06-2018,57.05599976,57.32500076,56.66899872,56.73949814,56.4042244,30128000
14-06-2018,57.19250107,57.77349854,57.0320015,57.60599899,57.2655983,26868000
15-06-2018,57.44300079,57.67100143,57.17425156,57.61299896,57.27256012,42450000
18-06-2018,57.18249893,58.71549988,57.17950058,58.67300034,58.32630157,28274000
19-06-2018,57.92499924,58.56349945,57.70050049,58.40299988,58.05789185,32420000
20-06-2018,58.76549911,59.31430054,58.45800018,58.49200058,58.14636612,32970000
21-06-2018,58.74250031,58.86474991,57.61159897,57.88299942,57.54096603,24762000
22-06-2018,57.95700073,58.12485123,57.36299896,57.77399826,57.43260956,26220000
25-06-2018,57.18000031,57.19549942,55.63899994,56.2405014,55.90817261,43146000
26-06-2018,56.40000153,56.66049957,55.83295059,55.92300034,55.59255219,31264000
27-06-2018,56.06700134,56.59180069,55.18099976,55.19900131,54.87283325,25878000
28-06-2018,55.10449982,56.1155014,54.80049896,55.71099854,55.38180161,21448000
29-06-2018,56,56.41135025,55.75,55.78250122,55.45287704,26302000
02-07-2018,54.95000076,56.40000153,54.68999863,56.3730011,56.0398941,24346000
03-07-2018,56.79100037,56.79100037,55.00099945,55.14450073,54.81865311,13580000
05-07-2018,55.5265007,56.375,55.42399979,56.21350098,55.88133621,21334000
06-07-2018,56.17900085,57.04650116,56.03684998,57.00849915,56.67163467,19922000
09-07-2018,57.42399979,57.73350143,57.17100143,57.70249939,57.36153412,18180000
10-07-2018,57.84899902,57.97949982,57.47949982,57.64199829,57.3013916,15968000
11-07-2018,57.22949982,58.21450043,57.04999924,57.69499969,57.3540802,22400000
12-07-2018,57.99449921,59.22050095,57.79674911,59.17399979,58.82434082,25038000
13-07-2018,59.25,59.77085114,59,59.44100189,59.08976746,24438000
16-07-2018,59.4695015,59.54999924,58.9640007,59.19300079,58.84322739,21114000
17-07-2018,58.61100006,60.15200043,58.52999878,59.93999863,59.58581161,32208000
18-07-2018,59.82799911,60.22499847,59.51699829,59.79399872,59.44067383,27872000
19-07-2018,59.54999924,60,59.16600037,59.34799957,58.99731064,25534000
20-07-2018,59.34799957,59.8429985,59.21099854,59.24549866,58.89541626,24948000
23-07-2018,59.05049896,60.32450104,59.04999924,60.27500153,59.91883469,52384000
24-07-2018,63.12950134,63.29999924,61.77799988,62.40399933,62.03525162,66364000
25-07-2018,61.95650101,63.29299927,61.95650101,63.18500137,62.81163788,42556000
26-07-2018,62.54999924,63.48854828,62.45100021,63.41650009,63.04176712,48112000
27-07-2018,63.54999924,63.69449997,61.54999924,61.92499924,61.55908203,42612000
30-07-2018,61.40050125,61.74580002,60.57350159,60.98699951,60.62662506,36998000
31-07-2018,61.00049973,61.37939835,60.27999878,60.86299896,60.50335312,32894000
01-08-2018,61.40000153,61.67350006,60.51050186,61.00049973,60.64004517,31344000
02-08-2018,60.29499817,61.49399948,60.23949814,61.30749893,60.94522858,30626000
03-08-2018,61.48099899,61.5,60.75299835,61.1855011,60.82395172,21792000
06-08-2018,61.25,61.3044014,60.78984833,61.23849869,60.87663651,21634000
07-08-2018,61.84999847,62.55849838,61.80849838,62.11100006,61.74398422,29880000
08-08-2018,62.02349854,62.82500076,61.90039825,62.2804985,61.9124794,27406000
09-08-2018,62.49499893,62.77709961,62.30049896,62.45500183,62.08595276,16972000
10-08-2018,62.15000153,62.28475189,61.59999847,61.88050079,61.51485062,22174000
13-08-2018,61.84899902,62.46364975,61.6820488,61.75049973,61.3856163,19946000
14-08-2018,61.7594986,62.29349899,61.25550079,62.10499954,61.73801804,26962000
15-08-2018,61.46300125,61.76200104,60.4754982,60.71900177,60.36021423,36576000
16-08-2018,61.23649979,61.29999924,60.12749863,60.32450104,59.96804428,26864000
17-08-2018,60.10150146,60.45100021,59.41199875,60.04800034,59.69317627,27792000
20-08-2018,60.25099945,60.54999924,59.73130035,60.38850021,60.0316658,17416000
21-08-2018,60.40000153,60.86299896,60.0177002,60.08100128,59.72597885,24112000
22-08-2018,60,60.59199905,59.95000076,60.36650085,60.00979614,17748000
23-08-2018,60.35699844,61.06399918,60.2120018,60.26900101,59.91287231,19852000
24-08-2018,60.44100189,61.08250046,60.3179512,61.03250122,60.67185974,18932000
27-08-2018,61.38000107,62.15449905,61.28580093,62.0909996,61.72410202,23126000
28-08-2018,62.0644989,62.12725067,61.43450165,61.55749893,61.1937561,26080000
29-08-2018,61.87250137,62.53300095,61.8179512,62.46500015,62.09589386,25978000
30-08-2018,62.21149826,62.68175125,61.62950134,61.95600128,61.58989716,26628000
31-08-2018,61.74900055,61.93299866,60.56425095,60.90950012,60.54958344,36328000
04-09-2018,60.21350098,60.6495018,59.625,59.84999847,59.49634171,36620000
05-09-2018,59.68999863,59.95050049,58.09999847,59.32400131,58.97345352,41226000
06-09-2018,59.31499863,59.31499863,57.59999847,58.5719986,58.22589493,37770000
07-09-2018,57.93349838,58.76300049,57.86074829,58.24150085,57.8973465,28026000
10-09-2018,58.60950089,58.72700119,58.00550079,58.23199844,57.88790131,22308000
11-09-2018,58.08150101,58.93399811,57.81200027,58.86800003,58.52014542,24186000
12-09-2018,58.63600159,58.93050003,57.91799927,58.14099884,57.79743958,25910000
13-09-2018,58.53699875,58.93050003,58.14250183,58.76649857,58.41924286,28624000
14-09-2018,58.95500183,59.02125168,58.41650009,58.62649918,58.28007507,18880000
17-09-2018,58.50699997,58.86199951,57.70149994,57.80250168,57.46094513,26130000
18-09-2018,57.85449982,58.80400085,57.85449982,58.06100082,57.7179184,24072000
19-09-2018,58.24900055,58.66049957,57.72900009,58.55450058,58.20849991,23828000
20-09-2018,58.99950027,59.49449921,58.66799927,59.34349823,58.992836,24508000
21-09-2018,59.59999847,59.61050034,58.30199814,58.30450058,57.9599762,88112000
24-09-2018,57.85850143,58.90000153,57.34550095,58.66849899,58.32182693,25420000
25-09-2018,58.80749893,59.34400177,58.40000153,59.23249817,58.88249207,19554000
26-09-2018,59.25749969,59.71149826,58.73825073,59.0245018,58.67572403,29246000
27-09-2018,59.33649826,60.10499954,59.18149948,59.73199844,59.37903976,25216000
28-09-2018,59.59349823,59.77050018,59.22499847,59.67350006,59.32089233,27612000
01-10-2018,59.99449921,60.49499893,59.51499939,59.76549911,59.41234589,27152000
02-10-2018,59.54800034,60.4980011,59.33150101,60.00550079,59.65092468,33758000
03-10-2018,60.25,60.32049942,59.69150162,60.14749908,59.79208755,25124000
04-10-2018,59.76649857,59.87549973,57.77880096,58.40950012,58.06435776,44190000
05-10-2018,58.375,58.67499924,57.25600052,57.86750031,57.52555847,23686000
08-10-2018,57.50550079,58.40000153,56.36819839,57.44850159,57.10903931,38648000
09-10-2018,57.30749893,57.71749878,56.87860107,56.94100189,56.60453796,26174000
10-10-2018,56.55400085,56.60850143,54.05649948,54.06100082,53.74155426,53514000
11-10-2018,53.64699936,55.31999969,53.41350174,53.9659996,53.64710999,58980000
12-10-2018,55.40000153,55.75,54.32009888,55.50400162,55.17602921,42026000
15-10-2018,55.44549942,55.67229843,54.45000076,54.61249924,54.28979111,27448000
16-10-2018,55.22949982,56.21099854,55.125,56.06399918,55.73271561,38570000
17-10-2018,56.32300186,56.44950104,55.10950089,55.78450012,55.45486832,29344000
18-10-2018,56.09199905,56.09199905,53.85449982,54.39849854,54.07705688,41890000
19-10-2018,54.66849899,55.51800156,54.38750076,54.82300186,54.49905014,25352000
22-10-2018,55.15299988,55.61149979,54.54999924,55.05799866,54.73265839,30284000
23-10-2018,54.04449844,55.39450073,53.5,55.18450165,54.8584137,36974000
24-10-2018,55.21250153,55.30599976,52.43700027,52.53549957,52.22506332,39648000
25-10-2018,53.58950043,55.54899979,53.47750092,54.7784996,54.4548111,50916000
26-10-2018,51.85150146,55.32649994,51.70449829,53.57350159,53.2569313,83752000
29-10-2018,54.12350082,54.85200119,49.79150009,51.00400162,50.70261765,77614000
30-10-2018,50.42300034,51.87450027,50.03749847,51.8105011,51.50435257,64254000
31-10-2018,52.9905014,54.59700012,52.84999847,53.83850098,53.52036667,50596000
01-11-2018,53.79000092,54.19874954,53.1230011,53.5,53.18386841,29640000
02-11-2018,53.68650055,54.14875031,52.73049927,52.88949966,52.57697678,36780000
05-11-2018,52.75,52.92350006,51.06200027,52.00450134,51.69720078,48828000
06-11-2018,51.97399902,53.21725082,51.9034996,52.79050064,52.4785614,24666000
07-11-2018,53.45000076,54.77299881,53.29499817,54.66949844,54.34645081,41168000
08-11-2018,54.56900024,54.66350174,53.61024857,54.11999893,53.8001976,29764000
09-11-2018,53.69950104,53.77799988,52.6554985,53.30749893,52.99250412,26864000
12-11-2018,53.06949997,53.10599899,51.54999924,51.93149948,51.6246376,29436000
13-11-2018,52.16450119,52.83024979,51.55749893,51.80250168,51.49639893,30274000
14-11-2018,52.5,52.72819901,51.54999924,52.18299866,51.87464905,31318000
15-11-2018,52.23550034,53.59249878,51.5890007,53.23550034,52.92092896,36722000
16-11-2018,52.97050095,53.34999847,52.44900131,53.07450104,52.76087952,33162000
19-11-2018,52.86000061,53.03950119,50.81299973,51,50.69863892,37172000
20-11-2018,50,51.5870018,49.80099869,51.2879982,50.98493576,48982000
21-11-2018,51.83800125,52.4280014,51.67350006,51.88050079,51.57393646,30686000
23-11-2018,51.5,51.87950134,51.11994934,51.19400024,50.89149094,13830000
26-11-2018,51.91749954,52.46549988,51.69549942,52.43099976,52.12118149,38856000
27-11-2018,52.04999924,52.87900162,51.92449951,52.22050095,51.91192627,36064000
28-11-2018,52.43799973,54.34199905,51.7879982,54.31150055,53.99057007,49508000
29-11-2018,53.80400085,54.71224976,53.79999924,54.41500092,54.09346771,29378000
30-11-2018,54.45349884,54.7784996,53.89400101,54.7215004,54.39814758,51604000
03-12-2018,56.1570015,56.23249817,55.18325043,55.32149887,54.9946022,39824000
04-12-2018,55.15599823,55.22100067,52.49900055,52.54100037,52.23053741,46904000
06-12-2018,51.71300125,53.56000137,51.53850174,53.43650055,53.12074661,55384000
07-12-2018,53.00049973,53.76300049,51.42499924,51.82899857,51.5227356,42024000
10-12-2018,51.75249863,52.42250061,51.16450119,51.97750092,51.67036438,36154000
11-12-2018,52.82450104,53.02999878,51.99200058,52.58750153,52.27676392,27894000
12-12-2018,53.40000153,54.08250046,53.13949966,53.18399811,52.8697319,30476000
13-12-2018,53.4034996,53.98799896,52.69649887,53.09500122,52.78126144,26596000
14-12-2018,52.49900055,53.13000107,52.03950119,52.10499954,51.79711151,33732000
17-12-2018,51.87549973,52.65750122,50.39500046,50.82649994,50.52616501,47708000
18-12-2018,51.30450058,52.47399902,51.0719986,51.4355011,51.13156128,43850000
19-12-2018,51.69950104,53.09999847,50.40250015,51.15050125,50.84825134,49586000
20-12-2018,50.90650177,51.71099854,49.81800079,50.47050095,50.17226791,53470000
21-12-2018,50.76499939,51.20100021,48.68450165,48.97700119,48.68759537,91920000
24-12-2018,48.69499969,50.17699814,48.50550079,48.81100082,48.52257156,31806000
26-12-2018,49.45050049,52,49.15000153,51.97299957,51.66588974,47466000
27-12-2018,50.85749817,52.19449997,49.84999847,52.19400024,51.88558578,42196000
28-12-2018,52.48099899,52.77799988,51.65499878,51.85400009,51.54759598,28296000
31-12-2018,52.54800034,52.63499832,51.17950058,51.7804985,51.47452927,29866000
02-01-2019,50.82849884,52.61600113,50.78549957,52.29249954,51.98350143,30652000
03-01-2019,52.04999924,52.84899902,50.70349884,50.8030014,50.50279999,36822000
04-01-2019,51.62950134,53.54199982,51.3708992,53.53549957,53.21915436,41878000
07-01-2019,53.57500076,53.70000076,52.73799896,53.41949844,53.10383987,39638000
08-01-2019,53.80550003,54.22800064,53.0265007,53.81399918,53.49600983,35298000
09-01-2019,54.08250046,54.13150024,53.31999969,53.73300171,53.41548538,23986000
10-01-2019,53.38299942,53.55749893,52.88550186,53.51649857,53.20026779,29128000
11-01-2019,53.1590004,53.18875122,52.42399979,52.85950089,52.54715347,30416000
14-01-2019,52.34600067,52.57649994,52.06275177,52.23450089,51.9258461,22886000
15-01-2019,52.50849915,54.00249863,52.36700058,53.85749817,53.53924942,29272000
16-01-2019,54,54.61875153,53.96699905,54.04850006,53.72912598,26636000
17-01-2019,53.9734993,54.59000015,53.67499924,54.49499893,54.17298508,24854000
18-01-2019,55,55.41759872,54.54499817,54.9129982,54.58851624,39112000
22-01-2019,54.40000153,54.57550049,53.17350006,53.52600098,53.20971298,32270000
23-01-2019,53.86750031,54.24649811,52.98749924,53.7784996,53.46072388,19340000
24-01-2019,53.82400131,53.97375107,53.03499985,53.69499969,53.37771606,27226000
25-01-2019,54.25,54.70000076,54.0909996,54.54949951,54.22716522,22382000
28-01-2019,54.00550079,54.15000153,53.18999863,53.50400162,53.18784332,25686000
29-01-2019,53.63399887,53.75749969,52.79325104,53.03099823,52.71763611,20436000
30-01-2019,53.42150116,54.54999924,53.34249878,54.45299911,54.13123322,25596000
31-01-2019,55.15000153,55.86650085,54.77050018,55.81850052,55.48867035,30766000
01-02-2019,55.61999893,56.25,55.24449921,55.53749847,55.20932388,29244000
04-02-2019,55.63299942,56.63999939,55.45100021,56.63999939,56.3053093,51530000
05-02-2019,56.24200058,57.34249878,55.86240005,57.29949951,56.96091461,71044000
06-02-2019,56.97850037,57.34999847,55.63850021,55.76150131,55.43200684,42112000
07-02-2019,55.20800018,55.24200058,54.29999924,54.9355011,54.61088943,40896000
08-02-2019,54.34999847,54.94549942,54.32749939,54.75299835,54.42945862,21516000
11-02-2019,54.84749985,55.29724884,54.64300156,54.75049973,54.42697525,21304000
12-02-2019,55.34000015,56.26475143,55.29249954,56.06850052,55.73719025,32182000
13-02-2019,56.24950027,56.73649979,55.92499924,56.00799942,55.67704391,20996000
14-02-2019,55.90250015,56.41149902,55.52225113,56.08349991,55.75209808,18952000
15-02-2019,56.50400162,56.58349991,55.53250122,55.68249893,55.35346985,28996000
19-02-2019,55.5,56.0945015,55.5,55.9280014,55.59751892,20928000
20-02-2019,55.99950027,56.17050171,55.26399994,55.68999863,55.36092758,21756000
21-02-2019,55.54199982,55.59700012,54.62599945,54.8484993,54.5243988,28302000
22-02-2019,55.04499817,55.56200027,54.77999878,55.51850128,55.19044113,20990000
25-02-2019,55.79999924,55.92699814,55.36349869,55.47000122,55.14223099,28262000
26-02-2019,55.28749847,55.9754982,54.99599838,55.75650024,55.42703247,29426000
27-02-2019,55.34749985,55.89899826,55.04999924,55.80250168,55.47275925,19368000
28-02-2019,55.56499863,56.38249969,55.55049896,55.99599838,55.66511917,30850000
01-03-2019,56.24499893,57.14849854,56.23749924,57.04949951,56.7123909,29006000
04-03-2019,57.34949875,57.91400146,56.53450012,57.38999939,57.05088043,28920000
05-03-2019,57.50299835,58.48049927,57.3097496,58.10150146,57.75817871,28864000
06-03-2019,58.12450027,58.37829971,57.7745018,57.89300156,57.55091095,21986000
07-03-2019,57.7859993,57.83774948,56.74549866,57.16500092,56.82720947,23332000
08-03-2019,56.33649826,57.35400009,56.16500092,57.11600113,56.77850342,24248000
11-03-2019,57.22249985,58.80950165,57.22249985,58.7879982,58.44062042,34384000
12-03-2019,58.9129982,60,58.9129982,59.65999985,59.30746841,40262000
13-03-2019,60.03224945,60.04650116,59.59700012,59.66600037,59.31343079,28718000
14-03-2019,59.7254982,59.89400101,59.22399902,59.27750015,58.92722702,23456000
15-03-2019,59.66899872,59.82849884,59.13050079,59.22299957,58.87304688,49236000
18-03-2019,59.16500092,59.5,58.87105179,59.21300125,58.86310959,25852000
19-03-2019,59.44049835,60,59.29349899,59.94250107,59.5882988,30414000
20-03-2019,59.86750031,61.35699844,59.80849838,61.19850159,60.83687973,44548000
21-03-2019,60.79999924,61.58950043,60.65750122,61.57699966,61.2131424,24080000
22-03-2019,61.31600189,61.5,60.14125061,60.27500153,59.91883469,34284000
25-03-2019,59.8465004,60.31990051,59.35200119,59.65000153,59.29753113,29936000
26-03-2019,59.92649841,60.14149857,58.83599854,59.23099899,58.88100052,38024000
27-03-2019,59.27500153,59.37794876,57.96849823,58.65100098,58.3044281,28004000
28-03-2019,58.57699966,58.57825089,57.97154999,58.42449951,58.07926941,19234000
29-03-2019,58.74499893,58.94950104,58.14400101,58.66550064,58.31884384,25398000
01-04-2019,59.20500183,59.83300018,59.09999847,59.7215004,59.36860657,25050000
02-04-2019,59.76599884,60.06750107,59.28549957,60.0245018,59.66981506,16558000
03-04-2019,60.37400055,60.81499863,60.02500153,60.29600143,59.93971252,20286000
04-04-2019,60.29700089,60.78350067,60.20650101,60.75,60.39102936,19000000
05-04-2019,60.74950027,60.81100082,60.25149918,60.35749817,60.00084305,18144000
08-04-2019,60.39450073,60.43450165,59.99300003,60.19200134,59.83632278,17204000
09-04-2019,59.79999924,60.11449814,59.65399933,59.86249924,59.50876999,17528000
10-04-2019,60.0340004,60.18925095,59.82175064,60.10800171,59.75282288,14492000
11-04-2019,60.19800186,60.39799881,60.00650024,60.23099899,59.87509155,14204000
12-04-2019,60.5,60.91749954,60.4054985,60.89350128,60.53367996,18668000
15-04-2019,60.90000153,61.20999908,60.45550156,61.05500031,60.69422531,23748000
16-04-2019,61.25,61.54100037,61.00600052,61.35649872,60.99393845,17126000
17-04-2019,61.65000153,62.02799988,61.39099884,61.81700134,61.45172119,24438000
18-04-2019,61.95899963,62.09999847,61.73049927,61.81850052,61.45321274,26636000
22-04-2019,61.79949951,62.45449829,61.41550064,62.44200134,62.07303238,16146000
23-04-2019,62.53450012,63.45000076,62.31900024,63.22750092,62.85388565,26398000
24-04-2019,63.20600128,63.40050125,62.75,62.79999924,62.42891693,20376000
25-04-2019,63.23849869,63.37039948,62.60150146,63.17250061,62.79921341,22146000
26-04-2019,63.45000076,63.6534996,63.01599884,63.60900116,63.23313141,24828000
29-04-2019,63.70000076,64.46350098,63.31475067,64.3789978,63.99857712,49988000
30-04-2019,59.25,59.64049911,58.75,59.42399979,59.07286453,124140000
01-05-2019,59.40250015,59.40250015,58.35900116,58.40399933,58.05888748,52784000
02-05-2019,58.38800049,58.70949936,57.75009918,58.13050079,57.78700256,38896000
03-05-2019,58.68249893,59.34000015,58.45000076,59.27000046,58.91977692,39614000
06-05-2019,58.31299973,59.54249954,58.31299973,59.4695015,59.11809158,31278000
07-05-2019,59.02349854,59.52199936,58.05199814,58.70500183,58.35810852,31028000
08-05-2019,58.6004982,59.02119827,58.28699875,58.31349945,57.96892548,26186000
09-05-2019,57.95149994,58.48300171,57.54249954,58.11899948,57.77557755,23714000
10-05-2019,58.17950058,58.63000107,57.125,58.21350098,57.86951828,26290000
13-05-2019,57.09799957,57.39699936,56.10549927,56.60150146,56.26704025,37212000
14-05-2019,56.86050034,57.02099991,55.97750092,56.02199936,55.69096756,36732000
15-05-2019,55.89350128,58.56650162,55.83330154,58.21049881,57.86653137,45786000
16-05-2019,58.2254982,59.40800095,58.14199829,58.94900131,58.60066986,30628000
17-05-2019,58.42350006,59.00749969,58.00049973,58.11500168,57.77159882,24172000
20-05-2019,57.22499847,57.33985138,56.57215118,56.94250107,56.6060257,27066000
21-05-2019,57.42449951,57.63539886,56.89699936,57.48149872,57.14183426,23196000
22-05-2019,57.33750153,57.92599869,57.29449844,57.57099915,57.23080826,18290000
23-05-2019,57.02500153,57.29864883,56.46120071,57.03850174,56.70146179,23978000
24-05-2019,57.36800003,57.48825073,56.58300018,56.67350006,56.33861542,22240000
28-05-2019,56.70000076,57.57934952,56.65599823,56.70750046,56.37241364,27300000
29-05-2019,56.37599945,56.45500183,55.4109993,55.82300186,55.49313736,30764000
30-05-2019,55.77700043,56.15650177,55.60599899,55.89749908,55.56719589,19038000
31-05-2019,55.0644989,55.47999954,55.00899887,55.18149948,54.8554306,30156000
03-06-2019,53.27500153,53.27500153,51.25,51.81150055,51.50534439,102612000
04-06-2019,52.14500046,52.80250168,51.68450165,52.65250015,52.34137344,56670000
05-06-2019,52.57699966,52.67750168,51.5245018,52.11100006,51.8030777,43368000
06-06-2019,52.24950027,52.37450027,51.68500137,52.21699905,51.90844345,34064000
07-06-2019,52.53150177,53.54600143,52.41999817,53.30199814,52.98703766,36048000
10-06-2019,53.64899826,54.63299942,53.61610031,54.01900101,53.69979858,29284000
11-06-2019,54.69900131,55.09949875,53.88014984,53.93600082,53.6172905,28734000
12-06-2019,53.90000153,54.04650116,53.3769989,53.85150146,53.53329086,21220000
13-06-2019,54.18199921,54.70849991,54.00749969,54.43849945,54.1168251,21154000
14-06-2019,54.32099915,54.6344986,54.00859833,54.26750183,53.94683456,22230000
17-06-2019,54.31399918,54.95899963,54.31399918,54.625,54.30221558,18832000
18-06-2019,55.48450089,55.81949997,54.94950104,55.18000031,54.85393524,27734000
19-06-2019,55.27999878,55.34999847,54.67399979,55.11650085,54.79081345,26776000
20-06-2019,55.99950027,56.00600052,55.23699951,55.57099915,55.24263,25240000
21-06-2019,55.4620018,56.20550156,55.40399933,56.09400177,55.76253891,38952000
24-06-2019,55.98049927,56.09999847,55.55049896,55.77600098,55.44641495,27912000
25-06-2019,55.63299942,55.71749878,54.18999863,54.31750107,53.99653625,30938000
26-06-2019,54.32500076,54.64849854,53.61199951,53.99000168,53.67097092,36218000
27-06-2019,54.20000076,54.35499954,53.76449966,53.80049896,53.48258591,20086000
28-06-2019,53.81949997,54.04999924,53.66849899,54.04550171,53.7261467,33864000
01-07-2019,54.90000153,55.37900162,54.68515015,54.89749908,54.57310867,28726000
02-07-2019,55.11199951,55.58850098,54.90850067,55.5625,55.23417664,19832000
03-07-2019,55.87049866,56.33800125,55.69300079,56.07899857,55.74762726,15340000
05-07-2019,55.88999939,56.64400101,55.80699921,56.57949829,56.24516678,25286000
08-07-2019,56.25849915,56.29899979,55.5605011,55.81750107,55.48767471,24728000
09-07-2019,55.59000015,56.40124893,55.35850143,56.24150085,55.90917206,26608000
10-07-2019,56.56100082,57.10250092,56.54850006,57.02399826,56.68703842,24190000
11-07-2019,57.16249847,57.6534996,56.97900009,57.21049881,56.87244415,23910000
12-07-2019,57.19950104,57.36700058,56.93899918,57.24499893,56.90673828,17280000
15-07-2019,57.3429985,57.54100037,56.97000122,57.51699829,57.17713165,18076000
16-07-2019,57.29999924,57.92900085,57.25,57.67900085,57.33817291,24776000
17-07-2019,57.54850006,57.91799927,57.28850174,57.31750107,56.97881317,23400000
18-07-2019,57.0870018,57.38024902,56.63650131,57.31650162,56.97781372,25814000
19-07-2019,57.40950012,57.55699921,56.48099899,56.50500107,56.17111206,32944000
22-07-2019,56.67250061,56.96250153,56.2120018,56.9034996,56.56725311,26030000
23-07-2019,57.20000076,57.34500122,56.59000015,57.3105011,56.97185135,21874000
24-07-2019,56.59500122,57.20000076,56.34949875,56.89049911,56.55433273,31796000
25-07-2019,56.89099884,57.08499908,56.04600143,56.60599899,56.27151489,44196000
26-07-2019,61.20199966,63.27750015,61.20000076,62.52050018,62.15106583,96116000
29-07-2019,62.05250168,62.36849976,61.41149902,61.97050095,61.60431671,44474000
30-07-2019,61.27050018,61.74349976,61.16500092,61.25699997,60.89503098,29066000
31-07-2019,61.15000153,61.70000076,60.38819885,60.83399963,60.47452927,34510000
01-08-2019,60.70149994,61.70550156,60.2859993,60.45050049,60.09329605,33970000
02-08-2019,60.03699875,60.34500122,59.4469986,59.69950104,59.34673309,32902000
05-08-2019,58.5019989,58.76200104,57.00699997,57.61600113,57.27554321,51950000
06-08-2019,58.16550064,58.9980011,58,58.49750137,58.15184021,34188000
07-08-2019,57.79999924,58.92224884,57.48120117,58.69950104,58.35264206,28886000
08-08-2019,59.14149857,60.25049973,58.65100098,60.24000168,59.88404083,29360000
09-08-2019,59.8995018,60.19400024,59.18014908,59.40050125,59.04950714,21314000
12-08-2019,58.96049881,59.2480011,58.38359833,58.73550034,58.38843155,20060000
13-08-2019,58.57300186,60.23899841,58.57300186,59.86349869,59.50976181,25888000
14-08-2019,58.81549835,59.11500168,58.02700043,58.21450043,57.87050629,31574000
15-08-2019,58.17499924,58.79199982,58.10549927,58.36299896,58.01812744,24374000
16-08-2019,58.97750092,59.13600159,58.59049988,58.88000107,58.53207779,26266000
19-08-2019,59.50450134,60.34949875,59.50450134,59.92250061,59.5684166,24632000
20-08-2019,59.76250076,59.8030014,59.10549927,59.1344986,58.78506851,18310000
21-08-2019,59.65750122,59.95000076,59.37149811,59.5625,59.2105484,14814000
22-08-2019,59.70349884,59.90060043,58.92900085,59.47650146,59.12505341,18950000
23-08-2019,59.09949875,59.70399857,57.38750076,57.5644989,57.22434998,33740000
26-08-2019,57.86299896,58.4734993,57.64799881,58.44449997,58.0991478,24522000
27-08-2019,59.0265007,59.11999893,58.07249832,58.39199829,58.04695892,21544000
28-08-2019,58.08549881,58.82099915,57.86500168,58.55099869,58.20501709,16040000
29-08-2019,59.05599976,59.8030014,59.05599976,59.64250183,59.29006958,21768000
30-08-2019,59.92499924,59.92499924,59.19015121,59.40499878,59.05397034,22596000
03-09-2019,58.85150146,59.3445015,58.15999985,58.41949844,58.07429504,29598000
04-09-2019,58.83549881,59.17399979,58.54999924,59.07049942,58.72144699,21378000
05-09-2019,59.57649994,60.65200043,59.57649994,60.56900024,60.2110939,28162000
06-09-2019,60.40650177,60.60074997,60.12609863,60.24649811,59.89049911,21442000
09-09-2019,60.20000076,61,59.63100052,60.22050095,59.86465073,29438000
10-09-2019,59.75749969,60.5,59.72900009,60.29999924,59.94368362,25202000
11-09-2019,60.17050171,61.13000107,60.11000061,61.00849915,60.647995,26140000
12-09-2019,61.21500015,62.0929985,61.15100098,61.71250153,61.34784317,34518000
13-09-2019,61.56750107,62.04399872,61.3504982,61.97800064,61.61177063,26028000
16-09-2019,61.47600174,61.97800064,61.2804985,61.56499863,61.20121002,21066000
17-09-2019,61.52000046,61.75,61.18450165,61.45750046,61.09434891,19102000
18-09-2019,61.37549973,61.7804985,60.82649994,61.62049866,61.25638199,22702000
19-09-2019,61.60300064,62.22200012,61.60100174,61.9355011,61.56952286,19920000
20-09-2019,61.65599823,62.16600037,61.15399933,61.49649811,61.13311386,45400000
23-09-2019,61.29999924,61.95449829,61.20849991,61.70149994,61.33690262,21248000
24-09-2019,62,62.3370018,60.5340004,60.93799973,60.57791519,31664000
25-09-2019,60.79100037,62.41500092,60.50450134,62.32600021,61.95771408,29060000
26-09-2019,62.09799957,62.25,61.61339951,62.06949997,61.70273209,30760000
27-09-2019,62.15050125,62.20100021,60.72249985,61.25450134,60.89255142,27078000
30-09-2019,61.04850006,61.29999924,60.61500168,60.95000076,60.58984375,28082000
01-10-2019,60.95000076,61.56150055,60.17900085,60.25500107,59.8989563,25470000
02-10-2019,59.84899902,59.84899902,58.5644989,58.83150101,58.48386765,32302000
03-10-2019,59,59.45299911,58.12149811,59.39149857,59.04055023,32424000
04-10-2019,59.5945015,60.5719986,59.45849991,60.45000076,60.09279633,23248000
07-10-2019,60.22000122,60.91019821,60.1875,60.38399887,60.02718735,16858000
08-10-2019,59.87950134,60.30400085,59.45050049,59.45650101,59.10516739,20786000
09-10-2019,59.96749878,60.41749954,59.88150024,60.1155014,59.76027679,17354000
10-10-2019,59.92900085,60.75,59.86700058,60.43349838,60.07639313,16932000
11-10-2019,61.11050034,61.41949844,60.68700027,60.77249908,60.41339111,25454000
14-10-2019,60.61700058,61.31650162,60.58800125,60.85699844,60.49739075,17350000
15-10-2019,61.02000046,62.36650085,61.02000046,62.15050125,61.78325272,27634000
16-10-2019,62.05849838,62.73699951,61.92250061,62.18199921,61.81455994,21892000
17-10-2019,62.54650116,63.16624832,62.49700165,62.6534996,62.28327942,19048000
18-10-2019,62.67300034,62.94449997,62.05400085,62.2745018,61.90651703,27056000
21-10-2019,62.61299896,62.73144913,62.02999878,62.30749893,61.93932343,20544000
22-10-2019,62.39250183,62.52999878,62.06900024,62.13999939,61.77281189,20476000
23-10-2019,62.11800003,62.99449921,62.11800003,62.95650101,62.58448792,18230000
24-10-2019,63.04499817,63.20000076,62.68574905,63.04949951,62.6769371,20562000
25-10-2019,62.55149841,63.47999954,62.50049973,63.25650024,62.88271713,24262000
28-10-2019,63.77249908,64.96549988,63.6269989,64.5,64.1188736,52264000
29-10-2019,63.81150055,64.07949829,62.86059952,63.13100052,62.75795746,37728000
30-10-2019,62.64849854,63.4679985,62.59999847,63.0644989,62.69184494,28178000
31-10-2019,63.06399918,63.38349915,62.54214859,63.00550079,62.6332016,29114000
01-11-2019,63.25,63.73099899,63.02500153,63.68700027,63.31067276,33402000
04-11-2019,63.82249832,64.70649719,63.81774902,64.5684967,64.18695068,30020000
05-11-2019,64.64450073,64.94650269,64.56144714,64.60150146,64.21977234,25654000
06-11-2019,64.47299957,64.68650055,64.125,64.58999634,64.20832825,23060000
07-11-2019,64.71399689,66.18699646,64.71224976,65.44300079,65.0562973,40600000
08-11-2019,65.26399994,65.90000153,65.21824646,65.5684967,65.18105316,25028000
11-11-2019,65.15899658,65.32125092,64.87049866,64.95950317,64.57565308,20238000
12-11-2019,65,65.5,64.78849792,64.94000244,64.55625916,21718000
13-11-2019,64.70349884,65.21499634,64.67549896,64.90000153,64.51649475,16534000
14-11-2019,64.875,65.84999847,64.78250122,65.57299805,65.18552399,23870000
15-11-2019,65.9469986,66.7440033,65.71399689,66.74349976,66.34910583,35652000
18-11-2019,66.61100006,66.77645111,65.875,66.03500366,65.64480591,29748000
19-11-2019,66.38500214,66.38500214,65.63999939,65.77300262,65.38433838,25384000
20-11-2019,65.58699799,65.75,64.55750275,65.15249634,64.76751709,26172000
21-11-2019,65.0739975,65.62950134,64.65000153,65.06749725,64.68301392,19910000
22-11-2019,65.28099823,65.43650055,64.57050323,64.76699829,64.38428497,27714000
25-11-2019,64.95899963,65.56549835,64.90650177,65.33450317,64.94844055,20724000
26-11-2019,65.49299622,65.73999786,65.25450134,65.67749786,65.28941345,21394000
27-11-2019,65.75,65.91799927,65.48149872,65.64949799,65.26157379,19912000
29-11-2019,65.35600281,65.51024628,65.19850159,65.2480011,64.86244965,11740000
02-12-2019,65.05000305,65.29149628,64.05000305,64.4960022,64.11489105,30218000
03-12-2019,63.97850037,64.92304993,63.95000076,64.76399994,64.38130951,22876000
04-12-2019,65.35050201,66.29000092,65.24349976,66.02700043,65.63684845,30750000
05-12-2019,66.40000153,66.46790314,65.8219986,66.40650177,66.01409912,24254000
06-12-2019,66.67199707,67.19999695,66.67199707,67.03099823,66.63491058,26296000
09-12-2019,66.90200043,67.97250366,66.89199829,67.1780014,66.78105164,27086000
10-12-2019,67.07499695,67.49874878,66.80200195,67.23300171,66.83572388,21882000
11-12-2019,67.54199982,67.55999756,67.13349915,67.25099945,66.85361481,17008000
12-12-2019,67.29699707,67.78874969,67.02500153,67.5134964,67.11456299,25620000
13-12-2019,67.39749908,67.65464783,67.1934967,67.39150238,66.99328613,30992000
16-12-2019,67.82499695,68.23400116,67.63349915,68.0585022,67.65634918,27946000
17-12-2019,68.14450073,68.25,67.56614685,67.7559967,67.35562897,37080000
18-12-2019,67.83000183,68.02349854,67.55000305,67.6309967,67.23136139,30452000
19-12-2019,67.59100342,67.90499878,67.44924927,67.80200195,67.40135956,29398000
20-12-2019,68.16750336,68.18199921,67.44999695,67.47949982,67.08075714,66300000
23-12-2019,67.79350281,67.98999786,67.32550049,67.44200134,67.04347992,17662000
24-12-2019,67.42500305,67.51300049,67.13899994,67.1780014,66.78105164,6950000
26-12-2019,67.3085022,68.06635284,67.22350311,68.01999664,67.61805725,13350000
27-12-2019,68.14949799,68.22650146,67.46549988,67.59449768,67.19508362,20768000
30-12-2019,67.5,67.65000153,66.7009964,66.80699921,66.41223907,21018000
31-12-2019,66.50550079,66.90000153,66.45424652,66.85099792,66.45597076,19236000
02-01-2020,67.07749939,68.40699768,67.07749939,68.36849976,67.96451569,28132000
03-01-2020,67.39299774,68.625,67.27719879,68.03299713,67.63098145,23728000
06-01-2020,67.5,69.82499695,67.5,69.71050262,69.29856873,34646000
07-01-2020,69.89700317,70.14949799,69.51899719,69.66699982,69.25534058,30054000
08-01-2020,69.60399628,70.57900238,69.54199982,70.21600342,69.80109406,30560000
09-01-2020,71.02850342,71.36650085,70.5134964,70.99150085,70.57201385,30018000
10-01-2020,71.37799835,71.74645233,70.91750336,71.4865036,71.06408691,36414000
13-01-2020,71.8065033,72.02600098,71.3010025,71.96150208,71.5362854,33046000
14-01-2020,71.95050049,72.08999634,71.41850281,71.54399872,71.12124634,31178000
15-01-2020,71.51049805,72.06974792,71.51049805,71.95999908,71.53478241,25654000
16-01-2020,72.37200165,72.59950256,72.04599762,72.58499908,72.15608978,23474000
17-01-2020,73.14550018,74.06475067,72.91100311,74.01950073,73.58211517,47924000
21-01-2020,73.95600128,74.59249878,73.55999756,74.22000122,73.78143311,40734000
22-01-2020,74.55000305,75.16069794,74.24649811,74.29750061,73.85847473,32216000
23-01-2020,74.38200378,74.77600098,74.10500336,74.33249664,73.89325714,27024000
24-01-2020,74.67949677,74.77474976,73.26249695,73.33550262,72.90216064,35692000
27-01-2020,71.55000305,71.90350342,71.05999756,71.69499969,71.27134705,35104000
28-01-2020,72.15000153,72.80000305,71.62349701,72.62799835,72.19883728,31548000
29-01-2020,72.94000244,73.27149963,72.33699799,72.9315033,72.50054932,21554000
30-01-2020,71.9980011,72.86399841,71.81999969,72.79199982,72.36186218,26788000
31-01-2020,73.44499969,73.50650024,71.42649841,71.71150208,71.2877655,48344000
03-02-2020,73.09999847,74.5,72.94950104,74.29699707,73.85797882,60736000
04-02-2020,72.85350037,73.47499847,71.31500244,72.35350037,71.92596436,78660000
05-02-2020,73.1210022,73.19200134,71.52799988,72.41149902,71.98361969,39724000
06-02-2020,72.51650238,74.09999847,72.47850037,73.81150055,73.37535095,33588000
07-02-2020,73.36499786,74.29199982,73.31749725,73.96150208,73.52445984,23446000
10-02-2020,73.71600342,75.47499847,73.71600342,75.43399811,74.98825836,28398000
11-02-2020,75.59049988,76.48149872,75.2818985,75.4394989,74.99372101,26892000
12-02-2020,75.72399902,76.03475189,75.40550232,75.91349792,75.46492004,23352000
13-02-2020,75.6344986,76.35900116,75.23000336,75.73300171,75.28549194,18590000
14-02-2020,75.77999878,76.03700256,75.36699677,76.03700256,75.58769989,23956000
18-02-2020,75.75,76.58149719,75.62950134,75.98349762,75.53450775,22414000
19-02-2020,76.25350189,76.6053009,76.06999969,76.33450317,75.88343811,18986000
20-02-2020,76.09999847,76.48200226,75.34100342,75.90750122,75.45895386,21932000
21-02-2020,75.40149689,75.61074829,74.02200317,74.25550079,73.81671906,34634000
24-02-2020,71.30549622,71.84850311,70.56950378,71.07949829,70.65949249,57342000
25-02-2020,71.65000153,71.90699768,69.12000275,69.42250061,69.01228333,49566000
26-02-2020,69.80699921,70.78500366,68.94999695,69.65899658,69.24738312,44048000
27-02-2020,68.10299683,68.58519745,65.85849762,65.90450287,65.51506805,59566000
28-02-2020,63.875,67.05699921,63.54999924,66.96649933,66.57079315,75782000
02-03-2020,67.58049774,69.54350281,66.34075165,69.45549774,69.04508209,48630000
03-03-2020,69.97100067,70.50749969,66.59999847,67.06950378,66.67319489,48046000
04-03-2020,67.96150208,69.40450287,67.15550232,69.3259964,68.91634369,38266000
05-03-2020,67.51000214,67.94550323,65.25499725,65.95200348,65.56229401,51226000
06-03-2020,63.85300064,65.31099701,63.05250168,64.92050171,64.53688049,53212000
09-03-2020,60.26499939,62.73799896,60,60.77799988,60.41886139,67308000
10-03-2020,63,64.05750275,60.93849945,64.01950073,63.64120865,52228000
11-03-2020,62.48500061,63.04800034,59.80350113,60.77050018,60.41140747,52170000
12-03-2020,56.29999924,59.69350052,55.66500092,55.74549866,55.41609573,84534000
13-03-2020,58.95000076,60.98799896,55.85715103,60.98649979,60.62612915,74002000
16-03-2020,54.79999924,57.61334991,53.72200012,54.21649933,53.89613342,85048000
17-03-2020,54.6554985,56.54299927,52.80049896,55.99000168,55.6591568,77230000
18-03-2020,52.82550049,55.32500076,51.86399841,54.84000015,54.51594543,84668000
19-03-2020,54.65250015,57.89849854,53.00540161,55.76449966,55.43498611,73022000
20-03-2020,56.7859993,57.19950104,53.2745018,53.61600113,53.29918289,72036000
23-03-2020,53.06600189,53.56600189,50.67679977,52.83100128,52.51882172,80882000
24-03-2020,55.18849945,56.75,54.53099823,56.72299957,56.3878212,66890000
25-03-2020,56.32350159,57.44499969,54.30049896,55.12450027,54.7987709,81630000
26-03-2020,55.59000015,58.49850082,54.67649841,58.08750153,57.7442627,71434000
27-03-2020,56.28350067,57.53350067,55.29550171,55.53549957,55.20733643,64170000
30-03-2020,56.2519989,57.58150101,54.82400131,57.3409996,57.00217438,51482000
31-03-2020,57.36500168,58.76549911,56.9070015,58.14049911,57.79693985,49728000
01-04-2020,56.09999847,56.48450089,54.87250137,55.28099823,54.95434189,46884000
02-04-2020,54.9129982,56.3429985,54.81999969,56.04199982,55.71084976,39298000
03-04-2020,55.95074844,56.17699814,53.9905014,54.89400101,54.56962967,46268000
06-04-2020,56.90000153,59.73300171,56.54700089,59.34600067,58.99532318,53294000
07-04-2020,61.04999924,61.25,59.11149979,59.32550049,58.97494125,47746000
08-04-2020,60.32500076,60.95349884,59.40800095,60.51399994,60.15642166,39502000
09-04-2020,61.20399857,61.2784996,59.83675003,60.57249832,60.21457291,43508000
13-04-2020,60.45899963,61.02550125,59.37990189,60.87799835,60.5182724,34796000
14-04-2020,62.25450134,64.10350037,61.8465004,63.46149826,63.08650208,49408000
15-04-2020,62.2804985,64.02300262,62.02000046,63.12350082,62.75049973,33434000
16-04-2020,63.70500183,63.95000076,62.13100052,63.17350006,62.80020523,50362000
17-04-2020,64.24250031,64.72149658,63.56150055,64.16249847,63.78335571,38980000
20-04-2020,63.54999924,64.08000183,63.06850052,63.33050156,62.95628357,33910000
21-04-2020,62.34999847,62.71350098,60.48550034,60.81700134,60.45763397,43060000
22-04-2020,62.27700043,64.28064728,62.09999847,63.16049957,62.78727722,41848000
23-04-2020,63.57749939,64.66549683,63.28350067,63.81549835,63.4384079,31324000
24-04-2020,63.05849838,64.01999664,62.47249985,63.96549988,63.58752441,32792000
27-04-2020,64.80000305,64.80750275,63.45000076,63.79399872,63.41703796,32012000
28-04-2020,64.39649963,64.40249634,61.61000061,61.68349838,61.31900787,59026000
29-04-2020,67.07299805,67.99949646,66.26699829,67.0739975,66.67765045,75872000
30-04-2020,66.2440033,67.64099884,66.12449646,67.43299866,67.03453827,53378000
01-05-2020,66.42500305,67.60350037,65.55000305,66.03050232,65.64031982,41450000
04-05-2020,65.41149902,66.38300323,64.94999695,66.33999634,65.94799805,30080000
05-05-2020,66.89600372,68.6969986,66.8730011,67.55549622,67.15631104,33030000
06-05-2020,68.08450317,68.55599976,67.36450195,67.36499786,66.9669342,24308000
07-05-2020,68.29699707,68.87999725,67.7634964,68.62799835,68.22247314,27952000
08-05-2020,69.15650177,69.93800354,68.77400208,69.41850281,69.00830841,27738000
11-05-2020,68.91400146,70.82649994,68.85759735,70.16300201,69.74840546,28242000
12-05-2020,70.35600281,70.75,68.7385025,68.78700256,68.38053894,27812000
13-05-2020,68.85250092,69.27410126,66.41999817,67.46649933,67.06784821,36252000
14-05-2020,66.75099945,67.8710022,66.19550323,67.8065033,67.40583038,32062000
15-05-2020,67.5,68.72399902,66.94999695,68.65950012,68.25379181,34154000
18-05-2020,68.08750153,69.61624908,67.71250153,69.1969986,68.78810883,36448000
19-05-2020,69.34985352,69.59999847,68.67424774,68.67424774,68.26844025,25612000
20-05-2020,69.47899628,70.52100372,69.36250305,70.33599854,69.92037964,33108000
21-05-2020,70.40000153,70.77449799,69.67250061,70.13999939,69.72554779,27700000
22-05-2020,69.83550262,70.63800049,69.59149933,70.52100372,70.10430145,26188000
26-05-2020,71.8635025,72.05000305,70.60649872,70.85099792,70.43234253,41212000
27-05-2020,70.86250305,71.08699799,69.5644989,70.89199829,70.47309875,33716000
28-05-2020,69.84300232,72.04199982,69.80000305,70.83650208,70.4179306,33844000
29-05-2020,70.84700012,71.62850189,70.66750336,71.44599915,71.02381897,36418000
01-06-2020,70.91950226,71.89800262,70.90000153,71.59100342,71.16796875,24342000
02-06-2020,71.52749634,71.98049927,70.9414978,71.96099854,71.53578186,25562000
03-06-2020,71.91500092,72.32759857,71.48885345,71.81900024,71.39463043,25124000
04-06-2020,71.51999664,71.94799805,70.2365036,70.60900116,70.19177246,29686000
05-06-2020,70.65850067,72.25250244,70.30000305,71.91950226,71.49452972,34698000
08-06-2020,71.11699677,72.39949799,71.11699677,72.33049774,71.90309906,28084000
09-06-2020,72.26799774,73.40000153,72.16049957,72.80799866,72.37776947,28184000
10-06-2020,72.97699738,73.71295166,72.81349945,73.29250336,72.85942078,30504000
11-06-2020,72.12400055,72.72374725,70.09999847,70.19200134,69.77724457,39826000
12-06-2020,71.42449951,71.84999847,69.3010025,70.65899658,70.24146271,38928000
15-06-2020,69.54000092,71.23999786,69.39600372,70.99250031,70.57301331,30078000
16-06-2020,72.26100159,72.75099945,71.29499817,72.13600159,71.70975494,34184000
17-06-2020,72.35800171,73,71.56900024,72.55599976,72.12726593,30992000
18-06-2020,72.45800018,72.57050323,71.35050201,71.79799652,71.37374115,31638000
19-06-2020,72.19999695,72.38999939,71.06749725,71.58599854,71.16299438,63158000
22-06-2020,71.44999695,72.63749695,71.16049957,72.59300232,72.16404724,30848000
23-06-2020,72.78199768,73.79705048,72.26200104,73.22049713,72.78783417,28596000
24-06-2020,73.07550049,73.77100372,71.48750305,71.59850311,71.17542267,35120000
25-06-2020,71.49500275,72.14499664,71,72.0664978,71.64065552,24610000
26-06-2020,71.56950378,71.67250061,67.59950256,67.99500275,67.59321594,85354000
29-06-2020,67.90899658,69.77999878,67.35050201,69.74849701,69.33635712,36204000
30-06-2020,69.52200317,70.93250275,69.19799805,70.68049622,70.26284027,40848000
01-07-2020,70.55500031,72.15000153,70.49099731,71.90200043,71.47712708,35504000
02-07-2020,72.34700012,74.14749908,72.32099915,73.23500061,72.80225372,37182000
06-07-2020,74.00299835,75.32949829,73.64299774,74.78500366,74.34309387,31280000
07-07-2020,74.5,75.83999634,74.17749786,74.25900269,73.82020569,29164000
08-07-2020,74.71600342,75.29399872,74.28150177,74.80000305,74.35800934,24994000
09-07-2020,75.32250214,76.13600159,74.4042511,75.54949951,75.10308075,28466000
10-07-2020,75.30750275,77.1914978,74.82700348,77.08699799,76.63149261,37126000
13-07-2020,77.5,78.8565979,75.26215363,75.56700134,75.12047577,36928000
14-07-2020,74.51550293,76.14749908,74.17500305,76.02899933,75.5797348,31700000
15-07-2020,76.15650177,76.76650238,74.90000153,75.68199921,75.23480225,32214000
16-07-2020,75,75.93450165,74.31549835,75.90000153,75.45149994,30386000
17-07-2020,76.08100128,76.17199707,74.92099762,75.77749634,75.32972717,29134000
20-07-2020,75.76300049,78.51450348,75.18000031,78.28600311,77.82341766,31146000
21-07-2020,79.34950256,79.34950256,77.71399689,77.92099762,77.46055603,24324000
22-07-2020,78.02500153,78.5,77.30500031,78.42449951,77.96108246,18640000
23-07-2020,78.34850311,78.59349823,75.36959839,75.78399658,75.3361969,32552000
24-07-2020,74.94650269,75.88179779,74.41999817,75.59349823,75.14682007,30880000
27-07-2020,75.77999878,77.04850006,75.76049805,76.51000214,76.05789948,24920000
28-07-2020,76.25900269,76.3239975,74.88300323,75.01699829,74.57372284,34044000
29-07-2020,75.31600189,76.56259918,75.0664978,76.10099792,75.65132141,22130000
30-07-2020,74.84999847,76.89350128,74.61100006,76.57250214,76.12003326,33428000
31-07-2020,75.25050354,75.44750214,72.70149994,74.14800262,73.70986176,68798000
03-08-2020,74.33200073,74.52349854,73.28199768,73.72250366,73.28687286,46604000
04-08-2020,73.82849884,74.27799988,72.93250275,73.24849701,72.81567383,38070000
05-08-2020,73.46499634,74.12049866,73.17299652,73.68049622,73.24510956,39590000
06-08-2020,73.58750153,75.11949921,73.30000305,75.00499725,74.56179047,39908000
07-08-2020,75,75.84224701,74.08200073,74.72450256,74.28294373,31556000
10-08-2020,74.35900116,75.20375061,73.65399933,74.80500031,74.36297607,25786000
11-08-2020,74.62200165,75.5,73.90000153,74.01599884,73.57862854,29088000
12-08-2020,74.27899933,75.61930084,74.26249695,75.33100128,74.88586426,28740000
13-08-2020,75.51699829,76.86250305,75.4002533,75.92250061,75.47386932,29104000
14-08-2020,75.78299713,76.09500122,75.14399719,75.3864975,74.94104004,27096000
17-08-2020,75.73349762,76.28050232,75.39849854,75.89900208,75.45051575,27566000
18-08-2020,76.30899811,78.12349701,76.1855011,77.93000031,77.46951294,40542000
19-08-2020,77.66549683,78.68399811,77.19750214,77.37650299,76.91928101,33212000
20-08-2020,77.17250061,79.29350281,76.91000366,79.08750153,78.62017822,34138000
21-08-2020,78.85150146,79.88600159,78.4002533,79.02100372,78.55406952,28930000
24-08-2020,79.6989975,80.70850372,79.02850342,79.41000366,78.94077301,28198000
25-08-2020,79.10350037,80.58100128,79.10350037,80.41100311,79.93585968,44942000
26-08-2020,80.40000153,82.96099854,80.18000031,82.6190033,82.13080597,79868000
27-08-2020,82.68399811,82.75,81.28749847,81.71649933,81.23363495,37232000
28-08-2020,81.67449951,82.35849762,81.53749847,82.22049713,81.73464966,29980000
31-08-2020,82.39450073,82.39824677,81.51550293,81.70899963,81.2261734,36468000
01-09-2020,81.83149719,83.28649902,81.61100006,83.03549957,82.54484558,36506000
02-09-2020,83.68875122,86.65899658,83.3164978,86.41400146,85.90338135,50224000
03-09-2020,85.48570251,85.48570251,80.75299835,82.09200287,81.60691833,62156000
04-09-2020,81.21299744,82.25550079,77.38065338,79.55200195,79.0819397,52172000
08-09-2020,76.67549896,78.19325256,76.40049744,76.61949921,76.16674805,52218000
09-09-2020,77.87650299,78.44999695,76.80255127,77.84799957,77.38799286,35494000
10-09-2020,78.03199768,79.20404816,76.29025269,76.60099792,76.14836121,32372000
11-09-2020,76.80000305,78.76000214,74.86799622,76.03600311,75.58670044,31942000
14-09-2020,76.95024872,78.19999695,75.78700256,75.96399689,75.51512146,33932000
15-09-2020,76.80000305,77.97850037,76.5917511,77.0719986,76.61656952,26622000
16-09-2020,77.77700043,78.09999847,75.99099731,76.04499817,75.59564972,26234000
17-09-2020,74.80000305,75.41490173,73.5,74.77649689,74.33463287,37596000
18-09-2020,74.90049744,75.15014648,71.85649872,72.99949646,72.56813812,62078000
21-09-2020,72.00299835,72.41799927,70.32749939,71.55799866,71.13516235,57776000
22-09-2020,72.50450134,73.47599792,71.72650146,73.27300262,72.84003448,31664000
23-09-2020,72.93900299,73.04799652,70.38500214,70.76049805,70.34236908,33148000
24-09-2020,70.55149841,72.18544769,70.49250031,71.41449738,70.99250031,29004000
25-09-2020,71.63150024,72.5,70.66699982,72.2480011,71.82108307,26460000
28-09-2020,73.71050262,73.83999634,72.46504974,73.22599792,72.79330444,40158000
29-09-2020,73.51950073,73.83315277,72.94024658,73.46649933,73.03237915,19564000
30-09-2020,73.33999634,74.48750305,72.9940033,73.48000336,73.04580688,34032000
01-10-2020,74.21350098,74.95200348,73.96050262,74.50450134,74.06425476,35590000
02-10-2020,73.10150146,74.16000366,72.54599762,72.92099762,72.49010468,25682000
05-10-2020,73.3105011,74.41049957,73.21350098,74.3010025,73.86195374,22266000
06-10-2020,73.77899933,74.33799744,72.42949677,72.67199707,72.2425766,24908000
07-10-2020,73.21450043,73.44799805,71.80000305,73.01450348,72.58305359,34924000
08-10-2020,73.25450134,74.5,73.25450134,74.29650116,73.85748291,23756000
09-10-2020,74.73500061,75.8259964,74.47250366,75.76100159,75.31332397,28706000
12-10-2020,77.15000153,79.69300079,76.62850189,78.45749664,77.99388123,49652000
13-10-2020,79.18650055,79.5,78.16000366,78.58399963,78.11964417,32020000
14-10-2020,78.92949677,79.38420105,77.52649689,78.40399933,77.94069672,38586000
15-10-2020,77.35749817,78.75524902,77.25150299,77.95649719,77.49584961,30800000
16-10-2020,78.29250336,79.0565033,78.15000153,78.65049744,78.1857605,28694000
19-10-2020,79.02300262,79.40750122,76.40000153,76.73049927,76.27709961,32142000
20-10-2020,76.35250092,78.875,76.28350067,77.79650116,77.33679962,44834000
21-10-2020,78.66649628,80.93650055,78.58149719,79.66549683,79.19475555,51366000
22-10-2020,79.65249634,81.09950256,79.25,80.76650238,80.28925323,28672000
23-10-2020,81.30349731,82.11799622,81.02549744,82.05000305,81.56517029,27516000
26-10-2020,81.25050354,81.91200256,78.82499695,79.52249908,79.05259705,37066000
27-10-2020,79.78350067,80.34224701,79.13899994,80.21299744,79.7390213,24580000
28-10-2020,77.98699951,78.06749725,75.73100281,75.83100128,75.38291931,36680000
29-10-2020,76.11799622,79.6855011,76.11199951,78.36199951,77.89894867,40062000
30-10-2020,83.60549927,84.34999847,80.22299957,81.05049896,80.57157135,86582000
02-11-2020,81.40799713,83.03849792,80.80149841,81.30149841,80.8210907,50708000
03-11-2020,81.58899689,83.08499908,80.83100128,82.51049805,82.02293396,33234000
04-11-2020,85.51399994,88.56825256,85.30149841,87.45649719,86.93971252,71418000
05-11-2020,89.05000305,89.68199921,87.52549744,88.16850281,87.64751434,41316000
06-11-2020,87.69750214,88.62149811,87.01750183,88.08750153,87.56699371,33218000
09-11-2020,89.54499817,90.90299988,88.00099945,88.15000153,87.6291275,45366000
10-11-2020,86.55449677,88.15000153,85.86499786,87.01950073,86.50530243,52722000
11-11-2020,87.5,88.21099854,87.36824799,87.63549805,87.11765289,25280000
12-11-2020,87.38150024,88.41349792,87.27999878,87.49199677,86.9750061,24950000
13-11-2020,87.88150024,89.05200195,87.22750092,88.85099792,88.32597351,29998000
16-11-2020,88.58499908,89.95349884,88.3844986,89.06900024,88.54268646,24936000
17-11-2020,88.84700012,89.25,88.34999847,88.50749969,87.98451233,22942000
18-11-2020,88.2614975,88.67350006,87.30699921,87.33899689,86.82289886,23470000
19-11-2020,86.91899872,88.47949982,86.85025024,88.19599915,87.67485046,24998000
20-11-2020,88.26049805,88.69999695,87.09300232,87.10949707,86.59476471,46270000
23-11-2020,87.48000336,87.69499969,85.88600159,86.74299622,86.2304306,43232000
24-11-2020,86.52500153,88.58000183,86.3844986,88.44400024,87.92137909,31560000
25-11-2020,88.64450073,88.92700195,87.82700348,88.57150269,88.04811859,20916000
27-11-2020,88.65450287,90.19999695,88.62200165,89.65950012,89.12969971,17698000
30-11-2020,89.05919647,89.40325165,87.75,88.03700256,87.5167923,36476000
01-12-2020,88.71849823,91.24150085,88.46849823,89.90499878,89.37374878,34738000
02-12-2020,89.90499878,91.78250122,89.47364807,91.39749908,90.8574295,24440000
03-12-2020,91.20050049,92.36000061,91.13249969,91.33850098,90.79877472,24546000
04-12-2020,91.22599792,91.65799713,90.84950256,91.39949799,90.85941315,27564000
07-12-2020,90.94999695,91.61849976,90.28900146,90.97399902,90.43642426,26418000
08-12-2020,90.50499725,91.09500122,89.81024933,90.92749786,90.39020538,21926000
09-12-2020,90.60050201,91.71350098,88.39050293,89.20649719,88.67937469,30152000
10-12-2020,88.48999786,89.06549835,87.01599884,88.76650238,88.24197388,27256000
11-12-2020,88.15299988,89.22250366,88,89.08850098,88.56207275,24414000
14-12-2020,88.75,89.86949921,87.86074829,88.00299835,87.48298645,32004000
15-12-2020,88.22100067,88.57099915,87.49749756,88.3884964,87.86620331,29646000
16-12-2020,88.64399719,88.65000153,87.80400085,88.15000153,87.6291275,30270000
17-12-2020,88.42549896,88.58920288,86.93299866,87.39499664,86.87857819,32494000
18-12-2020,87.70899963,87.75550079,86.01100159,86.55049896,86.03907013,80328000
21-12-2020,85.67549896,87.04250336,84.94999695,86.96849823,86.45459747,36568000
22-12-2020,86.72149658,86.87024689,85.62875366,86.17500305,85.665802,18734000
23-12-2020,86.40550232,87.39949799,86.2519989,86.6190033,86.1071701,20676000
24-12-2020,86.75,87.30000305,86.45549774,86.94249725,86.42874908,6936000
28-12-2020,87.58174896,89.53639984,87.31674957,88.80449677,88.27975464,27860000
29-12-2020,89.38950348,89.62200165,87.80449677,87.93599701,87.41638184,25988000
30-12-2020,88.10050201,88.25475311,86.27999878,86.97599792,86.46205902,26122000
31-12-2020,86.77100372,87.94650269,86.77100372,87.59400177,87.07640839,20238000
04-01-2021,87.8769989,88.03250122,85.39250183,86.41200256,85.90138245,38038000
05-01-2021,86.25,87.38349915,85.90074921,87.04599762,86.5316391,22906000
06-01-2021,85.13150024,87.40000153,84.94999695,86.76450348,86.25180817,52042000
07-01-2021,87.00299835,89.41999817,86.85250092,89.36250305,88.8344574,45300000
08-01-2021,89.39900208,90.49199677,88.67675018,90.36049652,89.82655334,41012000
11-01-2021,89.30349731,89.71575165,88.02600098,88.33599854,87.81401825,24194000
12-01-2021,87.69599915,88.90200043,86.26550293,87.32749939,86.81147003,27140000
13-01-2021,86.92900085,88.25174713,86.90049744,87.72000122,87.20166016,21882000
14-01-2021,87.68099976,88.75050354,86.66999817,87.00900269,86.49485779,23590000
15-01-2021,86.90950012,87.80000305,86.07749939,86.80950165,86.29654694,26844000
19-01-2021,87.61250305,90.46375275,87.07299805,89.54299927,89.01389313,34692000
20-01-2021,91.57299805,95.1855011,91.27649689,94.34500122,93.78751373,49806000
21-01-2021,94.90000153,96.74299622,94.35549927,94.5625,94.00373077,41278000
22-01-2021,94.78399658,95.54750061,94.08799744,95.05249786,94.49082947,25442000
25-01-2021,96.03350067,96.47899628,93.37650299,94.97000122,94.40882111,38546000
26-01-2021,94.44200134,96.25,94.21224976,95.86199951,95.29555511,26262000
27-01-2021,94.12650299,94.5,90.44999695,91.53949738,90.99858856,54966000
28-01-2021,92.1969986,94.9414978,92.13200378,93.15550232,92.6050415,35462000
29-01-2021,92.3085022,92.86399841,90.51000214,91.78700256,91.24462891,32252000
01-02-2021,92.67849731,96.11959839,92.54650116,95.06749725,94.5057373,32044000
02-02-2021,96.12799835,97.78800201,95.72450256,96.37550354,95.80601501,45474000
03-02-2021,103.6500015,105.8249969,100.9189987,103.5035019,102.8918915,82364000
04-02-2021,103.4445038,103.9274979,102.1295013,103.1184998,102.5091705,37046000
05-02-2021,103.5,105.1255035,102.9664993,104.9000015,104.2801514,30702000
08-02-2021,105.2955017,106.1773529,103.5999985,104.6455002,104.0271454,24838000
09-02-2021,103.927002,105.2565002,103.927002,104.175499,103.5599213,17798000
10-02-2021,104.7105026,105.4185028,103.1545029,104.7689972,104.1499176,22710000
11-02-2021,104.975502,105.1015015,103.8659973,104.7945023,104.1752701,18914000
12-02-2021,104.5124969,105.4410019,104.1565018,105.2054977,104.5838318,17114000
16-02-2021,105.2180023,107.6340027,105.2180023,106.0950012,105.4680786,22676000
17-02-2021,105,106.6829987,104.9459991,106.4154968,105.7866898,21418000
18-02-2021,105.5195007,106.6367493,105.1855011,105.8600006,105.2344742,22432000
19-02-2021,105.963501,106.5264969,104.8704987,105.0569992,104.436203,29148000
22-02-2021,103.3499985,104.5709991,103.1070023,103.2440033,102.633934,27350000
23-02-2021,101.2505035,104.100502,100.1009979,103.5429993,102.93116,33348000
24-02-2021,102.0914993,105.0390015,101.9065018,104.7584991,104.139473,24966000
25-02-2021,103.3724976,104.7440033,101.0644989,101.5680008,100.9678345,36568000
26-02-2021,102.526001,103.550499,100.8030014,101.8430023,101.2412033,41670000
01-03-2021,102.8259964,104.3259964,102.3050003,104.0755005,103.4605103,28090000
02-03-2021,103.8095016,105.2184982,103.5630035,103.7919998,103.1786804,22692000
03-03-2021,103.3604965,104.4259033,100.5,101.3355026,100.7367096,29684000
04-03-2021,101.1685028,104.461998,101.0134964,102.4544983,101.8490906,42360000
05-03-2021,103.6559982,105.9055023,102.3207474,105.427002,104.8040314,43904000
08-03-2021,105.0565033,106.4404984,101.0804977,101.2085037,100.6104507,32948000
09-03-2021,103.5,103.9020004,102.3915024,102.6350021,102.0285187,33946000
10-03-2021,103.5879974,103.75,101.6685028,102.751503,102.1443405,25372000
11-03-2021,103.7030029,106.2850037,103.6190033,105.7385025,105.1136932,24782000
12-03-2021,104.25,104.5130005,102.3775024,103.0960007,102.4868088,34516000
15-03-2021,103.1149979,103.3529968,102.175499,103.324501,102.7139511,25962000
16-03-2021,103.949501,106.1780014,103.5,104.6259995,104.0077591,29832000
17-03-2021,103.8014984,105.4889984,102.6999969,104.5540009,103.9361877,25980000
18-03-2021,103.0500031,103.7750015,101.6774979,101.810997,101.2093964,27228000
19-03-2021,102.1025009,102.6549988,100.8840027,102.1600037,101.5563431,46298000
22-03-2021,102.0920029,102.899498,101.3034973,101.9294968,101.3271866,39096000
23-03-2021,102.5849991,103.615097,101.9609985,102.6480026,102.0414429,27340000
24-03-2021,103.2685013,103.9104996,102.0777512,102.2529984,101.6487885,23080000
25-03-2021,102.2405014,102.9434967,100.536499,102.2180023,101.6139908,28378000
26-03-2021,101.9430008,102.5494995,100.7009964,101.7774963,101.1760941,29870000
29-03-2021,101.3939972,102.9215012,100.7809982,102.7975006,102.1900635,24596000
30-03-2021,102.8815002,103.5390015,102.2014999,102.7770004,102.1696777,20732000
31-03-2021,102.9560013,104.6663513,102.8372498,103.4315033,102.8203278,29198000
01-04-2021,104.8974991,107.1470032,104.8444977,106.8874969,106.2558899,33980000
05-04-2021,107.6470032,111.8655014,107.5810013,111.2774963,110.619957,43298000
06-04-2021,111.125,111.8830032,110.7399979,111.2375031,110.5802002,27060000
07-04-2021,111.3065033,112.75,111.2665024,112.4840012,111.8193359,25798000
08-04-2021,113.8980026,114.2002487,112.8840027,113.2720032,112.6026764,27166000
09-04-2021,112.8349991,114.4520035,112.6856995,114.2939987,113.6186371,20888000
12-04-2021,113.3125,113.7659988,111.9232483,112.739502,112.0733261,31318000
13-04-2021,113.0735016,113.8604965,112.8044968,113.3635025,112.693634,23310000
14-04-2021,113.7580032,113.899498,112.4595032,112.7419968,112.0757904,20220000
15-04-2021,113.848999,115.3298492,113.3000031,114.8330002,114.1544495,27472000
16-04-2021,115.1500015,115.3219986,114.2225037,114.8880005,114.2091217,22596000
19-04-2021,114.598999,115.9225006,114.3922501,115.1200027,114.4397583,24688000
20-04-2021,115.3945007,115.4800034,113.5855026,114.6815033,114.0038528,21774000
21-04-2021,114.2624969,114.7659988,112.9284973,114.6644974,113.9869385,23930000
22-04-2021,114.661499,115.1881027,112.8225021,113.3960037,112.7259445,21096000
23-04-2021,114.1735001,116.2910004,113.9104996,115.7649994,115.0809326,28670000
26-04-2021,115.9964981,117.0630035,115.6920013,116.336998,115.649559,20834000
27-04-2021,116.8000031,116.8724976,115.213501,115.3560028,114.6743698,31972000
28-04-2021,120.3572464,122.6188965,118.7425003,118.9954987,118.2923508,59728000
29-04-2021,120.5165024,121.8259964,120.1139984,121.4944992,120.7765884,39554000
30-04-2021,120.2245026,121.3570023,120.1080017,120.5059967,119.7939224,39142000
03-05-2021,120.1360016,120.9850006,119.2249985,119.7584991,119.0508423,33788000
04-05-2021,118.4869995,118.9629974,115.5849991,117.7125015,117.0169373,35120000
05-05-2021,118.4209976,119.1100006,117.5705032,117.836998,117.1406937,21806000
06-05-2021,117.5319977,119.135498,117.1168976,119.0674973,118.3639221,20618000
07-05-2021,120,120.8205032,119.5,119.9345016,119.2258072,23272000
10-05-2021,118.7444992,118.9000015,116.7365036,117.0830002,116.3911514,26006000
11-05-2021,114.5930023,116.0999985,114.1500015,115.4380035,114.7558823,32110000
12-05-2021,113.0855026,114.2685013,111.5025024,111.9540024,111.2924652,34934000
13-05-2021,113.0544968,113.8300476,112.1360016,113.0985031,112.4301987,26670000
14-05-2021,114.5914993,116.0569992,114.1660004,115.8079987,115.1236954,26624000
17-05-2021,115.4660034,116.1669998,114.75,116.0705032,115.3846436,19842000
18-05-2021,116.8452988,117.1575012,115.1579971,115.1715012,114.4909439,17302000
19-05-2021,113.2200012,115.8379974,113.1760025,115.4355011,114.7533875,19350000
20-05-2021,116.4020004,118.0169983,116.0544968,117.8044968,117.1083832,23832000
21-05-2021,118.2994995,118.4499969,117.1184998,117.2549973,116.5621338,22832000
24-05-2021,118.3499985,120.9240036,118.0055008,120.3335037,119.6224442,21244000
25-05-2021,121,121.6445007,120.149498,120.4534988,119.7417297,18838000
26-05-2021,120.6417465,122.1472015,120.6257477,121.6764984,120.9575119,21856000
27-05-2021,121.8470001,122,120.0999985,120.1255035,119.4156799,38962000
28-05-2021,121.0979996,121.4069977,120.3844986,120.5780029,119.865509,24108000
01-06-2021,121.0999985,121.8985519,120.2440033,121.4905014,120.7726059,19166000
02-06-2021,121.7655029,122.0999985,120.2099991,121.064003,120.3486252,17158000
03-06-2021,119.7509995,120.4872513,119.1415024,120.2304993,119.5200577,18346000
04-06-2021,121.1259995,122.6929474,120.8884964,122.5879974,121.8636246,25948000
07-06-2021,122.5660019,123.4000015,122.0536499,123.3044968,122.5758896,23850000
08-06-2021,123.9950027,124.7247467,123.4120026,124.1425018,123.4089355,25060000
09-06-2021,124.9749985,125.25,124.3665009,124.5699997,123.8339157,20126000
10-06-2021,124.7005005,126.163002,124.6999969,126.0800018,125.3349915,31234000
11-06-2021,126.2460022,126.3495026,124.9144974,125.6965027,124.9537506,25240000
14-06-2021,125.6695023,126.411499,125.0469971,126.3519974,125.6053848,22550000
15-06-2021,126.5220032,126.8619995,125.6484985,126.0329971,125.288269,22182000
16-06-2021,126.2474976,126.5234985,124.1499481,125.6965027,124.9537506,26316000
17-06-2021,125.5230026,127.1965027,125.5149994,126.3710022,125.6242752,25756000
18-06-2021,125.7054977,126.3889999,124.6029968,125.5674973,124.8255081,53306000
21-06-2021,125.7399979,127.0367508,125.1342468,126.4550018,125.7077713,26256000
22-06-2021,126.4499969,127.2699966,126.0264969,126.9994965,126.249054,20984000
23-06-2021,126.5500031,127.7959976,126.2519989,126.4615021,125.7142334,19694000
24-06-2021,127.0534973,127.5354996,126.9599991,127.2819977,126.5298843,18934000
25-06-2021,126.9570007,127.5049973,126.4440002,126.9950027,126.2445755,33484000
28-06-2021,127,127.336998,125.9738007,126.8195038,126.0701218,28110000
29-06-2021,126.7724991,127,125.4369965,126.0185013,125.2738571,20950000
30-06-2021,125.6535492,125.8000031,124.7574997,125.3160019,124.5755081,24006000
01-07-2021,124.8497467,126.4625015,124.8497467,126.3684998,125.6217804,17120000
02-07-2021,126.8395004,128.8480072,126.7689972,128.7189941,127.9583817,21160000
06-07-2021,129.4494934,129.8845062,128.4089966,129.7709961,129.0041809,21350000
07-07-2021,130.3410034,130.6398926,129.7599945,130.0774994,129.3088684,16680000
08-07-2021,128.25,130.0325012,128.0399933,129.177002,128.413681,19780000
09-07-2021,128.9445038,129.8495026,128.9434967,129.5744934,128.8088379,15106000
12-07-2021,129.8334961,130.7700043,129.6000061,130.5639954,129.7924805,16944000
13-07-2021,130.8815002,132.0420074,130.6369934,130.9945068,130.2204437,16618000
14-07-2021,131.9015045,132.9960022,131.897995,132.0825043,131.3020325,17912000
15-07-2021,132.5,132.5950012,130.5980072,131.2664948,130.4908295,16586000
16-07-2021,131.6410065,132.1829987,130.8215027,131.8455048,131.0664063,14856000
19-07-2021,131.1555023,131.246994,128.5370026,129.2539978,128.4902344,25710000
20-07-2021,130.0039978,132.0013428,129.1884003,131.1015015,130.3268127,19084000
21-07-2021,130.7870026,132.6172485,130.6015015,132.6004944,131.8169403,14742000
22-07-2021,132.6499939,133.5045013,132.3999939,133.3285065,132.5406799,13608000
23-07-2021,135.2599945,138.8085022,134.7005005,137.8159943,137.0016479,26378000
26-07-2021,138.25,139.7129974,137.651001,139.6445007,138.8193512,23052000
27-07-2021,140.0110016,140.0110016,135.1000061,136.7964935,135.9881439,42164000
28-07-2021,138.5619965,139.6759949,136.3500061,136.3815002,135.5756226,54688000
29-07-2021,136.3806,137.1515045,136.1380005,136.5404968,135.7336578,19284000
30-07-2021,135.5110016,135.771347,134.8141937,135.220993,134.4219666,23954000
02-08-2021,135.4844971,136.0204926,134.6694946,135.989502,135.1859283,20140000
03-08-2021,136,136.335495,134.1835022,136.2799988,135.4747314,19064000
04-08-2021,136.2494965,136.5379944,135.4149933,136.0285034,135.2246857,16528000
05-08-2021,136.0285034,136.9499969,135.6000061,136.9400024,136.1308441,11866000
06-08-2021,136.2949982,137.0800476,136.0464935,137.0359955,136.2262573,13560000
09-08-2021,136.9490051,138.3215027,136.4287567,138.0019989,137.186554,12374000
10-08-2021,138.0794983,138.5514984,137.2265015,138.0964966,137.2804871,16034000
11-08-2021,138.2830048,138.8477478,137.3500061,137.6894989,136.875885,15204000
12-08-2021,137.7129974,138.4179993,136.779007,138.3894958,137.5717621,14646000
13-08-2021,138.3574982,138.673996,138.0050049,138.4060059,137.5881653,12580000
16-08-2021,138,138.9904938,136.1657562,138.9160004,138.0951538,18040000
17-08-2021,138.1909943,138.7185059,136.7875061,137.3005066,136.4891968,21272000
18-08-2021,137.1154938,138.2940063,136.4210052,136.5700073,135.7630157,14934000
19-08-2021,135.4674988,137.4519958,135.3560028,136.9134979,136.1044769,18296000
20-08-2021,137.0829926,138.614502,136.4669952,138.4369965,137.6189575,15564000
23-08-2021,138.9985046,142.177002,138.7479553,141.0995026,140.2657318,21090000
24-08-2021,141.5435028,143.0075073,141.3535004,142.3984985,141.5570526,15126000
25-08-2021,142.8829956,143.3130035,142.4394989,142.9499969,142.1053009,12838000
26-08-2021,142.6184998,143.1347961,142.091507,142.1230011,141.2832031,14922000
27-08-2021,142.1125031,145.0110016,142.0200043,144.5505066,143.6963501,24562000
30-08-2021,144.7044983,146.489502,144.6000061,145.4694977,144.6099243,16916000
31-08-2021,145.8845062,146.1119995,145,145.4620056,144.6024628,26756000
01-09-2021,145.6499939,146.8204956,145.614502,145.8419952,144.9802094,15824000
02-09-2021,145.9494934,146.3249969,144.1065063,144.2189941,143.3668213,21844000
03-09-2021,144.1459961,145.3769989,143.5050049,144.7749939,143.9195251,19104000
07-09-2021,144.7494965,145.8240051,144.5410004,145.5189972,144.6591339,15170000
08-09-2021,145.3934937,145.5509949,144.1999969,144.8834991,144.0273743,15486000
09-09-2021,144.8834991,145.6694946,144.4340057,144.9134979,144.0571899,14798000
10-09-2021,145.4434967,146.0189972,141.7415009,141.9210052,141.0823975,32896000
13-09-2021,143.201004,144.1909943,142.2825012,143.4649963,142.6172485,20176000
14-09-2021,144.1609955,144.7274933,142.9055023,143.4060059,142.5586243,18916000
15-09-2021,143.7590027,145.5814972,142.2559967,145.2059937,144.3479614,20648000
16-09-2021,145.1210022,145.1999969,143.4163513,144.3735046,143.5203857,20292000
17-09-2021,143.7984924,144.2494965,141.0614929,141.463501,140.627594,60040000
20-09-2021,139.0001984,139.3625031,137.0529938,139.0169983,138.1955261,34918000
21-09-2021,140.1170044,140.8115997,138.9055023,139.6464996,138.8213348,18130000
22-09-2021,140.0505066,141.5834961,139.471756,140.9385071,140.1056976,22068000
23-09-2021,141.6094971,142.2524567,141.0964966,141.8265076,140.9884491,17272000
24-09-2021,140.9459991,142.9035034,140.8504944,142.6329956,141.7901764,14950000
27-09-2021,141.585495,142.5,140.5,141.5010071,140.6648865,18844000
28-09-2021,139.088501,139.6065063,135.6999969,136.1840057,135.379303,42190000
29-09-2021,137.1096954,137.3984985,134.25,134.5209961,133.7260895,26338000
30-09-2021,134.3249969,135.5899963,133,133.2655029,132.4780426,35294000
01-10-2021,133.5545044,137.0709991,133.3775024,136.4624939,135.6561279,28388000
04-10-2021,135.6994934,135.6999969,131.1665039,133.7649994,132.9745636,31530000
05-10-2021,134,137.3619995,134,136.177002,135.3723297,24126000
06-10-2021,134.6255035,137.852005,134.486496,137.3540039,136.5423737,19764000
07-10-2021,138.8630066,140.1544495,138.5630035,139.1855011,138.3630676,18250000
08-10-2021,139.9060059,140.3170013,139.4293518,140.0559998,139.2283936,18924000
11-10-2021,139.8000031,140.7636566,138.8065033,138.8475037,138.0270691,16584000
12-10-2021,139.6374969,139.6950073,136.25,136.7129974,135.9051361,22536000
13-10-2021,137.75,138.5500031,136.9765015,137.8999939,137.0851288,16380000
14-10-2021,139.9519958,141.6515045,139.3390045,141.4120026,140.5763855,21426000
15-10-2021,142.1999969,142.1999969,141.0644989,141.6750031,140.8378448,21250000
18-10-2021,141.213501,142.9987488,141.213501,142.960495,142.1157379,16564000
19-10-2021,143.2915039,144.1069946,143.095993,143.8220062,142.9721527,15316000
20-10-2021,144.2225037,144.247757,141.9120026,142.4149933,141.5734711,17940000
21-10-2021,142.1920013,142.8495026,141.6369934,142.7805023,141.9368134,14850000
22-10-2021,140.3509979,141.5585022,137.1705017,138.625,137.8058472,30182000
25-10-2021,138.8105011,139.2057953,136.7485046,138.772995,137.9529572,21082000
26-10-2021,140.6060028,140.8394928,139.0054932,139.6719971,138.8466949,28258000
27-10-2021,139.9024963,149.1179962,139.9024963,146.4275055,145.5622711,51850000
28-10-2021,147.298996,147.4244995,144.763504,146.1289978,145.2655334,32418000
29-10-2021,145.5200043,148.6130066,145.1665039,148.2704926,147.3943634,28954000
01-11-2021,148.1649933,148.3995056,143.5794983,143.7740021,142.9244537,32272000
02-11-2021,144.8094025,146.9205017,144.6410065,145.8630066,145.0010986,21150000
03-11-2021,146.2749939,146.9105072,145.0534973,146.7899933,145.9226227,17886000
04-11-2021,147.1999969,149.9499969,146.6349945,148.6829987,147.8044281,24700000
05-11-2021,149.3535004,150.570755,148.6519928,149.2409973,148.3591309,20408000
08-11-2021,150,151.0345001,149.1199951,149.3515015,148.4689636,18388000
09-11-2021,149.7460022,150.3784943,147.5070038,149.2485046,148.3665924,16876000
10-11-2021,148.0097504,148.6999969,145.3249969,146.6260071,145.7595978,22708000
11-11-2021,147.1069946,148.502243,146.6945038,146.7480011,145.8808746,12464000
12-11-2021,147.8314972,149.8594971,146.4539948,149.6454926,148.7612457,17048000
15-11-2021,150,150.477005,148.6524963,149.3880005,148.5052795,16248000
16-11-2021,149.1705017,149.8325043,148.3500061,149.076004,148.1951294,17254000
17-11-2021,149.2290039,149.6260071,148.5630035,149.0619965,148.1811981,15290000
18-11-2021,149.1459961,151.6100006,148.9985046,150.7089996,149.8184509,26658000
19-11-2021,151,151.8500061,149.8874969,149.9524994,149.0664368,19766000
22-11-2021,150.1417542,150.7445068,147.0054932,147.0785065,146.2093964,24608000
23-11-2021,147.1130066,147.6940002,144.8894958,146.7570038,145.889801,18126000
24-11-2021,146.3500061,147,145.1990051,146.7174988,145.8505402,16464000
26-11-2021,145.0155029,145.2969971,142.4855042,142.8059998,141.9621582,16992000
29-11-2021,144.2984924,146.8619995,144.2984924,146.1139984,145.2506104,26276000
30-11-2021,145.4502563,146.6284943,142.0659943,142.4519958,141.6102448,41590000
01-12-2021,144.2124939,146.4991455,141.5,141.6179962,140.7811737,28476000
02-12-2021,141.8240051,144.6750031,140.9819946,143.7765045,142.9269409,21250000
03-12-2021,144.4954987,145.2129974,141.1499939,142.5204926,141.6783447,26688000
06-12-2021,143.5740051,144.3515015,140.6470032,143.7964935,142.9467926,22198000
07-12-2021,145.9499969,148.3000031,145.7024994,148.036499,147.1617584,23258000
08-12-2021,148.3314972,149.1564941,147.1999969,148.7205048,147.8417053,18964000
09-12-2021,148.1759949,149.6049957,147.529007,148.1060028,147.230835,18580000
10-12-2021,149.1000061,149.3999939,147.3574982,148.6750031,147.7964783,21634000
13-12-2021,148.4440002,148.5625,146.3600006,146.7044983,145.837616,24104000
14-12-2021,144.7700043,145.4420013,142.2424927,144.9705048,144.1138763,24778000
15-12-2021,144.3659973,147.5172424,142.7055054,147.3684998,146.4977112,27280000
16-12-2021,148.0769958,148.5514984,144.0924988,144.838501,143.9826508,27400000
17-12-2021,142.7144928,144.4600983,141.7879944,142.8029938,141.9591522,43404000
20-12-2021,140.6795959,142.6105042,140.25,142.4015045,141.5600586,20264000
21-12-2021,143.1499939,144.6920471,141.7350006,144.2205048,143.3683167,19548000
22-12-2021,144.1000061,147.3029938,143.9629974,146.9490051,146.0806885,18438000
23-12-2021,147.0894928,148.5726013,146.9508514,147.1425018,146.2730408,13818000
27-12-2021,147.463501,148.4264984,147.25,148.0639954,147.1890869,13256000
28-12-2021,148.3744965,148.3744965,145.9355011,146.447998,145.5826416,18624000
29-12-2021,146.4295044,147.1837463,145.5045013,146.5045013,145.6388092,17022000
30-12-2021,146.4499969,147.0625,145.7584991,146.0025024,145.1397705,12978000
31-12-2021,145.5440063,146.3650055,144.6775055,144.6795044,143.8246002,17298000
03-01-2022,144.4754944,145.5500031,143.5025024,145.0744934,144.2172394,25214000
04-01-2022,145.5505066,146.6100006,143.8161469,144.4165039,143.5631409,22928000
05-01-2022,144.1809998,144.2980042,137.5234985,137.6535034,136.8401184,49642000
06-01-2022,137.4974976,139.6860046,136.763504,137.5509949,136.738205,29050000
07-01-2022,137.9049988,138.2547455,135.7890015,137.0045013,136.1949463,19408000
10-01-2022,135.098999,138.6399994,133.1405029,138.5740051,137.7551575,34096000
11-01-2022,138.1804962,140.3294983,136.8135071,140.0175018,139.1901245,23502000
12-01-2022,141.5545044,142.8142548,141.1119995,141.647995,140.8110046,23642000
13-01-2022,141.8404999,143.1855011,138.9140015,139.1309967,138.3088684,26566000
14-01-2022,137.5,141.2005005,137.5,139.786499,138.960495,23826000
18-01-2022,136.6000061,137.3914948,135.6170044,136.2904968,135.4851685,27382000
19-01-2022,136.9385071,138.3995056,135.5,135.6519928,134.8504181,20796000
20-01-2022,136.5140076,137.9120026,133.1445007,133.5065002,132.7176056,21930000
21-01-2022,133.0119934,134.760498,130.0010071,130.0919952,129.3232727,41920000
24-01-2022,126.0274963,130.7785034,124.6419525,130.371994,129.6016235,55148000
25-01-2022,128.4355011,129.338501,126.3779984,126.7354965,125.986618,36008000
26-01-2022,130.5924988,132.8074951,127.1535034,129.2400055,128.4763336,39630000
27-01-2022,131.3609924,132.6099548,128.9450073,129.1210022,128.3580475,30248000
28-01-2022,130,133.3704987,128.6945038,133.289505,132.5018921,30518000
31-01-2022,134.197998,135.8435059,132.2740021,135.6985016,134.8966522,34056000
01-02-2022,137.8350067,138.1999969,134.5682526,137.8784943,137.0637665,51204000
02-02-2022,151.8634949,152.1000061,145.5574951,148.036499,147.1617584,89750000
03-02-2022,145.2949982,149.1177063,142.2050018,142.6504974,141.8075714,56930000
04-02-2022,143.0169983,144.5352478,139.8175049,143.0160065,142.170929,49224000
07-02-2022,143.7089996,143.8464966,138.6990051,138.9380035,138.1170044,44610000
08-02-2022,138.9912567,139.8370972,136.8730011,139.2129974,138.3903961,34256000
09-02-2022,140.8497467,142.1755066,140.3769989,141.4530029,140.617157,28628000
10-02-2022,139.5,141.4309998,138.0500031,138.6024933,137.783493,33018000
11-02-2022,138.75,139.2832489,133.2884979,134.1300049,133.3374176,38808000
14-02-2022,133.3654938,136.1665039,133.302002,135.3000031,134.5005188,26792000
15-02-2022,137.4714966,137.8999939,135.539505,136.4255066,135.6193695,26578000
16-02-2022,136.4304962,137.9459991,134.8236542,137.4875031,136.6750946,25610000
17-02-2022,136.1499939,136.8394928,132.2019958,132.3085022,131.5266876,30968000
18-02-2022,133.0375061,133.8240051,130.3070526,130.4674988,129.6965637,31858000
22-02-2022,129.9850006,131.9007568,127.7409973,129.4024963,128.6378784,38906000
23-02-2022,131.0785065,131.7489929,127.5035019,127.5849991,126.8310928,26432000
24-02-2022,125,133.0370026,124.7645035,132.6734924,131.8895264,43166000
25-02-2022,133.5254974,135.3890076,131.7649994,134.5195007,133.7246246,26236000
28-02-2022,133.2845001,135.6405029,132.8252563,134.8910065,134.0939331,29676000
01-03-2022,134.4799957,136.1109924,133.3784943,134.1679993,133.3751984,24640000
02-03-2022,134.6082458,135.6154938,133.4324951,134.7514954,133.9552307,23966000
03-03-2022,135.9785004,136.7138062,133.4309998,134.3079987,133.5143585,19780000
04-03-2022,133.3825073,134.1990051,130.408493,132.121994,131.3413086,24446000
07-03-2022,131.904007,131.904007,126.4100037,126.4645004,125.7172241,39178000
08-03-2022,126.2505035,131.2465057,125.8607483,127.2785034,126.5264206,35250000
09-03-2022,131.3999939,134.1985016,130.0879974,133.8659973,133.0749664,32258000
10-03-2022,131.4624939,133.5384979,131.401001,132.6820068,131.8979797,24266000
11-03-2022,133.9994965,134.1999969,130.2964935,130.4754944,129.7044983,26600000
14-03-2022,130.572998,131.026001,126.413002,126.7409973,125.9920807,30254000
15-03-2022,127.7415009,130.5172424,126.5680008,129.6605072,128.8943329,30292000
16-03-2022,131,133.7709961,129.201004,133.690506,132.900528,32058000
17-03-2022,133.3209991,134.739502,132.7189941,134.6004944,133.8051453,23994000
18-03-2022,133.8840027,136.9134979,132.9320068,136.8014984,135.9931488,45900000
21-03-2022,136.8475037,137.5825043,134.611496,136.4785004,135.6720581,26632000
22-03-2022,136.5,141.5,136.5,140.2774963,139.4486084,29776000
23-03-2022,139.138504,140.0249939,138.1665039,138.5034943,137.6850739,25302000
24-03-2022,139.2725067,141.3964996,138.0393982,141.3119965,140.477005,20544000
25-03-2022,141.7539978,141.9595032,139.6994934,141.5214996,140.6852417,19270000
28-03-2022,140.684494,141.9765015,139.8281555,141.9499969,141.1111908,23774000
29-03-2022,143.1605072,144.1625061,142.4839935,143.25,142.4035339,28678000
30-03-2022,142.8699951,143.4804993,142.1679993,142.6445007,141.8016205,21046000
31-03-2022,142.4485016,142.6445007,139.6190033,139.6495056,138.824295,29516000
01-04-2022,140.0099945,140.9499969,138.7969971,140.6999969,139.8685913,23480000
04-04-2022,140.8244934,144.0437469,140.8244934,143.6425018,142.7937012,19076000
05-04-2022,143.3995056,143.5899963,140.9434967,141.0630035,140.2294464,19256000
06-04-2022,139.161499,139.8484955,136.4181061,137.1759949,136.3654175,23574000
07-04-2022,136.6179962,137.7015076,134.857254,136.4649963,135.6586304,19448000
08-04-2022,136.25,136.25,133.7525024,134.010498,133.2186127,16434000
11-04-2022,132.8999939,132.9391937,129.6174927,129.7964935,129.0295258,24188000
12-04-2022,132.4234924,132.4234924,127.5759964,128.3744965,127.6159363,23004000
13-04-2022,128.6264954,130.6557465,128.4385986,130.2859955,129.5161285,19542000
14-04-2022,130.6495056,130.7102509,127.1115036,127.2529984,126.5010605,23484000
18-04-2022,127.4100037,128.7120056,126.5784531,127.9609985,127.2048721,14918000
19-04-2022,128.0769958,130.9037476,127.4514999,130.5310059,129.7596893,22720000
20-04-2022,131.2839966,131.9234924,127.8940506,128.2454987,127.4876938,22610000
21-04-2022,129.3500061,130.3074951,124.6500015,124.9375,124.1992493,30158000
22-04-2022,125,125.4520035,119.1405029,119.6139984,118.9072037,46410000
25-04-2022,119.4294968,123.2779999,118.769249,123.25,122.5217133,34522000
26-04-2022,122.75,122.75,119.16185,119.5059967,118.7998276,49394000
27-04-2022,114.3730011,117.5,113.1242523,115.0205002,114.3408432,62238000
28-04-2022,117.1149979,120.4384995,115.143898,119.411499,118.7058868,36790000
29-04-2022,117.5780029,118.9599991,114.6940002,114.9664993,114.2871704,33694000
02-05-2022,113.9065018,117.3395004,113.399498,117.1569977,116.4647141,30280000
03-05-2022,116.7649994,119.3000031,116.6269989,118.1295013,117.4314728,21216000
04-05-2022,118.0035019,123.1429977,115.7385025,122.5749969,121.8507004,33232000
05-05-2022,120.2204971,121.2332535,115.1825027,116.7464981,116.056633,43090000
06-05-2022,115.5189972,117.498497,114.1429977,115.6600037,114.9765701,35310000
09-05-2022,113.3034973,115.5628967,112.5514984,113.0839996,112.4157867,34520000
10-05-2022,116.0404968,116.6910019,113.3833008,114.5845032,113.9074173,31158000
11-05-2022,113.7105026,116.6709976,113.6500015,113.9609985,113.2875977,36502000
12-05-2022,111.9380035,114.8564987,110.1135025,113.1610031,112.4923248,41464000
13-05-2022,114.8454971,118.0849991,114,116.5155029,115.8270111,29738000
16-05-2022,115.3840027,116.6074982,114.3349991,114.7925034,114.1141891,23282000
17-05-2022,117.2275009,117.2275009,115.3375015,116.7014999,116.0119095,21576000
18-05-2022,115.2375031,115.6956482,112.1419983,112.401001,111.736824,27982000
19-05-2022,111.8410034,113.5875015,110.4680023,110.7454987,110.091095,29192000
20-05-2022,112.0855026,112.5500031,106.3730011,109.3130035,108.6670761,37586000
23-05-2022,110.1039963,112.0055008,109.1542511,111.6664963,111.0066528,31558000
24-05-2022,106.3775024,106.3949966,102.2080002,105.9260025,105.300087,60386000
25-05-2022,105.1419983,106.5447006,104.2112503,105.8395004,105.2140884,37900000
26-05-2022,106.050499,108.9552536,105.487999,108.2959976,107.6560822,30288000
27-05-2022,109.7884979,112.8679962,109.5500031,112.7990036,112.1324768,29924000
31-05-2022,113.0790024,116.4335022,112.5725021,114.0390015,113.3651428,51302000
01-06-2022,114.9315033,117.3990021,113.550499,114.137001,113.4625549,28630000
02-06-2022,114.1880035,117.8980026,113.3079987,117.7460022,117.0502472,27472000
03-06-2022,115.9925003,116.364502,113.6679993,114.564003,113.8870392,25052000
06-06-2022,116.7425003,119.3984985,116.5282974,117.010498,116.3190765,23786000
07-06-2022,115.6480026,117.7486496,115.1255035,117.2294998,116.5367889,26414000
08-06-2022,116.876503,118.6460037,116.6967468,117.237999,116.5452423,22544000
09-06-2022,116.3414993,118.3499985,114.8669968,114.9179993,114.2389526,23142000
10-06-2022,112.78125,113.4970016,110.8610001,111.4274979,110.7690811,31324000
13-06-2022,107.4459991,109.2184982,106.5880508,106.876503,106.2449646,36756000
14-06-2022,106.8899994,108.4574966,106.3519974,107.1940002,106.560585,25480000
15-06-2022,108.899498,112.0630035,108.1187515,110.3905029,109.738205,33192000
16-06-2022,108.149498,109.2904968,105.7925034,106.6360016,106.0058899,35314000
17-06-2022,106.5350037,109.2494965,105.6285477,107.8655014,107.2281189,43516000
21-06-2022,109.7020035,112.6729965,109.2935028,112.0149994,111.353096,39010000
22-06-2022,111.163002,113.7695007,110.7242966,112.0339966,111.3719788,23922000
23-06-2022,112.9499969,113.1965027,111.0289993,112.6845016,112.0186462,24710000
24-06-2022,113.6029968,118.6374969,113.6029968,118.538002,117.8375626,39122000
27-06-2022,118.9349976,119.25,116.0007477,116.6224976,115.9333725,32840000
28-06-2022,116.3509979,117.8564987,112.4440002,112.5715027,111.9063187,28232000
29-06-2022,112.1484985,113.6644974,111.5540009,112.2565002,111.5931702,18628000
30-06-2022,110.4994965,111.3298035,107.3099976,109.3724976,108.7262039,38046000
01-07-2022,108.336998,109.8063507,107.1050034,109.0810013,108.4364395,31028000
05-07-2022,107.5145035,114.052597,106.2494965,113.887001,113.214035,36398000
06-07-2022,114.0920029,116.3519974,112.2505035,115.213501,114.5326996,28852000
07-07-2022,116.0080032,119.8619995,115.5339966,119.3059998,118.6010208,32184000
08-07-2022,117.5500031,120.4349976,117.5139999,120.1685028,119.4584198,29082000
11-07-2022,118.6500015,118.7945023,116.2344971,116.5224991,115.8339691,26718000
12-07-2022,116.838501,117.8495026,114.6149979,114.8495026,114.1708527,24970000
13-07-2022,112.6389999,115.1569977,111.822998,112.1869965,111.5240784,38958000
14-07-2022,110.8259964,111.9875031,109.3255005,111.4400024,110.7815094,32366000
15-07-2022,112.9629974,114.0005035,111.8225021,112.7669983,112.1006546,34330000
18-07-2022,113.4400024,114.8000031,109.3000031,109.9100037,109.2605438,33354000
19-07-2022,111.7300034,114.8099976,110.5,114.6200027,113.9427032,30992300
20-07-2022,114.0599976,116.3300018,113.2600021,114.6999969,114.0222244,26780100
21-07-2022,115.0899963,115.2099991,111.9100037,115.0400009,114.3602295,27267800
22-07-2022,111.8099976,113.1800003,107.5999985,108.3600006,107.7197037,44455300
25-07-2022,108.8799973,110.5800018,107.0100021,108.2099991,107.5705795,28289900
26-07-2022,107.4300003,107.7399979,104.7600021,105.4400024,104.8169556,36626600
27-07-2022,109.5999985,114.4000015,108.4199982,113.5999985,112.9287415,41474600
28-07-2022,112.8000031,114.6999969,111.8509979,114.5899963,113.9128799,23303800
29-07-2022,113.4000015,116.9000015,113.2300034,116.6399994,115.9507751,31336200
01-08-2022,115.5299988,117.1200027,114.6900024,115.4800034,114.7976303,22856200
02-08-2022,114.4300003,117.0800018,114.2600021,115.9000015,115.2151489,17911000
03-08-2022,116.3399963,119.4199982,116.1500015,118.7799988,118.078125,25302800
04-08-2022,118.3000031,119.5,117.7099991,118.8700027,118.1676025,15757700
05-08-2022,116.9300003,118.8600006,116.7099991,118.2200012,117.5214386,15615700
08-08-2022,119.1200027,120.8600006,117.8300018,118.1399994,117.4419022,17061100
09-08-2022,117.9899979,118.1999969,116.5599976,117.5,116.805687,15424300
10-08-2022,119.5899963,121.7799988,119.3600006,120.6500015,119.9370728,20497000
11-08-2022,122.0800018,122.3399963,119.5500031,119.8199997,119.1119766,16671600
12-08-2022,121.1600037,122.6500015,120.4000015,122.6500015,121.9252625,16121100
15-08-2022,122.2099991,123.2600021,121.5699997,122.8799973,122.1539078,15525000
16-08-2022,122.3199997,123.2279968,121.5350037,122.5100021,121.786087,15626200
17-08-2022,120.9300003,122.1500015,120.1999969,120.3199997,119.609024,17589200
18-08-2022,120.2300034,121.6900024,119.5500031,120.8600006,120.1458359,15652000
19-08-2022,119.8700027,120,117.6699982,118.1200027,117.4220276,20187000
22-08-2022,116.0999985,116.5,114.6699982,115.0699997,114.3900452,19316000
23-08-2022,114.3199997,115.9300003,114.3000031,114.7699966,114.0918198,14390700
24-08-2022,114.4499969,115.7170029,113.7799988,114.6999969,114.0222244,16051200
25-08-2022,115.1500015,117.7799988,115.0500031,117.6999969,117.0045013,14874700
26-08-2022,115.8099976,116.5999985,111.2200012,111.3000031,110.642334,31698700
29-08-2022,110.7799988,111.9599991,109.8099976,110.3399963,109.6879883,20386100
30-08-2022,111.0299988,111.3700027,108.8000031,109.9100037,109.2605438,20548200
31-08-2022,111.6299973,111.7699966,109.0500031,109.1500015,108.5050278,25898000
01-09-2022,109.1999969,111.2200012,108.1900024,110.5500031,109.896759,22784400
02-09-2022,111.3399963,111.6750031,108.1299973,108.6800003,108.0378113,20618100
06-09-2022,108.1350021,108.8799973,106.5100021,107.4800034,106.8448944,20565100
07-09-2022,107.7600021,110.9899979,107.6149979,110.4800034,109.827179,22987200
08-09-2022,109.1800003,110.5800018,108.0599976,109.4199982,108.7734299,21660700
09-09-2022,110.0500031,112,110,111.7799988,111.1194839,21732900
12-09-2022,111.9899979,112.6399994,110.9300003,111.8700027,111.2089615,19732900
13-09-2022,108.8899994,109.3700027,105,105.3099976,104.6877213,33015000
14-09-2022,105.4400024,106.0999985,104.5,105.8700027,105.2444077,22115800
15-09-2022,105.0100021,106.2099991,103.3099976,103.9000015,103.2860413,26494900
16-09-2022,102.9700012,104.0299988,101.8550034,103.6299973,103.0176468,64540100
19-09-2022,102.5400009,104.0199966,102.3700027,103.8499985,103.236351,19738600
20-09-2022,102.8799973,103.1699982,101.1200027,101.8300018,101.2282791,24001700
21-09-2022,102.2399979,103.4899979,99.98999786,100.0100021,99.41903687,26596800
22-09-2022,99.44999695,101.6800003,99.41000366,100.5699997,99.97572327,21272700
23-09-2022,100.0599976,100.1100006,98.01000214,99.16999817,98.58399963,25657000
26-09-2022,98.61000061,100.4400024,98.37999725,98.80999756,98.22612762,22437900
27-09-2022,99.91000366,100.4599991,97.33999634,98.08999634,97.51038361,24225000
28-09-2022,98.01999664,101.4000015,97.80000305,100.7399979,100.1447296,24617000
29-09-2022,99.30000305,99.30000305,96.51999664,98.08999634,97.51038361,21921500
30-09-2022,97.73000336,99.4940033,96.02999878,96.15000153,95.58184814,26277800
03-10-2022,97.22000122,99.97000122,97.01999664,99.30000305,98.71323395,24840000
04-10-2022,101.0400009,102.7200012,101.0400009,102.4100037,101.8048706,22580900
05-10-2022,100.6900024,102.7399979,99.73999786,102.2200012,101.6159821,18475500
06-10-2022,101.5,103.7300034,101.5,102.2399979,101.6358643,17156200
07-10-2022,100.6500015,101.4199982,99.20999908,99.56999969,98.98163605,24249900
10-10-2022,99.84999847,99.98999786,97.87000275,98.70999908,98.12671661,16529900
11-10-2022,98.25,100.1200027,97.25,98.05000305,97.47062683,21617700
12-10-2022,98.26999664,99.64800262,97.66999817,98.30000305,97.71914673,17343400
13-10-2022,95.93000031,100.5299988,95.26999664,99.70999908,99.12081146,32812200
14-10-2022,100.625,101.2900009,97.02999878,97.18000031,96.6057663,22624800
17-10-2022,99.51999664,101.7699966,99.51000214,100.7799988,100.1844864,23311600
18-10-2022,103.9400024,104.2200012,100.6500015,101.3899994,100.7908707,21610500
19-10-2022,100.6999969,101.6589966,99.63500214,100.2900009,99.6973877,21573700
20-10-2022,100.8199997,103,99.97000122,100.5299988,99.93596649,25125100
21-10-2022,98.45999908,101.6200027,98.23000336,101.4800034,100.8803558,28988700
24-10-2022,102.0899963,103.0999985,100.3000031,102.9700012,102.3615494,24680800
25-10-2022,103.3000031,105.0999985,103.0199966,104.9300003,104.3099594,29910200
26-10-2022,96.76000214,98.54000092,94.56999969,94.81999969,94.25971222,71504300
27-10-2022,94.30999756,95.16999817,91.90000153,92.59999847,92.05283356,54036500
28-10-2022,92.52999878,96.86000061,92.32299805,96.58000183,96.00930023,35696900
31-10-2022,95.77999878,96.34999847,94.37999725,94.66000366,94.10064697,29868700
01-11-2022,95.58999634,96.16500092,90.43000031,90.5,89.96523285,43220600
02-11-2022,90.91000366,91.30000305,87.01000214,87.06999969,86.55550385,43553600
03-11-2022,86.34500122,86.55000305,83.44999695,83.48999786,82.9966507,48510400
04-11-2022,85.51000214,86.73000336,83.87999725,86.69999695,86.18768311,40173300
07-11-2022,87.33999634,88.94000244,86.95999908,88.65000153,88.12617493,26899900
08-11-2022,89.16000366,90.40499878,87.65000153,88.91000366,88.3846283,30172000
09-11-2022,88.54499817,89.48999786,87.36000061,87.40000153,86.88354492,26743900
10-11-2022,92.33999634,94.55000305,91.65000153,94.16999817,93.61354065,42371200
11-11-2022,94.70999908,97.36000061,94.16000366,96.73000336,96.15842438,30569100
14-11-2022,95.5,97.18000031,95.11299896,96.02999878,95.46256256,24170100
15-11-2022,98.66999817,100.4199982,97.01999664,98.72000122,98.13665771,31831000
16-11-2022,98.01999664,99.84999847,97.90200043,98.98999786,98.40505981,24660200
17-11-2022,97.18000031,99.48000336,97.09999847,98.5,97.91796875,21818700
18-11-2022,99.01000214,99.16000366,96.73999786,97.80000305,97.2220993,24969900
21-11-2022,97.55999756,98.72000122,95.66999817,95.83000183,95.26373291,18696900
22-11-2022,96.16000366,97.54799652,94.41000366,97.33000183,96.75488281,18868900
23-11-2022,97.33999634,99.06900024,97.33999634,98.81999969,98.23606873,17568900
25-11-2022,98.46499634,98.94000244,97.52999878,97.59999847,97.02327728,8567800
28-11-2022,97.19999695,97.83000183,95.88999939,96.25,95.68125153,19974500
29-11-2022,96,96.38999939,94.38999939,95.44000244,94.87604523,20220000
30-11-2022,95.12000275,101.4499969,94.66999817,101.4499969,100.8505325,39888100
01-12-2022,101.4000015,102.5899963,100.6699982,101.2799988,100.6815414,21771500
02-12-2022,99.37000275,101.1500015,99.16999817,100.8300018,100.2341919,18821500
05-12-2022,99.81500244,101.75,99.35500336,99.87000275,99.27986908,19955500
06-12-2022,99.66999817,100.2099991,96.76000214,97.30999756,96.73499298,20877600
07-12-2022,96.76999664,97.30999756,95.02500153,95.15000153,94.58776093,26647900
08-12-2022,95.69000244,95.87000275,93.80000305,93.94999695,93.39484406,25593200
09-12-2022,93.90000153,94.48999786,93.01999664,93.06999969,92.52005005,21885300
12-12-2022,93.08999634,93.875,91.90000153,93.55999756,93.00714874,27380900
13-12-2022,98.06999969,99.80000305,95.37999725,95.84999847,95.28362274,34788500
14-12-2022,95.54000092,97.22000122,93.94000244,95.30999756,94.74681091,26452900
15-12-2022,93.54000092,94.02999878,90.43000031,91.19999695,90.66110229,28298800
16-12-2022,91.19999695,91.75,90.01000214,90.86000061,90.32309723,48485500
19-12-2022,90.87999725,91.19999695,88.92500305,89.15000153,88.62320709,23020500
20-12-2022,88.73000336,89.77999878,88.04000092,89.62999725,89.10037231,21976800
21-12-2022,89.73000336,90.91500092,88.91000366,90.25,89.71670532,20336400
22-12-2022,88.93000031,89.18000031,86.94000244,88.26000214,87.73846436,23656100
23-12-2022,87.62000275,90.09999847,87.62000275,89.80999756,89.2793045,17815000
27-12-2022,89.30999756,89.5,87.53500366,87.93000031,87.41042328,15470900
28-12-2022,87.5,88.51999664,86.37000275,86.45999908,85.94910431,17879600
29-12-2022,87.02999878,89.36499786,86.98999786,88.94999695,88.42438507,18280700
30-12-2022,87.36499786,88.83000183,87.02999878,88.73000336,88.20570374,19190300
03-01-2023,89.83000183,91.55000305,89.01999664,89.69999695,89.16995239,20738500
04-01-2023,91.01000214,91.23999786,87.80000305,88.70999908,88.18582153,27046500
05-01-2023,88.06999969,88.20999908,86.55999756,86.76999664,86.25727081,23136100
06-01-2023,87.36000061,88.47000122,85.56999969,88.16000366,87.63906097,26612600
09-01-2023,89.19499969,90.83000183,88.58000183,88.80000305,88.27526855,22996700
10-01-2023,86.72000122,89.47499847,86.69999695,89.23999786,88.71266937,22855600
11-01-2023,90.05999756,92.44999695,89.73999786,92.26000214,91.71483612,25998800
12-01-2023,92.40000153,92.62000275,90.56999969,91.91000366,91.36690521,22754200
13-01-2023,91.52799988,92.98000336,90.93000031,92.80000305,92.25164795,18630700
17-01-2023,92.77999878,92.97000122,90.83999634,92.16000366,91.61543274,22935800
18-01-2023,92.94000244,93.58799744,91.40000153,91.77999878,91.2376709,19641600
19-01-2023,91.38999939,94.40000153,91.37999725,93.91000366,93.35508728,28707700
20-01-2023,95.94999695,99.41999817,95.91000366,99.27999878,98.69334412,53704800
23-01-2023,99.12999725,101.4000015,98.75,101.2099991,100.6119461,31791800
24-01-2023,99.55000305,101.0899963,98.69999695,99.20999908,98.62375641,27391400
25-01-2023,97.19999695,97.72000122,95.26200104,96.73000336,96.15842438,31000900
26-01-2023,98.27999878,99.20999908,96.81999969,99.16000366,98.57406616,24542100
27-01-2023,99.05000305,101.5800018,98.97000122,100.7099991,100.1148911,29020400
30-01-2023,98.74500275,99.40899658,97.51999664,97.94999695,97.37120819,24365100
31-01-2023,97.86000061,99.91000366,97.79000092,99.87000275,99.27986908,22306800
01-02-2023,99.73999786,102.1900024,98.41999817,101.4300003,100.8306427,26392600
02-02-2023,106.7900009,108.8199997,106.5400009,108.8000031,108.1570969,46622600
03-02-2023,103.5100021,108.0199966,103.3000031,105.2200012,104.5982513,36823400
06-02-2023,102.6849976,104.6999969,102.2099991,103.4700012,102.8585892,25573000
07-02-2023,103.6299973,108.6699982,103.5479965,108.0400009,107.4015884,33738800
08-02-2023,102.6900024,103.5800018,98.45500183,100,99.40909576,73546000
09-02-2023,100.5400009,100.6100006,93.86000061,95.45999908,94.8959198,97798600
10-02-2023,95.73999786,97.01999664,94.52999878,94.86000061,94.29947662,49325300
13-02-2023,95.01000214,95.34999847,94.05000305,95,94.43864441,43116600
14-02-2023,94.66000366,95.17500305,92.65000153,94.94999695,94.38893127,42513100
15-02-2023,94.73999786,97.33999634,94.36000061,97.09999847,96.52623749,36964500
16-02-2023,95.54000092,97.87999725,94.97000122,95.77999878,95.21403503,35642100
17-02-2023,95.06999969,95.75,93.44999695,94.58999634,94.03106689,31095100
21-02-2023,93.23999786,93.41500092,92,92.05000305,91.506073,28367200
22-02-2023,91.93399811,92.36000061,90.87000275,91.80000305,91.2575531,29891100
23-02-2023,92.12999725,92.12999725,90.01000214,91.06999969,90.53186035,32423700
24-02-2023,89.62999725,90.12999725,88.86000061,89.34999847,88.82202148,31295600
27-02-2023,90.08999634,90.44999695,89.61000061,90.09999847,89.56758881,22724300
28-02-2023,89.54000092,91.44999695,89.51999664,90.30000305,89.76641846,30546900
01-03-2023,90.16000366,91.19999695,89.84999847,90.51000214,89.97517395,26323900
02-03-2023,89.86000061,92.48000336,89.76999664,92.30999756,91.76454163,23328600
03-03-2023,92.73999786,94.11000061,92.66000366,94.01999664,93.46443176,30242500
06-03-2023,94.36000061,96.30000305,94.30000305,95.58000183,95.01522064,28288200
07-03-2023,95.41999817,96.08999634,93.84400177,94.16999817,93.61354065,24101500
08-03-2023,94.40499878,96.23999786,94.40499878,94.65000153,94.0907135,25395200
09-03-2023,94.48999786,95.91999817,92.35500336,92.66000366,92.11248016,24438900
10-03-2023,92.5,93.18000031,90.80000305,91.01000214,90.472229,32850100
13-03-2023,90.56500244,93.08000183,89.94000244,91.66000366,91.11837769,31508600
14-03-2023,93.06999969,94.83000183,92.77999878,94.25,93.69307709,32303900
15-03-2023,93.54000092,97.25,93.04000092,96.55000305,95.97948456,38367300
16-03-2023,96.56999969,101.9700012,95.87000275,101.0699997,100.4727783,54499500
17-03-2023,100.8399963,103.4899979,100.75,102.4599991,101.8545532,76140300
20-03-2023,101.0599976,102.5800018,100.7900009,101.9300003,101.3276901,26033900
21-03-2023,101.9800034,105.9599991,101.8600006,105.8399963,105.2145844,33122800
22-03-2023,105.1399994,107.5100021,104.2099991,104.2200012,103.6041641,32336900
23-03-2023,105.8899994,107.1009979,105.4100037,106.2600021,105.6321106,31385800
24-03-2023,105.7399979,106.1600037,104.7399979,106.0599976,105.4332733,25236200
27-03-2023,105.3199997,105.4000015,102.6299973,103.0599976,102.4510193,25393400
28-03-2023,103,103,100.2799988,101.3600006,100.7610626,24913500
29-03-2023,102.7200012,102.8199997,101.0299988,101.9000015,101.2978668,26148300
30-03-2023,101.4400024,101.6100006,100.2900009,101.3199997,100.7212982,25009800
31-03-2023,101.7099991,104.1900024,101.4400024,104,103.3854675,28108000
03-04-2023,102.6699982,104.9499969,102.3799973,104.9100037,104.2900772,20719900
04-04-2023,104.8399963,106.0999985,104.5999985,105.1200027,104.4988403,20377200
05-04-2023,106.1200027,106.5400009,104.1019974,104.9499969,104.3298416,21864200
06-04-2023,105.7699966,109.6299973,104.8150024,108.9000015,108.2565079,34684200
10-04-2023,107.3899994,107.9700012,105.5999985,106.9499969,106.3180237,19741500
11-04-2023,106.9199982,107.2200012,105.2799988,106.1200027,105.4929352,18721300
12-04-2023,107.3899994,107.586998,104.9700012,105.2200012,104.5982513,22761600
13-04-2023,106.4700012,108.2649994,106.4400024,108.1900024,107.550705,21650700
14-04-2023,107.6900024,109.5800018,107.5899963,109.4599991,108.8131943,20758700
17-04-2023,105.4300003,106.7099991,105.3199997,106.4199982,105.7911682,29043400
18-04-2023,107,107.0500031,104.7799988,105.1200027,104.4988403,17641400
19-04-2023,104.2149963,105.7249985,103.8000031,105.0199966,104.3994293,16732000
20-04-2023,104.6500015,106.8880005,104.6399994,105.9000015,105.2742386,22515300
21-04-2023,106.0899963,106.6399994,105.4850006,105.9100037,105.2841721,22379000
24-04-2023,106.0500031,107.3199997,105.3600006,106.7799988,106.1490326,21410900
25-04-2023,106.6100006,107.4400024,104.5599976,104.6100006,103.9918594,31408100
26-04-2023,105.5599976,107.0199966,103.2699966,104.4499969,103.8328018,37068200
27-04-2023,105.2300034,109.1500015,104.4199982,108.3700027,107.7296448,38235200
28-04-2023,107.8000031,108.2900009,106.0400009,108.2200012,107.5805283,23957900
01-05-2023,107.7200012,108.6800003,107.5,107.7099991,107.0735397,20926300
02-05-2023,107.6600037,107.7300034,104.5,105.9800034,105.3537598,20343100
03-05-2023,106.2200012,108.1299973,105.6200027,106.1200027,105.4929352,17116300
04-05-2023,106.1600037,106.3000031,104.6999969,105.2099991,104.5883179,19780600
05-05-2023,105.3199997,106.4400024,104.7389984,106.2149963,105.5873642,20710600
08-05-2023,105.7949982,108.4199982,105.7900009,108.2399979,107.6003952,17266000
09-05-2023,108.7799988,110.5950012,107.7249985,107.9400024,107.3021851,24782400
10-05-2023,108.5500031,113.5100021,108.4800034,112.2799988,111.616539,47533500
11-05-2023,115.8600006,118.4400024,114.9300003,116.9000015,116.2092438,57115100
12-05-2023,117,118.2600021,116.5500031,117.9199982,117.2232056,31293800
15-05-2023,116.4899979,118.7949982,116.4800034,116.9599991,116.2688828,22107900
16-05-2023,116.8300018,121.1999969,116.8300018,120.0899963,119.3803787,32370100
17-05-2023,120.1800003,122.2799988,119.4599991,121.4800034,120.7621841,26659600
18-05-2023,121.5599976,123.9000015,121.4899979,123.5199966,122.7901154,27014500
19-05-2023,124.1999969,126.4789963,122.7200012,123.25,122.5217133,30268900
22-05-2023,123.5100021,127.0500031,123.4499969,125.8700027,125.1262283,29760200
23-05-2023,124.9300003,125.4199982,123.0500031,123.2900009,122.5614777,24477900
24-05-2023,121.8799973,122.75,120.75,121.6399994,120.9212265,23087900
25-05-2023,125.2099991,125.9800034,122.9000015,124.3499985,123.6152039,33812700
26-05-2023,124.0650024,126,123.2900009,125.4300003,124.6888351,25154700
30-05-2023,126.2900009,126.3799973,122.8899994,124.6399994,123.9035034,27230700
31-05-2023,123.6999969,124.9000015,123.0999985,123.3700027,122.6410065,41548800
01-06-2023,123.5,125.0400009,123.3000031,124.3700027,123.6350861,25017700
02-06-2023,124.4899979,126.7450027,124.3499985,125.2300034,124.4900131,19367500
05-06-2023,124.6100006,127.9899979,124.3799973,126.6299973,125.8817368,22672500
06-06-2023,126.5999985,128.8800049,125.9700012,127.9100037,127.1541748,19450100
07-06-2023,127.5749969,129.5500031,122.6299973,122.9400024,122.2135468,34179300
08-06-2023,122.5849991,123.7300034,122.0100021,122.6699982,121.9451447,24815000
09-06-2023,122.5599976,124.2850037,122.4199982,122.8700027,122.1439514,20304500
12-06-2023,123.3949966,124.75,122.3499985,124.3499985,123.6152039,22255700
13-06-2023,125.6500015,125.8600006,123.8450012,124.4300003,123.6947403,19287700
14-06-2023,123.8000031,124.7900009,122.1600037,124.3799973,123.6450424,24659600
15-06-2023,123.8799973,126.1600037,123.1399994,125.7900009,125.0467072,24517100
16-06-2023,126.6999969,126.6999969,123.7900009,124.0599976,123.3269196,56699200
20-06-2023,123.5350037,125.1750031,122.8300018,123.8499985,123.1181641,22698000
21-06-2023,123.2350006,123.4100037,120.8600006,121.2600021,120.5434723,22612000
22-06-2023,120.6600037,123.9349976,119.5999985,123.8700027,123.1380463,20781900
23-06-2023,122.0400009,123.4400024,121.8600006,123.0199966,122.2930756,29573100
26-06-2023,121.4660034,122.7200012,118.9899979,119.0899963,118.3862915,23185000
27-06-2023,117.8399963,119.8949966,116.9100037,119.0100021,118.306778,27221700
28-06-2023,117.9599991,121.2699966,117.5999985,121.0800018,120.3645325,19753100
29-06-2023,120.0899963,120.9100037,119.2099991,120.0100021,119.3008575,18517500
30-06-2023,121.0999985,122.0299988,120.8799973,120.9700012,120.2551804,23871800
03-07-2023,120.3199997,121.0199966,119.7050018,120.5599976,119.8476105,13888300
05-07-2023,120.0599976,123.3700027,120.0599976,122.6299973,121.9053802,17830300
06-07-2023,120.6399994,121.1500015,119.25,120.9300003,120.2154236,17732500
07-07-2023,120.8899994,121.75,120.0899963,120.1399994,119.4300919,20997700
10-07-2023,119.0699997,119.0699997,116.6399994,116.8700027,116.1794128,32960100
11-07-2023,116.7600021,118.2249985,115.8300018,117.7099991,117.0144424,18286600
12-07-2023,119.3000031,120.9599991,119,119.6200027,118.9131699,22059600
13-07-2023,121.5400009,125.3349991,121.0599976,124.8300018,124.0923767,31535900
14-07-2023,125.1299973,127.0899963,124.9000015,125.6999969,124.9572296,20499800
17-07-2023,126.0599976,127.2799988,124.5,125.0599976,124.3210144,20675300
18-07-2023,124.9049988,124.9899979,123.3000031,124.0800018,123.3468018,21045800
19-07-2023,124.7900009,125.4700012,122.4700012,122.7799988,122.0544891,22313800
20-07-2023,122.1200027,124.6999969,118.6849976,119.5299988,118.8236923,27541700
21-07-2023,120.8700027,121.3000031,119.0699997,120.3099976,119.5990829,56514600
24-07-2023,121.9260025,123.3499985,121.3799973,121.8799973,121.1598053,22276100
25-07-2023,121.8799973,123.6900024,121.5299988,122.7900009,122.0644302,31820800
26-07-2023,130.3600006,131.3699951,128.7100067,129.6600037,128.8938293,46216900
27-07-2023,131.8000031,133.6000061,129.1799927,129.8699951,129.1025848,35931600
28-07-2023,130.9700012,134.0700073,130.9199982,133.0099945,132.2240448,26971000
31-07-2023,133.0099945,133.8300018,132.1300049,133.1100006,132.3234558,18381900
01-08-2023,130.8549957,132.9199982,130.75,131.8899994,131.1106567,22154300
02-08-2023,129.8399963,130.4199982,127.8499985,128.6399994,127.8798523,22705800
03-08-2023,128.3699951,129.7700043,127.7750015,128.7700043,128.0091095,15018100
04-08-2023,129.6000061,131.9299927,128.3150024,128.5399933,127.7804565,20521900
07-08-2023,129.5099945,132.0599976,129.4299927,131.9400024,131.1603546,17621000
08-08-2023,130.9799957,131.9400024,130.1300049,131.8399963,131.0609589,16836000
09-08-2023,132.1900024,132.4700012,129.5050049,130.1499939,129.3809357,17745200
10-08-2023,131.9700012,132.6470032,130.0350037,130.2100067,129.4405975,17855700
11-08-2023,129.2019958,130.4400024,128.75,130.1699982,129.4008331,15205500
14-08-2023,129.8500061,131.9100037,129.5899963,131.8300018,131.0510101,17526200
15-08-2023,131.5899963,131.9900055,129.8190002,130.2700043,129.5002289,14769200
16-08-2023,129.2799988,130.897995,128.4600067,129.1100006,128.3470764,17548400
17-08-2023,130.4499969,132.4909973,129.8500061,130.4600067,129.6891174,23665600
18-08-2023,129.0599976,129.8300018,127,128.1100006,127.3530045,23627200
21-08-2023,127.8499985,129.2599945,127.1600037,128.9299927,128.1681519,21851100
22-08-2023,129.1300049,130.9499969,128.9250031,129.6900024,128.9236603,15557900
23-08-2023,130.8500061,134.0700073,130.5099945,133.2100067,132.4228668,26497000
24-08-2023,134.727005,134.9700012,130.3000031,130.4199982,129.649353,18680400
25-08-2023,130.1399994,131.3999939,128.0399933,130.6900024,129.9177551,20678100
28-08-2023,132.0800018,133.2400055,130.8500061,131.7899933,131.0112305,16715500
29-08-2023,132.9980011,137.2949982,132.9799957,135.4900055,134.6893921,30803300
30-08-2023,135.5700073,137.25,135.0209961,136.9299927,136.1208496,21773400
31-08-2023,137.0500031,138.3999939,136.8200073,137.3500061,136.5383911,28147900
01-09-2023,138.4299927,138.5800018,135.9400024,136.8000031,135.9916534,16671600
05-09-2023,136.4400024,137.3699951,135.5599976,136.7100067,135.9022064,17730200
06-09-2023,137.0149994,137.4799957,134.6900024,135.3699951,134.5700836,15814300
07-09-2023,134.6000061,136.5800018,133.9600067,136.1999969,135.3952026,16976000
08-09-2023,135.8699951,137.5149994,135.8699951,137.1999969,136.389267,17810700
11-09-2023,137.3800049,138.2640076,136.5500031,137.7400055,136.9261017,17180800
12-09-2023,137.1300049,137.6399994,135.9299927,136.0700073,135.2659607,15212900
13-09-2023,135.8999939,137.6999969,134.9299927,137.5,136.6875153,16394900
14-09-2023,138.3899994,139.5500031,137.0599976,138.9900055,138.1687012,19064600
15-09-2023,138.8000031,139.3600006,137.1799927,138.3000031,137.4827881,48958800
18-09-2023,137.6300049,139.9299927,137.6300049,138.9600067,138.1388855,16233600
19-09-2023,138.25,139.1750031,137.5,138.8300018,138.0096436,15479100
20-09-2023,138.8300018,138.8399963,134.5200043,134.5899963,133.794693,21473500
21-09-2023,132.3899994,133.1900024,131.0899963,131.3600006,130.583786,22058400
22-09-2023,131.6799927,133.0099945,130.5099945,131.25,130.4744263,17348700
25-09-2023,130.7700043,132.2200012,130.0299988,132.1699982,131.3889923,14650000
26-09-2023,130.9140015,131.4049988,128.1900024,129.4499969,128.6850586,20378800
27-09-2023,129.4400024,131.7200012,129.3800049,131.4600067,130.6832123,18764200
28-09-2023,130.6900024,134.1799927,130.6900024,133.1300049,132.343338,18201400
29-09-2023,134.0800018,134.8899994,131.3200073,131.8500061,131.0709076,23237300
02-10-2023,132.1549988,135.3600006,132.0650024,135.1699982,134.3712769,19210400
03-10-2023,134.9299927,135.2400055,132.8150024,133.3000031,132.5123291,19628700
04-10-2023,133.6600037,136.5700073,133.4299927,136.2700043,135.4647675,22848000
05-10-2023,136.1300049,136.5,134.4550018,135.9900055,135.1864319,15922900
06-10-2023,134.9400024,139.1860046,134.9400024,138.7299957,137.9102478,20826700
09-10-2023,137.9900055,139.9700012,136.6999969,139.5,138.6756744,16599100
10-10-2023,139.5099945,140.7400055,138.4299927,139.1999969,138.3774719,19554900
11-10-2023,139.8500061,142.2200012,139.8399963,141.6999969,140.8626862,20146300
12-10-2023,142.1600037,142.3800049,139.4499969,140.2899933,139.4610291,18173100
13-10-2023,140.6499939,141.3399963,137.9700012,138.5800018,137.7611389,19438700
16-10-2023,139.7299957,140.9049988,139.3200073,140.4900055,139.6598358,17345600
17-10-2023,140.0299988,141.25,138.529007,140.9900055,140.1568909,17424000
18-10-2023,140.75,141.9900055,138.7050018,139.2799988,138.4570007,18304900
19-10-2023,139.8000031,141.0050049,138.6000061,138.9799957,138.1587524,21831200
20-10-2023,138.5899963,139.0399933,136.2449951,136.7400055,135.9319916,24970300
23-10-2023,136.2299957,139.0200043,135.1100006,137.8999939,137.0851288,20780700
24-10-2023,139.1600037,140.7100067,138.75,140.1199951,139.2920074,26535200
25-10-2023,129.7700043,130.1000061,126.0899963,126.6699982,125.9215012,58796100
26-10-2023,124.4700012,125.4599991,122.3199997,123.4400024,122.7105942,33907400
27-10-2023,124.0299988,124.4400024,121.4599991,123.4000015,122.6708298,37367700
30-10-2023,124.4599991,126.5500031,123.8799973,125.75,125.0069351,24165600
31-10-2023,126.2699966,126.5599976,123.9250031,125.3000031,124.5596008,21123400
01-11-2023,125.3399963,127.7399979,124.9250031,127.5699997,126.816185,26536600
02-11-2023,129.5599976,130.0899963,128.1100006,128.5800018,127.8202057,24091700
03-11-2023,129.0899963,130.7299957,129.0099945,130.3699951,129.5996399,19529400
06-11-2023,130.2200012,131.5599976,129.9299927,131.4499969,130.6732483,15360400
07-11-2023,131.9799957,133.2799988,131.1399994,132.3999939,131.6176453,19223800
08-11-2023,132.3600006,133.5399933,132.1600037,133.2599945,132.4725647,15093600
09-11-2023,133.3600006,133.9600067,131.5099945,131.6900024,130.9118652,17976500
10-11-2023,131.5299988,134.2700043,130.8699951,134.0599976,133.2678528,20872900
13-11-2023,133.3600006,134.1100006,132.7700043,133.6399994,132.8503265,16409900
14-11-2023,135.6499939,137.2400055,135.1000061,135.4299927,134.6297302,22317300
15-11-2023,136.6399994,136.8399963,135.3300018,136.3800049,135.5741272,15840900
16-11-2023,136.9600067,138.8800049,136.0800018,138.6999969,137.8804169,17615100
17-11-2023,137.8200073,138,135.4799957,136.9400024,136.1308441,25565300
20-11-2023,135.5,138.4250031,135.4900055,137.9199982,137.1050262,19569400
21-11-2023,137.9400024,138.9649963,137.7050018,138.6199951,137.8008881,17648100
22-11-2023,139.1000061,141.1000061,139,140.0200043,139.192627,17306400
24-11-2023,139.5399933,139.677002,137.4700012,138.2200012,137.4032593,8828600
27-11-2023,137.5700073,139.6300049,137.5399933,138.0500031,137.2342529,17886400
28-11-2023,137.6300049,138.6600037,137.0399933,138.6199951,137.8008881,17046900
29-11-2023,138.9850006,139.6699982,136.2949982,136.3999939,135.5940094,21014700
30-11-2023,136.3999939,136.9600067,132.7899933,133.9199982,133.1286621,29913500
01-12-2023,133.3200073,133.5,132.1519928,133.3200073,132.5322113,24268000
04-12-2023,131.2940063,131.4499969,129.3999939,130.6300049,129.8581085,24117100
05-12-2023,130.3699951,133.5399933,129.7299957,132.3899994,131.6077118,19235100
06-12-2023,132.8999939,133.3099976,131.3099976,131.4299927,130.6533661,16360600
07-12-2023,136.6000061,140,136.2299957,138.4499969,137.6318817,38419400
08-12-2023,135.6600037,137.9900055,135.5700073,136.6399994,135.8325958,23016100
11-12-2023,133.8200073,134.7899933,132.8899994,134.6999969,133.9040527,24502900
12-12-2023,133.2700043,134.5399933,132.8300018,133.6399994,132.8503265,26584000
13-12-2023,134.5449982,134.7799988,132.9499969,133.9700012,133.17836,25414500
14-12-2023,134.7700043,135.0350037,131.0599976,133.1999969,132.4129181,29619100
15-12-2023,132.9199982,134.8300018,132.6300049,133.8399963,133.0491486,58594000
18-12-2023,133.8600006,138.3800049,133.7700043,137.1900024,136.3793335,25699800
19-12-2023,138,138.7700043,137.4499969,138.1000061,137.2839508,20661000
20-12-2023,140.3300018,143.0780029,139.4100037,139.6600037,138.8347626,33507300
21-12-2023,140.7700043,142.0299988,140.4730072,141.8000031,140.9620972,18101500
22-12-2023,142.1300049,143.25,142.0549927,142.7200012,141.8766632,18513500
26-12-2023,142.9799957,143.9450073,142.5,142.8200073,141.9760895,11170100
27-12-2023,142.8300018,143.3200073,141.0509949,141.4400024,140.6042328,17288400
28-12-2023,141.8500061,142.2700043,140.8280029,141.2799988,140.4451599,12192500
29-12-2023,140.6799927,141.4349976,139.8999939,140.9299927,140.0972443,14881000
02-01-2024,139.6000061,140.6150055,137.7400055,139.5599976,138.735321,20071900
03-01-2024,138.6000061,141.0899963,138.4299927,140.3600006,139.5306244,18974300
04-01-2024,139.8500061,140.6349945,138.0099945,138.0399933,137.2243042,18253300
05-01-2024,138.352005,138.8099976,136.8500061,137.3899994,136.5781403,15439500
08-01-2024,138,140.6399994,137.8800049,140.5299988,139.6996002,17645300
09-01-2024,140.0599976,142.8000031,139.7899933,142.5599976,141.7175903,19579700
10-01-2024,142.5200043,144.5249939,142.4600067,143.8000031,142.9503021,16641900
11-01-2024,144.8950043,146.6600037,142.2149963,143.6699982,142.8210449,17471100
12-01-2024,144.3399963,144.7400055,143.3600006,144.2400055,143.3876801,13998700
16-01-2024,143.4299927,145.8399963,143.0559998,144.0800018,143.2286377,19198900
17-01-2024,142.9100037,143.4100037,140.5099945,142.8899994,142.0456543,17884500
18-01-2024,143.4400024,145.5850067,143.3500061,144.9900055,144.133255,18876800
19-01-2024,146.3049927,148.0399933,145.8000031,147.9700012,147.0956421,27181000
22-01-2024,148.7100067,150.0149994,147.5800018,147.7100067,146.8371735,21829200
23-01-2024,147.7200012,148.8600006,147.1900024,148.6799927,147.8014374,14113600
24-01-2024,150.2899933,151.5700073,149.8399963,150.3500061,149.4615936,19245000
25-01-2024,151.7400055,154.7599945,151.2200012,153.6399994,152.7321472,21495100
26-01-2024,152.8699951,154.1100006,152.8000031,153.7899933,152.8812408,19494500
29-01-2024,153.6399994,155.1999969,152.9199982,154.8399963,153.9250488,20909300
30-01-2024,154.0099945,155.0399933,152.7749939,153.0500031,152.1456299,26578900
31-01-2024,145.3899994,145.5899963,141.5500031,141.8000031,140.9620972,43908600
01-02-2024,143.6900024,144.6199951,142.2599945,142.7100067,141.8667297,25526900
02-02-2024,140.8899994,143.8800049,138.1699982,143.5399933,142.691803,42136100
05-02-2024,144.0399933,146.6699982,143.9100037,144.9299927,144.0735931,29254400
06-02-2024,145.9600067,146.7400055,144.5200043,145.4100037,144.550766,21517700
07-02-2024,146.1199951,147,145.2100067,146.6799927,145.8132629,21436100
08-02-2024,146.9700012,147.6100006,146.4199982,147.2200012,146.3500824,18241300
09-02-2024,147.9499969,150.6950073,147.4299927,150.2200012,149.3323517,21877700
12-02-2024,149.5399933,150.5899963,148.5599976,148.7299957,147.8511353,17236100
13-02-2024,146.0700073,148.0399933,145.1100006,146.3699951,145.5050964,18138500
14-02-2024,147.3699951,147.8300018,145.5549927,147.1399994,146.2705536,16651800
15-02-2024,144.4600067,144.7599945,141.8800049,143.9400024,143.0894623,26724300
16-02-2024,144.2100067,144.4799957,141.5200043,141.7599945,140.9223175,21865100
20-02-2024,140.9400024,143.3289948,140.8000031,142.1999969,141.3597412,18625600
21-02-2024,142.6399994,143.9799957,141.9100037,143.8399963,142.9900513,16440800
22-02-2024,146.1199951,146.1999969,144.0099945,145.3200073,144.4613037,23024700
23-02-2024,144.9700012,145.9550018,144.7899933,145.2899933,144.4314728,14519400
26-02-2024,143.4499969,143.8399963,138.7400055,138.75,137.9301147,33513000
27-02-2024,139.4100037,140.4900055,138.5,140.1000061,139.2721558,22364000
28-02-2024,139.1000061,139.2799988,136.6399994,137.4299927,136.6179047,30628700
29-02-2024,138.3500061,139.9499969,137.5700073,139.7799988,138.9540405,35485000
01-03-2024,139.6100006,140,137.9750061,138.0800018,137.2640839,28551500
04-03-2024,136.5399933,136.6300049,132.8600006,134.1999969,133.4069977,43571500
05-03-2024,132.7400055,134.0200043,131.5500031,133.7799988,132.9894714,28447600
06-03-2024,134.2400055,134.7400055,131.9499969,132.5599976,131.7766876,23175200
07-03-2024,133.8899994,135.8200073,132.6600037,135.2400055,134.4408569,24107300
08-03-2024,135.0350037,138.9850006,134.8000031,136.2899933,135.4846649,26495200
11-03-2024,137.0700073,139.9799957,137.0700073,138.9400024,138.1190033,22536400
12-03-2024,138.25,140.2799988,138.2100067,139.6199951,138.7949829,19019700
13-03-2024,140.0599976,142.1900024,140.0099945,140.7700043,139.9381866,19637000
14-03-2024,142.3000031,144.7299957,141.4850006,144.3399963,143.4870911,36117900
15-03-2024,143.4100037,144.3399963,141.1300049,142.1699982,141.3299103,41039500
18-03-2024,149.3699951,152.9299927,148.1399994,148.4799957,147.6026306,47676700
19-03-2024,148.9799957,149.6199951,147.0099945,147.9199982,147.0459442,17748400
20-03-2024,148.7899933,149.7599945,147.6649933,149.6799927,148.7955322,17730000
21-03-2024,150.3200073,151.3049927,148.0099945,148.7400055,147.8611145,19843900
22-03-2024,150.2400055,152.5599976,150.0899963,151.7700043,150.8732147,19252900
25-03-2024,150.9499969,151.4559937,148.8000031,151.1499939,150.2568512,15114700
26-03-2024,151.2400055,153.1999969,151.0299988,151.6999969,150.8036041,19312700
27-03-2024,152.1450043,152.6900024,150.1300049,151.9400024,151.0421753,16622000
28-03-2024,152,152.6699982,151.3300018,152.2599945,151.3602753,21105600
01-04-2024,151.8300018,157,151.6499939,156.5,155.5752411,24469800
02-04-2024,154.75,155.9900055,153.4600067,155.8699951,154.9489594,17598100
03-04-2024,154.9199982,156.5500031,154.1320038,156.3699951,155.4460144,17266200
04-04-2024,155.0800018,156.1799927,151.8800049,151.9400024,151.0421753,24184800
05-04-2024,151.6799927,154.8399963,151.0809937,153.9400024,153.0303497,16297300
08-04-2024,154.0149994,156.6549988,153.9900055,156.1399994,155.2173767,16641500
09-04-2024,157.3500061,159.8899994,156.6399994,158.1399994,157.2055511,21521500
10-04-2024,157.8800049,158.1600037,156.1999969,157.6600037,156.7283783,16339200
11-04-2024,158.3399963,161.1199951,157.9299927,160.7899933,159.8398895,17841700
12-04-2024,159.4049988,161.6999969,158.6000061,159.1900024,158.2493286,16989800
15-04-2024,160.2799988,160.8300018,156.1499939,156.3300018,155.40625,21140900
16-04-2024,155.6399994,157.2299957,155.0500031,156,155.078186,15413200
17-04-2024,157.1900024,158.6809998,156.1349945,156.8800049,155.9530029,16237800
18-04-2024,156.9250031,158.4850006,156.2100067,157.4600067,156.5295715,14016100
19-04-2024,157.75,157.9900055,153.9100037,155.7200012,154.7998505,21479900
22-04-2024,156.0099945,159.1849976,155.6600037,157.9499969,157.0166779,17243900
23-04-2024,158.5899963,160.4799957,157.9649963,159.9199982,158.9750214,16115400
24-04-2024,159.0899963,161.3899994,158.8200073,161.1000061,160.148056,19485700
25-04-2024,153.3600006,158.2799988,152.7680054,157.9499969,157.0166779,36197800
26-04-2024,175.9900055,176.4199982,171.3999939,173.6900024,172.6636505,56500800
29-04-2024,170.7700043,171.3800049,167.0599976,167.8999939,166.9078674,35914600
30-04-2024,167.3800049,169.8699951,164.5,164.6399994,163.6671143,29420800
01-05-2024,166.1799927,168.8099976,164.8999939,165.5700073,164.5916443,25223200
02-05-2024,166.6699982,168.5299988,165.6900024,168.4600067,167.4645844,17041100
03-05-2024,169.5399933,169.8500061,164.9799957,168.9900055,167.9914398,22767100
06-05-2024,169.2200012,169.8999939,167.8899994,169.8300018,168.8264923,15147900
07-05-2024,170.1199951,173.4700012,170,172.9799957,171.9578705,21102400
08-05-2024,170.75,171.9089966,170.5220032,171.1600037,170.1486053,14569900
09-05-2024,171.1499939,172.4400024,169.9299927,171.5800018,170.5661316,11937700
10-05-2024,169.6900024,171.3399963,167.9100037,170.2899933,169.2837524,18740500
13-05-2024,165.8470001,170.9499969,165.7599945,170.8999939,169.890152,19648600
14-05-2024,171.5899963,172.7799988,170.4199982,171.9299927,170.9140778,18729500
15-05-2024,172.3000031,174.0460052,172.0299988,173.8800049,172.8525391,20958200
16-05-2024,174.6000061,176.3399963,174.0500031,175.4299927,174.3933716,17247300
17-05-2024,175.5500031,177.4949951,174.9799957,177.2899933,176.2423706,16546400
20-05-2024,177.3099976,179.9499969,177.2250061,178.4600067,177.4054871,17495100
21-05-2024,178.3999939,179.8200073,177.3099976,179.5399933,178.4790802,14706000
22-05-2024,178.3999939,178.852005,176.7799988,178,176.9482117,16189400
23-05-2024,178.7799988,179.9100037,174.5399933,175.0599976,174.0255585,14928400
24-05-2024,176.5200043,177.3040009,175.1999969,176.3300018,175.2880554,11403600
28-05-2024,175.7400055,178.5099945,175.6799927,178.0200043,176.9680634,15655300
29-05-2024,176.8099976,178.2299957,176.2599945,177.3999939,176.3517151,15023800
30-05-2024,176.6900024,176.6900024,173.2299957,173.5599976,172.5344238,18826300
31-05-2024,173.3999939,174.4199982,170.9700012,173.9600067,172.9320831,28085200
03-06-2024,173.8800049,175.8600006,172.4499969,174.4199982,173.3893738,20742800
04-06-2024,174.4499969,175.1900024,173.2200012,175.1300049,174.0951691,14066600
05-06-2024,176.5350037,177.9700012,175.2899933,177.0700073,176.0237122,15233900
06-06-2024,177.4299927,178.7100067,177.2100067,178.3500061,177.2961273,14255800
07-06-2024,178.4600067,179.4199982,175.7899933,175.9499969,174.9102936,14716300
10-06-2024,176.4499969,178.4700012,174.3800049,176.6300049,175.786087,17099800
11-06-2024,177.7200012,178.3899994,175.4400024,178.1900024,177.3386383,14402400
12-06-2024,179.75,182.0800018,177.7799988,179.5599976,178.7020874,18600400
13-06-2024,177.8399963,178.5099945,176.6600037,176.7400055,175.8955688,15956900
14-06-2024,175.852005,178.7299957,175.852005,178.3699951,177.5177917,12361600
17-06-2024,176.9799957,179.9199982,176.4900055,178.7799988,177.9258118,15272900
18-06-2024,178.7899933,178.9100037,175.6199951,176.4499969,175.6069641,15640300
20-06-2024,176.7100067,178.7400055,176.4600067,177.7100067,176.8609467,16753200
21-06-2024,178.4900055,182.5119934,178.0599976,180.2599945,179.3987427,58903200
24-06-2024,181.2799988,182.0800018,180.2299957,180.7899933,179.9262238,18198300
25-06-2024,181.1450043,185.75,181.1049957,185.5800018,184.6933441,18797000
26-06-2024,184.1999969,185.9299927,183.9900055,185.3699951,184.4843292,13375700
27-06-2024,185.6450043,187.5,185.4499969,186.8600006,185.9672089,13025700
28-06-2024,185.7200012,186.5800018,183.3249969,183.4199982,182.5436554,23032400
01-07-2024,184.4799957,185.3399963,182.7299957,184.4900055,183.608551,11815900
02-07-2024,183.4700012,186.9499969,183.0599976,186.6100006,185.7184296,12555500
03-07-2024,186.3000031,187.6199951,185.3849945,187.3899994,186.4946899,7409100
05-07-2024,187.3200073,192.2599945,187.3200073,191.9600067,191.0428619,14303400
08-07-2024,191.3650055,191.6790009,189.3200073,190.4799957,189.5699158,12097600
09-07-2024,191.75,192.8600006,190.2299957,190.4400024,189.5301056,10198500
10-07-2024,190.75,193.3099976,190.6199951,192.6600037,191.7395172,12052900
11-07-2024,191.3399963,192.4100037,186.8200073,187.3000031,186.4051208,16452000
12-07-2024,186.9199982,188.6900024,186.1399994,186.7799988,185.8875885,14449100
15-07-2024,186.4900055,189.8999939,186.4900055,188.1900024,187.290863,12186000
16-07-2024,188.9600067,190.3399963,185.1199951,185.5,184.6137238,12760100
17-07-2024,184.6799927,185.2299957,181.6199951,182.6199951,181.7474823,17376600
18-07-2024,183.5399933,184.0500031,178.2100067,179.2200012,178.363739,17877200
19-07-2024,180.3699951,181.9700012,178.8600006,179.3899994,178.5329132,14485900
22-07-2024,182.3500061,184.3000031,181.8999939,183.3500061,182.4739838,16303900
23-07-2024,183.8399963,185.2200012,183.3300018,183.6000061,182.7228088,23772600
24-07-2024,175.3899994,177.9499969,173.5700073,174.3699951,173.5368958,31250700
25-07-2024,174.25,175.1999969,169.0500031,169.1600037,168.3517914,28967900
26-07-2024,168.7700043,169.8399963,165.8650055,168.6799927,167.8740845,25150100
29-07-2024,170.5,172.1600037,169.7200012,171.1300049,170.3123932,13768900
30-07-2024,171.8300018,172.9499969,170.1199951,171.8600006,171.0388794,13681400
31-07-2024,174.9199982,175.9100037,171.7200012,173.1499939,172.3227234,15650200
01-08-2024,171.9799957,175.6799927,170.5099945,172.4499969,171.6260681,17177800
02-08-2024,168.1900024,170.2100067,166.3899994,168.3999939,167.5954132,18907800
05-08-2024,157.3699951,165.9400024,156.6000061,160.6399994,159.8724823,34907800
06-08-2024,160.9450073,162.3500061,158.1300049,160.5399933,159.7729645,36146500
07-08-2024,163.2400055,164.7899933,160.2400055,160.75,159.9819641,19334200
08-08-2024,162.3439941,165.5,162.0299988,163.8399963,163.0572052,15733600
09-08-2024,161.6450043,165.5200043,160.9299927,165.3899994,164.5998077,13549200
12-08-2024,165.9949951,166.6999969,163.5500031,163.9499969,163.166687,12435000
13-08-2024,165.1849976,166.5399933,164.7700043,165.9299927,165.137207,12717600
14-08-2024,164.2100067,164.9600067,159.5299988,162.0299988,161.2558594,22515900
15-08-2024,162.2100067,163.5200043,161.4900055,163.1699982,162.3904114,18392500
16-08-2024,163.4100037,166.9499969,163.0800018,164.7400055,163.9529114,16853100
19-08-2024,167,168.4700012,166.0899963,168.3999939,167.5954132,13100800
20-08-2024,168.7400055,170.4100037,168.6600037,168.9600067,168.1527557,12622500
21-08-2024,166.9900055,168.6399994,166.5700073,167.6300049,166.8291016,15269600
22-08-2024,169.0399933,169.4199982,165.0299988,165.4900055,164.6993256,19123800
23-08-2024,166.5500031,167.9499969,165.6600037,167.4299927,166.6300507,14281600
26-08-2024,168.1549988,169.3800049,166.3200073,167.9299927,167.127655,11990300
27-08-2024,167.6100006,168.2449951,166.1600037,166.3800049,165.585083,13718200
28-08-2024,166.7799988,167.3899994,163.2799988,164.5,163.7140503,15208700
29-08-2024,166.0599976,167.6300049,161.9819946,163.3999939,162.6193085,17133800
30-08-2024,164.2200012,165.2799988,163.4100037,165.1100006,164.3211365,18498800
03-09-2024,163.3150024,163.3800049,157.8549957,158.6100006,157.8522034,26533100
04-09-2024,158.0749969,160.3999939,157.4400024,157.8099976,157.056015,17410700
05-09-2024,157.7799988,161.0149994,157.5200043,158.6000061,157.8422394,14139500
06-09-2024,158.6900024,159.2200012,151.9349976,152.1300049,151.4031525,24999100
09-09-2024,153.6300049,154.6399994,148.1999969,149.5399933,149.0214233,28057700
10-09-2024,151.4499969,152.3000031,149.5429993,150.0099945,149.4897919,20401800
11-09-2024,151.0899963,152.4799957,148.6999969,152.1499939,151.6223907,18991500
12-09-2024,154.8099976,155.6100006,153.5,155.5399933,155.0006256,20980800
13-09-2024,156.3619995,159.2749939,156.1100006,158.3699951,157.8208008,16733900
16-09-2024,158.3300018,159.2400055,157.6100006,158.9900055,158.4386749,14157600
17-09-2024,160.0899963,161.5899963,159.4100037,160.2799988,159.7241974,12064800
18-09-2024,160.8500061,161.6300049,159.6600037,160.8099976,160.2523499,16756500
19-09-2024,164.8200073,164.9900055,162.5220032,163.2400055,162.6739197,17548200
20-09-2024,164.5200043,164.75,163.1799927,164.6399994,164.0690613,46362700
23-09-2024,165.3399963,166.6100006,162.9499969,163.0700073,162.5045319,15648400
24-09-2024,164.25,164.5500031,162.0299988,163.6399994,163.0725555,18774100
25-09-2024,162.9700012,164.2169952,162.7749939,162.9900055,162.4248047,13607900
26-09-2024,165.0299988,165.5,163.5,163.8300018,163.2618866,18234500
27-09-2024,163.9100037,166.9700012,163.8300018,165.2899933,164.7168121,13604300
30-09-2024,164.7799988,167.3600006,164.6399994,167.1900024,166.6102448,14070100
01-10-2024,168.8600006,170.4400024,165.8999939,168.4199982,167.835968,18629500
02-10-2024,167.7599945,168.8800049,166.25,167.3099976,166.7298126,12745000
03-10-2024,165.8200073,167.9100037,165.3699951,167.2100067,166.6301727,11004300
04-10-2024,169.3399963,169.5500031,166.9600067,168.5599976,167.9754791,11422100
07-10-2024,169.1399994,169.8999939,164.1300049,164.3899994,163.8199463,14034700
08-10-2024,165.4299927,166.1000061,164.3099976,165.6999969,165.1253967,11723900
09-10-2024,164.8549957,166.2599945,161.1199951,163.0599976,162.4945526,19666400
10-10-2024,162.1100006,164.3110046,161.6399994,163.1799927,162.6141357,12900500
11-10-2024,163.3300018,165.2700043,162.5,164.5200043,163.9494934,10946000
14-10-2024,164.9100037,167.6199951,164.7799988,166.3500061,165.7731628,9981800
15-10-2024,167.1399994,169.0899963,166.0500031,166.8999939,166.321228,14829300
16-10-2024,166.0299988,167.2799988,165.2160034,166.7400055,166.1618042,9968500
17-10-2024,167.3800049,167.9299927,164.3699951,164.5099945,163.9395142,15113400
18-10-2024,164.8699951,166.3699951,164.75,165.0500031,164.4776611,13091300
21-10-2024,164.5800018,166.2200012,164.3049927,165.8000031,165.2250671,11384000
22-10-2024,164.6999969,167.4700012,164.6699982,166.8200073,166.2415314,11958600
23-10-2024,166.4299927,167.6000061,163.6329956,164.4799957,163.9096222,12754300
24-10-2024,164.5899963,165.0500031,162.7700043,164.5299988,163.9594574,12764400
25-10-2024,165.3650055,167.3999939,165.2299957,166.9900055,166.4109192,14566400
28-10-2024,170.5899963,170.6060028,165.7899933,168.3399963,167.7562408,20858300
29-10-2024,169.3849945,171.8600006,168.6600037,171.1399994,170.5465393,28916100
30-10-2024,182.4100037,183.7899933,175.7449951,176.1399994,175.5291901,49698300
31-10-2024,174.7200012,178.4199982,172.5599976,172.6900024,172.0911713,32801900
01-11-2024,171.5399933,173.8200073,170.3099976,172.6499939,172.0513,21752900
04-11-2024,171.2400055,171.9199982,169.4850006,170.6799927,170.0881195,16194000
05-11-2024,170.8300018,172.0970001,170.3699951,171.4100037,170.8156128,12518300
06-11-2024,175.3500061,178.6399994,175.0399933,178.3300018,177.7115936,27061500
07-11-2024,179.1100006,182.5800018,178.8899994,182.2799988,181.6479034,16730400
08-11-2024,182,182.3500061,179.5700073,179.8600006,179.2362976,15021500
11-11-2024,180.0700073,182.0850067,179.9900055,181.9700012,181.338974,12503400
12-11-2024,181.3800049,184.0249939,180.9900055,183.3200073,182.6842957,14065800
13-11-2024,182.1499939,182.6150055,180.1199951,180.4900055,179.8641205,13969700
14-11-2024,179.75,180.4450073,176.0299988,177.3500061,176.7350006,17925800
15-11-2024,175.6399994,175.8800049,172.7449951,173.8899994,173.2869873,21708900
18-11-2024,174.9550018,176.9100037,174.4199982,176.8000031,176.1869049,18662800
19-11-2024,175.2350006,180.1699982,175.1159973,179.5800018,178.9572754,15392900
20-11-2024,178.8300018,179.1100006,175.3300018,177.3300018,176.7150726,15729800
21-11-2024,175.4550018,175.5800018,165.3099976,169.2400055,168.6531372,38839400
22-11-2024,167.1600037,168.2649994,165.7100067,166.5700073,165.9923706,24497000
25-11-2024,167.9900055,170.4600067,167.3999939,169.4299927,168.842453,21395700
26-11-2024,169.4900055,171.4949951,169.4299927,170.6199951,170.0283356,14937500
27-11-2024,170.6799927,171.1399994,169.6699982,170.8200073,170.2276611,12433400
29-11-2024,170.0599976,170.8699951,168.75,170.4900055,169.8987885,9250700
02-12-2024,170.3200073,173.6000061,170.2700043,172.9799957,172.3801575,16593400
03-12-2024,173.1199951,174.3200073,172.5099945,173.0200043,172.4200287,15721500
04-12-2024,172.7799988,176.4299927,172.75,176.0899963,175.4793549,18239800
05-12-2024,177.3200073,177.7100067,174.0099945,174.3099976,173.7055359,16145500
06-12-2024,173.8800049,176.8390045,173.5500031,176.4900055,175.8779907,13319500
09-12-2024,175.7149963,178.0399933,175.3999939,177.1000061,176.6860962,19887800
10-12-2024,184.5350037,188.0299988,182.6699982,186.5299988,186.0940552,34317400
11-12-2024,186.6999969,196.8899994,186.2599945,196.7100067,196.2502594,41664500
12-12-2024,196.3000031,196.7050018,193.2799988,193.6300049,193.1774597,25197800
13-12-2024,192.7100067,194.3399963,191.2599945,191.3800049,190.9327087,18883200
16-12-2024,194.3650055,200.6399994,194.1100006,198.1600037,197.6968689,32248600
17-12-2024,198.5299988,202.8800049,196.6900024,197.1199951,196.6593018,24129500
18-12-2024,196.8300018,198.6900024,189.2799988,190.1499939,189.7055817,27638400
19-12-2024,193.2799988,194.6000061,189.5200043,189.6999969,189.2566376,26981200
20-12-2024,187.0099945,194.1349945,186.3699951,192.9600067,192.5090332,45319700
23-12-2024,194.0299988,196.4900055,191.6300049,195.9900055,195.5319519,15235900
24-12-2024,196.1699982,197.6699982,195.197998,197.5700073,197.1082458,6809800
26-12-2024,196.7400055,198.1600037,195.8699951,197.1000061,196.6393433,7907900
27-12-2024,196.4700012,196.8000031,191.9720001,194.0399933,193.5864868,14693000
30-12-2024,190.8650055,193.7799988,190.3600006,192.6900024,192.2396545,12209500
31-12-2024,192.4450073,193.25,189.5800018,190.4400024,189.9949036,14355200
02-01-2025,191.4850006,193.1999969,188.7100067,190.6300049,190.1844635,17545200
03-01-2025,192.7250061,194.5,191.3500061,193.1300049,192.6786346,12875000
06-01-2025,195.1499939,199.5599976,195.0599976,197.9600067,197.497345,19483300
07-01-2025,198.2700043,202.1399994,195.9400024,196.7100067,196.2502594,16966800
08-01-2025,193.9499969,197.6399994,193.75,195.3899994,194.9333496,14335300
10-01-2025,195.4199982,197.6199951,191.6000061,193.1699982,192.7185211,20753800
13-01-2025,191.3500061,192.4900055,188.6600037,192.2899933,191.8405914,13169100
14-01-2025,192.5,193.2700043,189.6399994,191.0500031,190.6034851,13651200
15-01-2025,194.3500061,197.8000031,193.3300018,196.9799957,196.5196228,12894900
16-01-2025,195.8249969,196.9799957,194.3000031,194.4100037,193.9556427,13449600
17-01-2025,198.0500031,198.8099976,195.3099976,197.5500031,197.0883026,22109100
21-01-2025,200.5099945,203.8399963,199.4400024,199.6300049,199.1634369,19005200
22-01-2025,200.5500031,202.1199951,199.1999969,200.0299988,199.5625,15477400
23-01-2025,199.9799957,201.9400024,196.8200073,199.5800018,199.1135559,15170800
24-01-2025,199.8500061,202.5700073,199.7839966,201.8999939,201.4281311,12732400
27-01-2025,194.1900024,198.6699982,192.6999969,193.7700043,193.3171234,24970200
28-01-2025,194.6499939,197.2299957,192.6100006,197.0700073,196.609436,15939200
29-01-2025,197.3699951,198.4600067,195.1900024,197.1799927,196.7191467,12287800
30-01-2025,199.7599945,203.2380066,199.4720001,202.6300049,202.1564178,14571500
31-01-2025,203.7149963,207.0800018,203.5800018,205.6000061,205.1194763,17060300
03-02-2025,202.2149963,205.2200012,201.6600037,202.6399994,202.1663971,16719500
04-02-2025,204.5,208.6999969,204.2599945,207.7100067,207.2245483,28285400
05-02-2025,193.1000061,194.5500031,189.9100037,193.3000031,192.8482208,43666400
06-02-2025,190.9900055,193.8300018,190.4900055,193.3099976,192.8582001,20816600
07-02-2025,192.7400055,193.0149994,185.1000061,187.1399994,186.7026215,29565700
10-02-2025,189.0599976,189.9900055,187.6100006,188.1999969,187.7601318,16606000
11-02-2025,186.8350067,188.8000031,186.0800018,187.0700073,186.632782,13028100
12-02-2025,185.2299957,186.8300018,183.6300049,185.4299927,184.9966125,17632300
13-02-2025,185.9299927,187.9900055,184.8800049,187.8800049,187.4409027,12729300
14-02-2025,186.8300018,188.1499939,186.1100006,186.8699951,186.4332428,12714200
18-02-2025,187.4400024,187.7799988,183.5800018,185.8000031,185.3657532,19796000
19-02-2025,186.1849976,187.3600006,185.5,187.1300049,186.6926575,13120500
20-02-2025,186.5,187.1199951,184.6000061,186.6399994,186.2037811,12063800
21-02-2025,187.2899933,187.4700012,181.1300049,181.5800018,181.1556091,19520800
24-02-2025,183.8000031,185.0899963,180.8800049,181.1900024,180.7665253,18734000
25-02-2025,180.1549988,180.7599945,176.7700043,177.3699951,176.9554596,20832500
26-02-2025,176.9450073,178.0800018,173.5899963,174.6999969,174.2917023,23637200
27-02-2025,175.9400024,176.5899963,169.7519989,170.2100067,169.8121948,25930500
28-02-2025,170.3000031,172.5,168.3899994,172.2200012,171.8175049,30049800
03-03-2025,173.7299957,175,167.6399994,168.6600037,168.2658234,24122000
04-03-2025,167.9400024,175.1649933,167.5399933,172.6100006,172.2065887,30711400
05-03-2025,172.3200073,175.75,170.9299927,174.9900055,174.5810242,18848000
06-03-2025,172.5500031,176.7299957,172.5079956,174.2100067,173.8028412,19082400
07-03-2025,173.2420044,176.8999939,172.25,175.75,175.3392487,16395300
10-03-2025,170.1600037,170.4499969,165.5650024,167.8099976,167.6085358,28990700
11-03-2025,166.6799927,168.6549988,163.2400055,165.9799957,165.7807312,23705900
12-03-2025,168.4700012,169.5299988,165.4799957,169,168.7971039,19880100
13-03-2025,167.9799957,168.1199951,164.0700073,164.7299957,164.5322266,15206200
14-03-2025,165.3150024,168.25,164.5099945,167.6199951,167.4187622,18611100
17-03-2025,167.3249969,168.4600067,165.8099976,166.5700073,166.3700256,17839100
18-03-2025,165.9600067,166.4400024,158.8000031,162.6699982,162.4747009,24616800
19-03-2025,163.9149933,168.1329956,163.0500031,166.2799988,166.080368,24955700
20-03-2025,163.8249969,167.0299988,163.1399994,165.0500031,164.8518524,19981500
21-03-2025,163.3800049,166.4700012,163.0299988,166.25,166.050415,29882100
24-03-2025,169.2649994,170.5,167.4400024,169.9299927,169.7259827,18742800
25-03-2025,171.1799927,172.9100037,170.5500031,172.7899933,172.58255,13841600
26-03-2025,171.3000031,171.9400024,166.8609924,167.1399994,166.9393311,22498000
27-03-2025,166.7100067,167.4400024,163.8500061,164.0800018,163.8830109,21571200
28-03-2025,162.3600006,163.8099976,155.3390045,156.0599976,155.8726349,34866500
31-03-2025,154.8099976,157.1300049,152.2100067,156.2299957,156.0424347,33591600
01-04-2025,155.3000031,160.0800018,155.2550049,158.8800049,158.6892548,20111400
02-04-2025,156.9600067,160.2749939,156.5299988,158.8600006,158.669281,17113300
03-04-2025,152.8350067,154.6869965,152.1799927,152.6300049,152.4467621,28416100
04-04-2025,149.8999939,153.0899963,147.5399933,147.7400055,147.5626373,39832200
07-04-2025,143.3899994,154.9299927,142.6600037,149.2400055,149.0608368,47823000
08-04-2025,153.5749969,154.4400024,145.2100067,146.5800018,146.4040222,35304400
09-04-2025,146.3300018,161.8699951,145.8099976,161.0599976,160.8666382,46479500
10-04-2025,158.7599945,160.0299988,152.1999969,155.3699951,155.1834717,35270500
11-04-2025,155.5850067,159.8600006,155.5850067,159.3999939,159.2086182,22582000
14-04-2025,162.3099976,164.0299988,159.9199982,161.4700012,161.2761536,18255900
15-04-2025,161.5700073,162.0500031,157.6450043,158.6799927,158.4894867,15690800
16-04-2025,155.4700012,158.1799927,153.9100037,155.5,155.3133087,16921500
17-04-2025,156.6100006,157.0700073,150.8999939,153.3600006,153.1758881,19513400
21-04-2025,150.9649963,151.0599976,148.3999939,149.8600006,149.6800842,16147800
22-04-2025,151.0700073,154.6100006,150.8699951,153.8999939,153.7152252,15910300
23-04-2025,157.9100037,160.0200043,156.3500061,157.7200012,157.5306549,18575700
24-04-2025,158.5249939,161.7100067,158.0899963,161.4700012,161.2761536,30787500
25-04-2025,167.1000061,168.2400055,163,163.8500061,163.6532898,35148100
28-04-2025,164.2599945,164.9499969,160.3800049,162.4199982,162.2250061,20871200
29-04-2025,162.0449982,162.6799927,159.3899994,162.0599976,161.8654327,15955200
30-04-2025,159.8600006,161.3739929,157.1549988,160.8899994,160.6968384,20639500
01-05-2025,162.5200043,163.9400024,160.9299927,162.7899933,162.5945587,21904300
02-05-2025,164.9550018,166.6999969,163.6600037,165.8099976,165.6109314,16844900
05-05-2025,164.5149994,167.1000061,164.4700012,166.0500031,165.850647,15309300
06-05-2025,163.9600067,166.7400055,163.1300049,165.1999969,165.0016632,10691900
07-05-2025,166.0700073,166.9900055,149.4900055,152.8000031,152.6165619,78729800
08-05-2025,155.9199982,157.4100037,154.1000061,155.75,155.5630188,38387500
09-05-2025,155.5500031,156.4299927,153.8300018,154.3800049,154.1946564,22871000
12-05-2025,159.1000061,160.4400024,157.8899994,159.5800018,159.3884125,31884900
13-05-2025,159.9199982,162.0599976,157.5800018,160.8899994,160.6968384,24944300
14-05-2025,161.3099976,168.3399963,160.9299927,166.8099976,166.609726,31769200
15-05-2025,167.1399994,167.5099945,163.8399963,165.3999939,165.201416,22717600
16-05-2025,168.9299927,170.6499939,166.9499969,167.4299927,167.2289886,36271400
19-05-2025,165.7149963,167.9499969,165.4149933,167.8699951,167.668457,21374700
20-05-2025,167.7599945,169.6799927,164.2599945,165.3200073,165.1215363,33563300
21-05-2025,164.9499969,174.5299988,164.8899994,170.0599976,169.855835,45567600
22-05-2025,173.3500061,178.1300049,171.8800049,171.9799957,171.7735291,45024100
23-05-2025,170.2799988,171.2050018,169.2599945,169.5899963,169.3863983,24963600
27-05-2025,171.3000031,174.2899933,171.2100067,173.9799957,173.7711182,24341300
28-05-2025,173.9799957,176.4799957,173.0149994,173.3800049,173.1718597,25999200
29-05-2025,175,175.3999939,171.7799988,172.9600067,172.7523651,21174700
30-05-2025,172.4100037,173.4400024,168.5249939,172.8500061,172.6424866,36258300
02-06-2025,169.0099945,171.0619965,168.6499939,170.3699951,170.165451,24742900
03-06-2025,168.8650055,169.8000031,166.6799927,167.7100067,167.508667,25386700
04-06-2025,168.2799988,169.5800018,167.7949982,169.3899994,169.1866302,18508700
05-06-2025,171.6199951,172.3600006,169.3500061,169.8099976,169.6061249,25375400
06-06-2025,172.3000031,175.8300018,172.3000031,174.9199982,174.7099915,22258100
09-06-2025,175.8699951,177.9149933,175.6600037,177.6300049,177.6300049,18817600
10-06-2025,177.7599945,182.4450073,176.4750061,180.0099945,180.0099945,32908000
11-06-2025,181.2299957,181.75,178,178.7899933,178.7899933,18994400
12-06-2025,177.4799957,178.1300049,176.1100006,176.9700012,176.9700012,17345900
13-06-2025,173.5800018,178.3430023,173.5700073,175.8800049,175.8800049,20873200
16-06-2025,175.9049988,178.2449951,175.8200073,177.9400024,177.9400024,18132500
17-06-2025,177,178.7149963,175.9400024,177.2299957,177.2299957,17656100
18-06-2025,177.2799988,177.8240051,172.8399963,173.9799957,173.9799957,32531800
20-06-2025,174.8650055,175.3650055,166.2700043,167.7299957,167.7299957,55402600
23-06-2025,167.3200073,168.4799957,163.3300018,166.0099945,166.0099945,36975600
24-06-2025,167.6849976,169.25,166.9100037,167.7400055,167.7400055,27310300
25-06-2025,168.6499939,173.3600006,168.5610046,171.4900055,171.4900055,23627400
26-06-2025,173.3849945,174.6499939,170.8600006,174.4299927,174.4299927,25909100
27-06-2025,174.6300049,178.8399963,172.7100067,178.2700043,178.2700043,74053100
30-06-2025,180.7850037,181.5800018,175.5,177.3899994,177.3899994,43964600
01-07-2025,176.8049927,177.2200012,174.6600037,176.9100037,176.9100037,25778500
02-07-2025,176.5449982,179.9349976,176.0899963,179.7599945,179.7599945,19325900
03-07-2025,179.8200073,180.7700043,178.1900024,180.5500031,180.5500031,13287400
07-07-2025,180.1349945,180.3399963,176.6399994,177.5599976,177.5599976,20991400
08-07-2025,178.7799988,178.7899933,173.9199982,175.1600037,175.1600037,24108600
09-07-2025,176.1100006,180.2799988,173.8800049,177.6600037,177.6600037,31288000
10-07-2025,176.6699982,179.5899963,175.7400055,178.6999969,178.6999969,24693700
11-07-2025,177.9100037,182.6100006,177.5410004,181.3099976,181.3099976,23975700
14-07-2025,182.0700073,184.7299957,180.7109985,182.8099976,182.8099976,20990400
15-07-2025,183.9400024,185.4100037,182.3899994,183.1000061,183.1000061,23911600
16-07-2025,184.3200073,185.3350067,183.0800018,183.7700043,183.7700043,21152600
17-07-2025,183.1150055,185.1869965,181.5,184.6999969,184.6999969,21654400
18-07-2025,186.6199951,187.3600006,184.7299957,185.9400024,185.9400024,21033400
21-07-2025,187.1000061,191.2599945,187.0500031,191.1499939,191.1499939,24665000
22-07-2025,192.4199982,193.3600006,188.4949951,192.1100006,192.1100006,26212900
23-07-2025,192.3600006,193.3600006,190.1799927,191.5099945,191.5099945,34068100
24-07-2025,198.1100006,198.9700012,191.9499969,193.1999969,193.1999969,45252100
25-07-2025,192.9299927,195.2749939,192.1300049,194.0800018,194.0800018,31101800
28-07-2025,194.4100037,194.8200073,191.8549957,193.4199982,193.4199982,25553500
29-07-2025,193.3000031,196.6600037,192.9900055,196.4299927,196.4299927,31891600
30-07-2025,196.3000031,198.4799957,195.5599976,197.4400024,197.4400024,21150500
31-07-2025,196.6000061,196.8300018,192.0800018,192.8600006,192.8600006,27852000
01-08-2025,189.7799988,191.6179962,188.6999969,189.9499969,189.9499969,21236700
04-08-2025,191.1750031,196.0800018,190.9199982,195.75,195.75,23386000
05-08-2025,195.5449982,198.6999969,194.6750031,195.3200073,195.3200073,19010200
06-08-2025,195.25,197.3800049,194.4669952,196.9199982,196.9199982,15383700
07-08-2025,197.7100067,198.3699951,195.2200012,197.2799988,197.2799988,14660600
08-08-2025,197.9799957,203.4299927,197.8999939,202.0899963,202.0899963,24379900
11-08-2025,201.5549927,202.1600037,199.8000031,201.6300049,201.6300049,16690200
12-08-2025,202.0950012,205.1300049,201.3999939,204.1600037,204.1600037,19854000
13-08-2025,204.9799957,205.4299927,198.6399994,203.0299988,203.0299988,19573000
14-08-2025,202.5599976,205.4199982,202.3249969,203.8200073,203.8200073,17777100
15-08-2025,204.7200012,207.3300018,202.0850067,204.9100037,204.9100037,21111400
18-08-2025,205.0700073,206.1399994,203.4100037,204.2899933,204.2899933,13000200
19-08-2025,203.9049988,204.2899933,200.9299927,202.4900055,202.4900055,13443200
